source_city,target_city,donor_city,donor_rule,canonical_order_hash
Albuquerque,Arlington,Atlanta,first cyclic city after target excluding source and target,f11b278d4d4786ba879a3c1fd50707423d27df4d6be7f681f74b4606e41f2795
Albuquerque,Atlanta,Austin,first cyclic city after target excluding source and target,f11b278d4d4786ba879a3c1fd50707423d27df4d6be7f681f74b4606e41f2795
Albuquerque,Austin,Baltimore,first cyclic city after target excluding source and target,f11b278d4d4786ba879a3c1fd50707423d27df4d6be7f681f74b4606e41f2795
Albuquerque,Baltimore,Boston,first cyclic city after target excluding source and target,f11b278d4d4786ba879a3c1fd50707423d27df4d6be7f681f74b4606e41f2795
Albuquerque,Boston,Charlotte,first cyclic city after target excluding source and target,f11b278d4d4786ba879a3c1fd50707423d27df4d6be7f681f74b4606e41f2795
Albuquerque,Charlotte,Chicago,first cyclic city after target excluding source and target,f11b278d4d4786ba879a3c1fd50707423d27df4d6be7f681f74b4606e41f2795
Albuquerque,Chicago,Colorado_Springs,first cyclic city after target excluding source and target,f11b278d4d4786ba879a3c1fd50707423d27df4d6be7f681f74b4606e41f2795
Albuquerque,Colorado_Springs,Columbus,first cyclic city after target excluding source and target,f11b278d4d4786ba879a3c1fd50707423d27df4d6be7f681f74b4606e41f2795
Albuquerque,Columbus,Dallas,first cyclic city after target excluding source and target,f11b278d4d4786ba879a3c1fd50707423d27df4d6be7f681f74b4606e41f2795
Albuquerque,Dallas,Denver,first cyclic city after target excluding source and target,f11b278d4d4786ba879a3c1fd50707423d27df4d6be7f681f74b4606e41f2795
Albuquerque,Denver,Detroit,first cyclic city after target excluding source and target,f11b278d4d4786ba879a3c1fd50707423d27df4d6be7f681f74b4606e41f2795
Albuquerque,Detroit,El_Paso,first cyclic city after target excluding source and target,f11b278d4d4786ba879a3c1fd50707423d27df4d6be7f681f74b4606e41f2795
Albuquerque,El_Paso,Fort_Worth,first cyclic city after target excluding source and target,f11b278d4d4786ba879a3c1fd50707423d27df4d6be7f681f74b4606e41f2795
Albuquerque,Fort_Worth,Fresno,first cyclic city after target excluding source and target,f11b278d4d4786ba879a3c1fd50707423d27df4d6be7f681f74b4606e41f2795
Albuquerque,Fresno,Houston,first cyclic city after target excluding source and target,f11b278d4d4786ba879a3c1fd50707423d27df4d6be7f681f74b4606e41f2795
Albuquerque,Houston,Indianapolis,first cyclic city after target excluding source and target,f11b278d4d4786ba879a3c1fd50707423d27df4d6be7f681f74b4606e41f2795
Albuquerque,Indianapolis,Jacksonville,first cyclic city after target excluding source and target,f11b278d4d4786ba879a3c1fd50707423d27df4d6be7f681f74b4606e41f2795
Albuquerque,Jacksonville,Kansas_City,first cyclic city after target excluding source and target,f11b278d4d4786ba879a3c1fd50707423d27df4d6be7f681f74b4606e41f2795
Albuquerque,Kansas_City,Las_Vegas,first cyclic city after target excluding source and target,f11b278d4d4786ba879a3c1fd50707423d27df4d6be7f681f74b4606e41f2795
Albuquerque,Las_Vegas,Long_Beach,first cyclic city after target excluding source and target,f11b278d4d4786ba879a3c1fd50707423d27df4d6be7f681f74b4606e41f2795
Albuquerque,Long_Beach,Los_Angeles,first cyclic city after target excluding source and target,f11b278d4d4786ba879a3c1fd50707423d27df4d6be7f681f74b4606e41f2795
Albuquerque,Los_Angeles,Louisville,first cyclic city after target excluding source and target,f11b278d4d4786ba879a3c1fd50707423d27df4d6be7f681f74b4606e41f2795
Albuquerque,Louisville,Memphis,first cyclic city after target excluding source and target,f11b278d4d4786ba879a3c1fd50707423d27df4d6be7f681f74b4606e41f2795
Albuquerque,Memphis,Mesa,first cyclic city after target excluding source and target,f11b278d4d4786ba879a3c1fd50707423d27df4d6be7f681f74b4606e41f2795
Albuquerque,Mesa,Miami,first cyclic city after target excluding source and target,f11b278d4d4786ba879a3c1fd50707423d27df4d6be7f681f74b4606e41f2795
Albuquerque,Miami,Milwaukee,first cyclic city after target excluding source and target,f11b278d4d4786ba879a3c1fd50707423d27df4d6be7f681f74b4606e41f2795
Albuquerque,Milwaukee,Minneapolis,first cyclic city after target excluding source and target,f11b278d4d4786ba879a3c1fd50707423d27df4d6be7f681f74b4606e41f2795
Albuquerque,Minneapolis,Nashville,first cyclic city after target excluding source and target,f11b278d4d4786ba879a3c1fd50707423d27df4d6be7f681f74b4606e41f2795
Albuquerque,Nashville,New_York,first cyclic city after target excluding source and target,f11b278d4d4786ba879a3c1fd50707423d27df4d6be7f681f74b4606e41f2795
Albuquerque,New_York,Oakland,first cyclic city after target excluding source and target,f11b278d4d4786ba879a3c1fd50707423d27df4d6be7f681f74b4606e41f2795
Albuquerque,Oakland,Oklahoma_City,first cyclic city after target excluding source and target,f11b278d4d4786ba879a3c1fd50707423d27df4d6be7f681f74b4606e41f2795
Albuquerque,Oklahoma_City,Omaha,first cyclic city after target excluding source and target,f11b278d4d4786ba879a3c1fd50707423d27df4d6be7f681f74b4606e41f2795
Albuquerque,Omaha,Philadelphia,first cyclic city after target excluding source and target,f11b278d4d4786ba879a3c1fd50707423d27df4d6be7f681f74b4606e41f2795
Albuquerque,Philadelphia,Phoenix,first cyclic city after target excluding source and target,f11b278d4d4786ba879a3c1fd50707423d27df4d6be7f681f74b4606e41f2795
Albuquerque,Phoenix,Portland,first cyclic city after target excluding source and target,f11b278d4d4786ba879a3c1fd50707423d27df4d6be7f681f74b4606e41f2795
Albuquerque,Portland,Raleigh,first cyclic city after target excluding source and target,f11b278d4d4786ba879a3c1fd50707423d27df4d6be7f681f74b4606e41f2795
Albuquerque,Raleigh,Sacramento,first cyclic city after target excluding source and target,f11b278d4d4786ba879a3c1fd50707423d27df4d6be7f681f74b4606e41f2795
Albuquerque,Sacramento,San_Antonio,first cyclic city after target excluding source and target,f11b278d4d4786ba879a3c1fd50707423d27df4d6be7f681f74b4606e41f2795
Albuquerque,San_Antonio,San_Diego,first cyclic city after target excluding source and target,f11b278d4d4786ba879a3c1fd50707423d27df4d6be7f681f74b4606e41f2795
Albuquerque,San_Diego,San_Francisco,first cyclic city after target excluding source and target,f11b278d4d4786ba879a3c1fd50707423d27df4d6be7f681f74b4606e41f2795
Albuquerque,San_Francisco,San_Jose,first cyclic city after target excluding source and target,f11b278d4d4786ba879a3c1fd50707423d27df4d6be7f681f74b4606e41f2795
Albuquerque,San_Jose,Seattle,first cyclic city after target excluding source and target,f11b278d4d4786ba879a3c1fd50707423d27df4d6be7f681f74b4606e41f2795
Albuquerque,Seattle,Tampa,first cyclic city after target excluding source and target,f11b278d4d4786ba879a3c1fd50707423d27df4d6be7f681f74b4606e41f2795
Albuquerque,Tampa,Tucson,first cyclic city after target excluding source and target,f11b278d4d4786ba879a3c1fd50707423d27df4d6be7f681f74b4606e41f2795
Albuquerque,Tucson,Tulsa,first cyclic city after target excluding source and target,f11b278d4d4786ba879a3c1fd50707423d27df4d6be7f681f74b4606e41f2795
Albuquerque,Tulsa,Virginia_Beach,first cyclic city after target excluding source and target,f11b278d4d4786ba879a3c1fd50707423d27df4d6be7f681f74b4606e41f2795
Albuquerque,Virginia_Beach,Washington_DC,first cyclic city after target excluding source and target,f11b278d4d4786ba879a3c1fd50707423d27df4d6be7f681f74b4606e41f2795
Albuquerque,Washington_DC,Wichita,first cyclic city after target excluding source and target,f11b278d4d4786ba879a3c1fd50707423d27df4d6be7f681f74b4606e41f2795
Albuquerque,Wichita,Arlington,first cyclic city after target excluding source and target,f11b278d4d4786ba879a3c1fd50707423d27df4d6be7f681f74b4606e41f2795
Arlington,Albuquerque,Atlanta,first cyclic city after target excluding source and target,f11b278d4d4786ba879a3c1fd50707423d27df4d6be7f681f74b4606e41f2795
Arlington,Atlanta,Austin,first cyclic city after target excluding source and target,f11b278d4d4786ba879a3c1fd50707423d27df4d6be7f681f74b4606e41f2795
Arlington,Austin,Baltimore,first cyclic city after target excluding source and target,f11b278d4d4786ba879a3c1fd50707423d27df4d6be7f681f74b4606e41f2795
Arlington,Baltimore,Boston,first cyclic city after target excluding source and target,f11b278d4d4786ba879a3c1fd50707423d27df4d6be7f681f74b4606e41f2795
Arlington,Boston,Charlotte,first cyclic city after target excluding source and target,f11b278d4d4786ba879a3c1fd50707423d27df4d6be7f681f74b4606e41f2795
Arlington,Charlotte,Chicago,first cyclic city after target excluding source and target,f11b278d4d4786ba879a3c1fd50707423d27df4d6be7f681f74b4606e41f2795
Arlington,Chicago,Colorado_Springs,first cyclic city after target excluding source and target,f11b278d4d4786ba879a3c1fd50707423d27df4d6be7f681f74b4606e41f2795
Arlington,Colorado_Springs,Columbus,first cyclic city after target excluding source and target,f11b278d4d4786ba879a3c1fd50707423d27df4d6be7f681f74b4606e41f2795
Arlington,Columbus,Dallas,first cyclic city after target excluding source and target,f11b278d4d4786ba879a3c1fd50707423d27df4d6be7f681f74b4606e41f2795
Arlington,Dallas,Denver,first cyclic city after target excluding source and target,f11b278d4d4786ba879a3c1fd50707423d27df4d6be7f681f74b4606e41f2795
Arlington,Denver,Detroit,first cyclic city after target excluding source and target,f11b278d4d4786ba879a3c1fd50707423d27df4d6be7f681f74b4606e41f2795
Arlington,Detroit,El_Paso,first cyclic city after target excluding source and target,f11b278d4d4786ba879a3c1fd50707423d27df4d6be7f681f74b4606e41f2795
Arlington,El_Paso,Fort_Worth,first cyclic city after target excluding source and target,f11b278d4d4786ba879a3c1fd50707423d27df4d6be7f681f74b4606e41f2795
Arlington,Fort_Worth,Fresno,first cyclic city after target excluding source and target,f11b278d4d4786ba879a3c1fd50707423d27df4d6be7f681f74b4606e41f2795
Arlington,Fresno,Houston,first cyclic city after target excluding source and target,f11b278d4d4786ba879a3c1fd50707423d27df4d6be7f681f74b4606e41f2795
Arlington,Houston,Indianapolis,first cyclic city after target excluding source and target,f11b278d4d4786ba879a3c1fd50707423d27df4d6be7f681f74b4606e41f2795
Arlington,Indianapolis,Jacksonville,first cyclic city after target excluding source and target,f11b278d4d4786ba879a3c1fd50707423d27df4d6be7f681f74b4606e41f2795
Arlington,Jacksonville,Kansas_City,first cyclic city after target excluding source and target,f11b278d4d4786ba879a3c1fd50707423d27df4d6be7f681f74b4606e41f2795
Arlington,Kansas_City,Las_Vegas,first cyclic city after target excluding source and target,f11b278d4d4786ba879a3c1fd50707423d27df4d6be7f681f74b4606e41f2795
Arlington,Las_Vegas,Long_Beach,first cyclic city after target excluding source and target,f11b278d4d4786ba879a3c1fd50707423d27df4d6be7f681f74b4606e41f2795
Arlington,Long_Beach,Los_Angeles,first cyclic city after target excluding source and target,f11b278d4d4786ba879a3c1fd50707423d27df4d6be7f681f74b4606e41f2795
Arlington,Los_Angeles,Louisville,first cyclic city after target excluding source and target,f11b278d4d4786ba879a3c1fd50707423d27df4d6be7f681f74b4606e41f2795
Arlington,Louisville,Memphis,first cyclic city after target excluding source and target,f11b278d4d4786ba879a3c1fd50707423d27df4d6be7f681f74b4606e41f2795
Arlington,Memphis,Mesa,first cyclic city after target excluding source and target,f11b278d4d4786ba879a3c1fd50707423d27df4d6be7f681f74b4606e41f2795
Arlington,Mesa,Miami,first cyclic city after target excluding source and target,f11b278d4d4786ba879a3c1fd50707423d27df4d6be7f681f74b4606e41f2795
Arlington,Miami,Milwaukee,first cyclic city after target excluding source and target,f11b278d4d4786ba879a3c1fd50707423d27df4d6be7f681f74b4606e41f2795
Arlington,Milwaukee,Minneapolis,first cyclic city after target excluding source and target,f11b278d4d4786ba879a3c1fd50707423d27df4d6be7f681f74b4606e41f2795
Arlington,Minneapolis,Nashville,first cyclic city after target excluding source and target,f11b278d4d4786ba879a3c1fd50707423d27df4d6be7f681f74b4606e41f2795
Arlington,Nashville,New_York,first cyclic city after target excluding source and target,f11b278d4d4786ba879a3c1fd50707423d27df4d6be7f681f74b4606e41f2795
Arlington,New_York,Oakland,first cyclic city after target excluding source and target,f11b278d4d4786ba879a3c1fd50707423d27df4d6be7f681f74b4606e41f2795
Arlington,Oakland,Oklahoma_City,first cyclic city after target excluding source and target,f11b278d4d4786ba879a3c1fd50707423d27df4d6be7f681f74b4606e41f2795
Arlington,Oklahoma_City,Omaha,first cyclic city after target excluding source and target,f11b278d4d4786ba879a3c1fd50707423d27df4d6be7f681f74b4606e41f2795
Arlington,Omaha,Philadelphia,first cyclic city after target excluding source and target,f11b278d4d4786ba879a3c1fd50707423d27df4d6be7f681f74b4606e41f2795
Arlington,Philadelphia,Phoenix,first cyclic city after target excluding source and target,f11b278d4d4786ba879a3c1fd50707423d27df4d6be7f681f74b4606e41f2795
Arlington,Phoenix,Portland,first cyclic city after target excluding source and target,f11b278d4d4786ba879a3c1fd50707423d27df4d6be7f681f74b4606e41f2795
Arlington,Portland,Raleigh,first cyclic city after target excluding source and target,f11b278d4d4786ba879a3c1fd50707423d27df4d6be7f681f74b4606e41f2795
Arlington,Raleigh,Sacramento,first cyclic city after target excluding source and target,f11b278d4d4786ba879a3c1fd50707423d27df4d6be7f681f74b4606e41f2795
Arlington,Sacramento,San_Antonio,first cyclic city after target excluding source and target,f11b278d4d4786ba879a3c1fd50707423d27df4d6be7f681f74b4606e41f2795
Arlington,San_Antonio,San_Diego,first cyclic city after target excluding source and target,f11b278d4d4786ba879a3c1fd50707423d27df4d6be7f681f74b4606e41f2795
Arlington,San_Diego,San_Francisco,first cyclic city after target excluding source and target,f11b278d4d4786ba879a3c1fd50707423d27df4d6be7f681f74b4606e41f2795
Arlington,San_Francisco,San_Jose,first cyclic city after target excluding source and target,f11b278d4d4786ba879a3c1fd50707423d27df4d6be7f681f74b4606e41f2795
Arlington,San_Jose,Seattle,first cyclic city after target excluding source and target,f11b278d4d4786ba879a3c1fd50707423d27df4d6be7f681f74b4606e41f2795
Arlington,Seattle,Tampa,first cyclic city after target excluding source and target,f11b278d4d4786ba879a3c1fd50707423d27df4d6be7f681f74b4606e41f2795
Arlington,Tampa,Tucson,first cyclic city after target excluding source and target,f11b278d4d4786ba879a3c1fd50707423d27df4d6be7f681f74b4606e41f2795
Arlington,Tucson,Tulsa,first cyclic city after target excluding source and target,f11b278d4d4786ba879a3c1fd50707423d27df4d6be7f681f74b4606e41f2795
Arlington,Tulsa,Virginia_Beach,first cyclic city after target excluding source and target,f11b278d4d4786ba879a3c1fd50707423d27df4d6be7f681f74b4606e41f2795
Arlington,Virginia_Beach,Washington_DC,first cyclic city after target excluding source and target,f11b278d4d4786ba879a3c1fd50707423d27df4d6be7f681f74b4606e41f2795
Arlington,Washington_DC,Wichita,first cyclic city after target excluding source and target,f11b278d4d4786ba879a3c1fd50707423d27df4d6be7f681f74b4606e41f2795
Arlington,Wichita,Albuquerque,first cyclic city after target excluding source and target,f11b278d4d4786ba879a3c1fd50707423d27df4d6be7f681f74b4606e41f2795
Atlanta,Albuquerque,Arlington,first cyclic city after target excluding source and target,f11b278d4d4786ba879a3c1fd50707423d27df4d6be7f681f74b4606e41f2795
Atlanta,Arlington,Austin,first cyclic city after target excluding source and target,f11b278d4d4786ba879a3c1fd50707423d27df4d6be7f681f74b4606e41f2795
Atlanta,Austin,Baltimore,first cyclic city after target excluding source and target,f11b278d4d4786ba879a3c1fd50707423d27df4d6be7f681f74b4606e41f2795
Atlanta,Baltimore,Boston,first cyclic city after target excluding source and target,f11b278d4d4786ba879a3c1fd50707423d27df4d6be7f681f74b4606e41f2795
Atlanta,Boston,Charlotte,first cyclic city after target excluding source and target,f11b278d4d4786ba879a3c1fd50707423d27df4d6be7f681f74b4606e41f2795
Atlanta,Charlotte,Chicago,first cyclic city after target excluding source and target,f11b278d4d4786ba879a3c1fd50707423d27df4d6be7f681f74b4606e41f2795
Atlanta,Chicago,Colorado_Springs,first cyclic city after target excluding source and target,f11b278d4d4786ba879a3c1fd50707423d27df4d6be7f681f74b4606e41f2795
Atlanta,Colorado_Springs,Columbus,first cyclic city after target excluding source and target,f11b278d4d4786ba879a3c1fd50707423d27df4d6be7f681f74b4606e41f2795
Atlanta,Columbus,Dallas,first cyclic city after target excluding source and target,f11b278d4d4786ba879a3c1fd50707423d27df4d6be7f681f74b4606e41f2795
Atlanta,Dallas,Denver,first cyclic city after target excluding source and target,f11b278d4d4786ba879a3c1fd50707423d27df4d6be7f681f74b4606e41f2795
Atlanta,Denver,Detroit,first cyclic city after target excluding source and target,f11b278d4d4786ba879a3c1fd50707423d27df4d6be7f681f74b4606e41f2795
Atlanta,Detroit,El_Paso,first cyclic city after target excluding source and target,f11b278d4d4786ba879a3c1fd50707423d27df4d6be7f681f74b4606e41f2795
Atlanta,El_Paso,Fort_Worth,first cyclic city after target excluding source and target,f11b278d4d4786ba879a3c1fd50707423d27df4d6be7f681f74b4606e41f2795
Atlanta,Fort_Worth,Fresno,first cyclic city after target excluding source and target,f11b278d4d4786ba879a3c1fd50707423d27df4d6be7f681f74b4606e41f2795
Atlanta,Fresno,Houston,first cyclic city after target excluding source and target,f11b278d4d4786ba879a3c1fd50707423d27df4d6be7f681f74b4606e41f2795
Atlanta,Houston,Indianapolis,first cyclic city after target excluding source and target,f11b278d4d4786ba879a3c1fd50707423d27df4d6be7f681f74b4606e41f2795
Atlanta,Indianapolis,Jacksonville,first cyclic city after target excluding source and target,f11b278d4d4786ba879a3c1fd50707423d27df4d6be7f681f74b4606e41f2795
Atlanta,Jacksonville,Kansas_City,first cyclic city after target excluding source and target,f11b278d4d4786ba879a3c1fd50707423d27df4d6be7f681f74b4606e41f2795
Atlanta,Kansas_City,Las_Vegas,first cyclic city after target excluding source and target,f11b278d4d4786ba879a3c1fd50707423d27df4d6be7f681f74b4606e41f2795
Atlanta,Las_Vegas,Long_Beach,first cyclic city after target excluding source and target,f11b278d4d4786ba879a3c1fd50707423d27df4d6be7f681f74b4606e41f2795
Atlanta,Long_Beach,Los_Angeles,first cyclic city after target excluding source and target,f11b278d4d4786ba879a3c1fd50707423d27df4d6be7f681f74b4606e41f2795
Atlanta,Los_Angeles,Louisville,first cyclic city after target excluding source and target,f11b278d4d4786ba879a3c1fd50707423d27df4d6be7f681f74b4606e41f2795
Atlanta,Louisville,Memphis,first cyclic city after target excluding source and target,f11b278d4d4786ba879a3c1fd50707423d27df4d6be7f681f74b4606e41f2795
Atlanta,Memphis,Mesa,first cyclic city after target excluding source and target,f11b278d4d4786ba879a3c1fd50707423d27df4d6be7f681f74b4606e41f2795
Atlanta,Mesa,Miami,first cyclic city after target excluding source and target,f11b278d4d4786ba879a3c1fd50707423d27df4d6be7f681f74b4606e41f2795
Atlanta,Miami,Milwaukee,first cyclic city after target excluding source and target,f11b278d4d4786ba879a3c1fd50707423d27df4d6be7f681f74b4606e41f2795
Atlanta,Milwaukee,Minneapolis,first cyclic city after target excluding source and target,f11b278d4d4786ba879a3c1fd50707423d27df4d6be7f681f74b4606e41f2795
Atlanta,Minneapolis,Nashville,first cyclic city after target excluding source and target,f11b278d4d4786ba879a3c1fd50707423d27df4d6be7f681f74b4606e41f2795
Atlanta,Nashville,New_York,first cyclic city after target excluding source and target,f11b278d4d4786ba879a3c1fd50707423d27df4d6be7f681f74b4606e41f2795
Atlanta,New_York,Oakland,first cyclic city after target excluding source and target,f11b278d4d4786ba879a3c1fd50707423d27df4d6be7f681f74b4606e41f2795
Atlanta,Oakland,Oklahoma_City,first cyclic city after target excluding source and target,f11b278d4d4786ba879a3c1fd50707423d27df4d6be7f681f74b4606e41f2795
Atlanta,Oklahoma_City,Omaha,first cyclic city after target excluding source and target,f11b278d4d4786ba879a3c1fd50707423d27df4d6be7f681f74b4606e41f2795
Atlanta,Omaha,Philadelphia,first cyclic city after target excluding source and target,f11b278d4d4786ba879a3c1fd50707423d27df4d6be7f681f74b4606e41f2795
Atlanta,Philadelphia,Phoenix,first cyclic city after target excluding source and target,f11b278d4d4786ba879a3c1fd50707423d27df4d6be7f681f74b4606e41f2795
Atlanta,Phoenix,Portland,first cyclic city after target excluding source and target,f11b278d4d4786ba879a3c1fd50707423d27df4d6be7f681f74b4606e41f2795
Atlanta,Portland,Raleigh,first cyclic city after target excluding source and target,f11b278d4d4786ba879a3c1fd50707423d27df4d6be7f681f74b4606e41f2795
Atlanta,Raleigh,Sacramento,first cyclic city after target excluding source and target,f11b278d4d4786ba879a3c1fd50707423d27df4d6be7f681f74b4606e41f2795
Atlanta,Sacramento,San_Antonio,first cyclic city after target excluding source and target,f11b278d4d4786ba879a3c1fd50707423d27df4d6be7f681f74b4606e41f2795
Atlanta,San_Antonio,San_Diego,first cyclic city after target excluding source and target,f11b278d4d4786ba879a3c1fd50707423d27df4d6be7f681f74b4606e41f2795
Atlanta,San_Diego,San_Francisco,first cyclic city after target excluding source and target,f11b278d4d4786ba879a3c1fd50707423d27df4d6be7f681f74b4606e41f2795
Atlanta,San_Francisco,San_Jose,first cyclic city after target excluding source and target,f11b278d4d4786ba879a3c1fd50707423d27df4d6be7f681f74b4606e41f2795
Atlanta,San_Jose,Seattle,first cyclic city after target excluding source and target,f11b278d4d4786ba879a3c1fd50707423d27df4d6be7f681f74b4606e41f2795
Atlanta,Seattle,Tampa,first cyclic city after target excluding source and target,f11b278d4d4786ba879a3c1fd50707423d27df4d6be7f681f74b4606e41f2795
Atlanta,Tampa,Tucson,first cyclic city after target excluding source and target,f11b278d4d4786ba879a3c1fd50707423d27df4d6be7f681f74b4606e41f2795
Atlanta,Tucson,Tulsa,first cyclic city after target excluding source and target,f11b278d4d4786ba879a3c1fd50707423d27df4d6be7f681f74b4606e41f2795
Atlanta,Tulsa,Virginia_Beach,first cyclic city after target excluding source and target,f11b278d4d4786ba879a3c1fd50707423d27df4d6be7f681f74b4606e41f2795
Atlanta,Virginia_Beach,Washington_DC,first cyclic city after target excluding source and target,f11b278d4d4786ba879a3c1fd50707423d27df4d6be7f681f74b4606e41f2795
Atlanta,Washington_DC,Wichita,first cyclic city after target excluding source and target,f11b278d4d4786ba879a3c1fd50707423d27df4d6be7f681f74b4606e41f2795
Atlanta,Wichita,Albuquerque,first cyclic city after target excluding source and target,f11b278d4d4786ba879a3c1fd50707423d27df4d6be7f681f74b4606e41f2795
Austin,Albuquerque,Arlington,first cyclic city after target excluding source and target,f11b278d4d4786ba879a3c1fd50707423d27df4d6be7f681f74b4606e41f2795
Austin,Arlington,Atlanta,first cyclic city after target excluding source and target,f11b278d4d4786ba879a3c1fd50707423d27df4d6be7f681f74b4606e41f2795
Austin,Atlanta,Baltimore,first cyclic city after target excluding source and target,f11b278d4d4786ba879a3c1fd50707423d27df4d6be7f681f74b4606e41f2795
Austin,Baltimore,Boston,first cyclic city after target excluding source and target,f11b278d4d4786ba879a3c1fd50707423d27df4d6be7f681f74b4606e41f2795
Austin,Boston,Charlotte,first cyclic city after target excluding source and target,f11b278d4d4786ba879a3c1fd50707423d27df4d6be7f681f74b4606e41f2795
Austin,Charlotte,Chicago,first cyclic city after target excluding source and target,f11b278d4d4786ba879a3c1fd50707423d27df4d6be7f681f74b4606e41f2795
Austin,Chicago,Colorado_Springs,first cyclic city after target excluding source and target,f11b278d4d4786ba879a3c1fd50707423d27df4d6be7f681f74b4606e41f2795
Austin,Colorado_Springs,Columbus,first cyclic city after target excluding source and target,f11b278d4d4786ba879a3c1fd50707423d27df4d6be7f681f74b4606e41f2795
Austin,Columbus,Dallas,first cyclic city after target excluding source and target,f11b278d4d4786ba879a3c1fd50707423d27df4d6be7f681f74b4606e41f2795
Austin,Dallas,Denver,first cyclic city after target excluding source and target,f11b278d4d4786ba879a3c1fd50707423d27df4d6be7f681f74b4606e41f2795
Austin,Denver,Detroit,first cyclic city after target excluding source and target,f11b278d4d4786ba879a3c1fd50707423d27df4d6be7f681f74b4606e41f2795
Austin,Detroit,El_Paso,first cyclic city after target excluding source and target,f11b278d4d4786ba879a3c1fd50707423d27df4d6be7f681f74b4606e41f2795
Austin,El_Paso,Fort_Worth,first cyclic city after target excluding source and target,f11b278d4d4786ba879a3c1fd50707423d27df4d6be7f681f74b4606e41f2795
Austin,Fort_Worth,Fresno,first cyclic city after target excluding source and target,f11b278d4d4786ba879a3c1fd50707423d27df4d6be7f681f74b4606e41f2795
Austin,Fresno,Houston,first cyclic city after target excluding source and target,f11b278d4d4786ba879a3c1fd50707423d27df4d6be7f681f74b4606e41f2795
Austin,Houston,Indianapolis,first cyclic city after target excluding source and target,f11b278d4d4786ba879a3c1fd50707423d27df4d6be7f681f74b4606e41f2795
Austin,Indianapolis,Jacksonville,first cyclic city after target excluding source and target,f11b278d4d4786ba879a3c1fd50707423d27df4d6be7f681f74b4606e41f2795
Austin,Jacksonville,Kansas_City,first cyclic city after target excluding source and target,f11b278d4d4786ba879a3c1fd50707423d27df4d6be7f681f74b4606e41f2795
Austin,Kansas_City,Las_Vegas,first cyclic city after target excluding source and target,f11b278d4d4786ba879a3c1fd50707423d27df4d6be7f681f74b4606e41f2795
Austin,Las_Vegas,Long_Beach,first cyclic city after target excluding source and target,f11b278d4d4786ba879a3c1fd50707423d27df4d6be7f681f74b4606e41f2795
Austin,Long_Beach,Los_Angeles,first cyclic city after target excluding source and target,f11b278d4d4786ba879a3c1fd50707423d27df4d6be7f681f74b4606e41f2795
Austin,Los_Angeles,Louisville,first cyclic city after target excluding source and target,f11b278d4d4786ba879a3c1fd50707423d27df4d6be7f681f74b4606e41f2795
Austin,Louisville,Memphis,first cyclic city after target excluding source and target,f11b278d4d4786ba879a3c1fd50707423d27df4d6be7f681f74b4606e41f2795
Austin,Memphis,Mesa,first cyclic city after target excluding source and target,f11b278d4d4786ba879a3c1fd50707423d27df4d6be7f681f74b4606e41f2795
Austin,Mesa,Miami,first cyclic city after target excluding source and target,f11b278d4d4786ba879a3c1fd50707423d27df4d6be7f681f74b4606e41f2795
Austin,Miami,Milwaukee,first cyclic city after target excluding source and target,f11b278d4d4786ba879a3c1fd50707423d27df4d6be7f681f74b4606e41f2795
Austin,Milwaukee,Minneapolis,first cyclic city after target excluding source and target,f11b278d4d4786ba879a3c1fd50707423d27df4d6be7f681f74b4606e41f2795
Austin,Minneapolis,Nashville,first cyclic city after target excluding source and target,f11b278d4d4786ba879a3c1fd50707423d27df4d6be7f681f74b4606e41f2795
Austin,Nashville,New_York,first cyclic city after target excluding source and target,f11b278d4d4786ba879a3c1fd50707423d27df4d6be7f681f74b4606e41f2795
Austin,New_York,Oakland,first cyclic city after target excluding source and target,f11b278d4d4786ba879a3c1fd50707423d27df4d6be7f681f74b4606e41f2795
Austin,Oakland,Oklahoma_City,first cyclic city after target excluding source and target,f11b278d4d4786ba879a3c1fd50707423d27df4d6be7f681f74b4606e41f2795
Austin,Oklahoma_City,Omaha,first cyclic city after target excluding source and target,f11b278d4d4786ba879a3c1fd50707423d27df4d6be7f681f74b4606e41f2795
Austin,Omaha,Philadelphia,first cyclic city after target excluding source and target,f11b278d4d4786ba879a3c1fd50707423d27df4d6be7f681f74b4606e41f2795
Austin,Philadelphia,Phoenix,first cyclic city after target excluding source and target,f11b278d4d4786ba879a3c1fd50707423d27df4d6be7f681f74b4606e41f2795
Austin,Phoenix,Portland,first cyclic city after target excluding source and target,f11b278d4d4786ba879a3c1fd50707423d27df4d6be7f681f74b4606e41f2795
Austin,Portland,Raleigh,first cyclic city after target excluding source and target,f11b278d4d4786ba879a3c1fd50707423d27df4d6be7f681f74b4606e41f2795
Austin,Raleigh,Sacramento,first cyclic city after target excluding source and target,f11b278d4d4786ba879a3c1fd50707423d27df4d6be7f681f74b4606e41f2795
Austin,Sacramento,San_Antonio,first cyclic city after target excluding source and target,f11b278d4d4786ba879a3c1fd50707423d27df4d6be7f681f74b4606e41f2795
Austin,San_Antonio,San_Diego,first cyclic city after target excluding source and target,f11b278d4d4786ba879a3c1fd50707423d27df4d6be7f681f74b4606e41f2795
Austin,San_Diego,San_Francisco,first cyclic city after target excluding source and target,f11b278d4d4786ba879a3c1fd50707423d27df4d6be7f681f74b4606e41f2795
Austin,San_Francisco,San_Jose,first cyclic city after target excluding source and target,f11b278d4d4786ba879a3c1fd50707423d27df4d6be7f681f74b4606e41f2795
Austin,San_Jose,Seattle,first cyclic city after target excluding source and target,f11b278d4d4786ba879a3c1fd50707423d27df4d6be7f681f74b4606e41f2795
Austin,Seattle,Tampa,first cyclic city after target excluding source and target,f11b278d4d4786ba879a3c1fd50707423d27df4d6be7f681f74b4606e41f2795
Austin,Tampa,Tucson,first cyclic city after target excluding source and target,f11b278d4d4786ba879a3c1fd50707423d27df4d6be7f681f74b4606e41f2795
Austin,Tucson,Tulsa,first cyclic city after target excluding source and target,f11b278d4d4786ba879a3c1fd50707423d27df4d6be7f681f74b4606e41f2795
Austin,Tulsa,Virginia_Beach,first cyclic city after target excluding source and target,f11b278d4d4786ba879a3c1fd50707423d27df4d6be7f681f74b4606e41f2795
Austin,Virginia_Beach,Washington_DC,first cyclic city after target excluding source and target,f11b278d4d4786ba879a3c1fd50707423d27df4d6be7f681f74b4606e41f2795
Austin,Washington_DC,Wichita,first cyclic city after target excluding source and target,f11b278d4d4786ba879a3c1fd50707423d27df4d6be7f681f74b4606e41f2795
Austin,Wichita,Albuquerque,first cyclic city after target excluding source and target,f11b278d4d4786ba879a3c1fd50707423d27df4d6be7f681f74b4606e41f2795
Baltimore,Albuquerque,Arlington,first cyclic city after target excluding source and target,f11b278d4d4786ba879a3c1fd50707423d27df4d6be7f681f74b4606e41f2795
Baltimore,Arlington,Atlanta,first cyclic city after target excluding source and target,f11b278d4d4786ba879a3c1fd50707423d27df4d6be7f681f74b4606e41f2795
Baltimore,Atlanta,Austin,first cyclic city after target excluding source and target,f11b278d4d4786ba879a3c1fd50707423d27df4d6be7f681f74b4606e41f2795
Baltimore,Austin,Boston,first cyclic city after target excluding source and target,f11b278d4d4786ba879a3c1fd50707423d27df4d6be7f681f74b4606e41f2795
Baltimore,Boston,Charlotte,first cyclic city after target excluding source and target,f11b278d4d4786ba879a3c1fd50707423d27df4d6be7f681f74b4606e41f2795
Baltimore,Charlotte,Chicago,first cyclic city after target excluding source and target,f11b278d4d4786ba879a3c1fd50707423d27df4d6be7f681f74b4606e41f2795
Baltimore,Chicago,Colorado_Springs,first cyclic city after target excluding source and target,f11b278d4d4786ba879a3c1fd50707423d27df4d6be7f681f74b4606e41f2795
Baltimore,Colorado_Springs,Columbus,first cyclic city after target excluding source and target,f11b278d4d4786ba879a3c1fd50707423d27df4d6be7f681f74b4606e41f2795
Baltimore,Columbus,Dallas,first cyclic city after target excluding source and target,f11b278d4d4786ba879a3c1fd50707423d27df4d6be7f681f74b4606e41f2795
Baltimore,Dallas,Denver,first cyclic city after target excluding source and target,f11b278d4d4786ba879a3c1fd50707423d27df4d6be7f681f74b4606e41f2795
Baltimore,Denver,Detroit,first cyclic city after target excluding source and target,f11b278d4d4786ba879a3c1fd50707423d27df4d6be7f681f74b4606e41f2795
Baltimore,Detroit,El_Paso,first cyclic city after target excluding source and target,f11b278d4d4786ba879a3c1fd50707423d27df4d6be7f681f74b4606e41f2795
Baltimore,El_Paso,Fort_Worth,first cyclic city after target excluding source and target,f11b278d4d4786ba879a3c1fd50707423d27df4d6be7f681f74b4606e41f2795
Baltimore,Fort_Worth,Fresno,first cyclic city after target excluding source and target,f11b278d4d4786ba879a3c1fd50707423d27df4d6be7f681f74b4606e41f2795
Baltimore,Fresno,Houston,first cyclic city after target excluding source and target,f11b278d4d4786ba879a3c1fd50707423d27df4d6be7f681f74b4606e41f2795
Baltimore,Houston,Indianapolis,first cyclic city after target excluding source and target,f11b278d4d4786ba879a3c1fd50707423d27df4d6be7f681f74b4606e41f2795
Baltimore,Indianapolis,Jacksonville,first cyclic city after target excluding source and target,f11b278d4d4786ba879a3c1fd50707423d27df4d6be7f681f74b4606e41f2795
Baltimore,Jacksonville,Kansas_City,first cyclic city after target excluding source and target,f11b278d4d4786ba879a3c1fd50707423d27df4d6be7f681f74b4606e41f2795
Baltimore,Kansas_City,Las_Vegas,first cyclic city after target excluding source and target,f11b278d4d4786ba879a3c1fd50707423d27df4d6be7f681f74b4606e41f2795
Baltimore,Las_Vegas,Long_Beach,first cyclic city after target excluding source and target,f11b278d4d4786ba879a3c1fd50707423d27df4d6be7f681f74b4606e41f2795
Baltimore,Long_Beach,Los_Angeles,first cyclic city after target excluding source and target,f11b278d4d4786ba879a3c1fd50707423d27df4d6be7f681f74b4606e41f2795
Baltimore,Los_Angeles,Louisville,first cyclic city after target excluding source and target,f11b278d4d4786ba879a3c1fd50707423d27df4d6be7f681f74b4606e41f2795
Baltimore,Louisville,Memphis,first cyclic city after target excluding source and target,f11b278d4d4786ba879a3c1fd50707423d27df4d6be7f681f74b4606e41f2795
Baltimore,Memphis,Mesa,first cyclic city after target excluding source and target,f11b278d4d4786ba879a3c1fd50707423d27df4d6be7f681f74b4606e41f2795
Baltimore,Mesa,Miami,first cyclic city after target excluding source and target,f11b278d4d4786ba879a3c1fd50707423d27df4d6be7f681f74b4606e41f2795
Baltimore,Miami,Milwaukee,first cyclic city after target excluding source and target,f11b278d4d4786ba879a3c1fd50707423d27df4d6be7f681f74b4606e41f2795
Baltimore,Milwaukee,Minneapolis,first cyclic city after target excluding source and target,f11b278d4d4786ba879a3c1fd50707423d27df4d6be7f681f74b4606e41f2795
Baltimore,Minneapolis,Nashville,first cyclic city after target excluding source and target,f11b278d4d4786ba879a3c1fd50707423d27df4d6be7f681f74b4606e41f2795
Baltimore,Nashville,New_York,first cyclic city after target excluding source and target,f11b278d4d4786ba879a3c1fd50707423d27df4d6be7f681f74b4606e41f2795
Baltimore,New_York,Oakland,first cyclic city after target excluding source and target,f11b278d4d4786ba879a3c1fd50707423d27df4d6be7f681f74b4606e41f2795
Baltimore,Oakland,Oklahoma_City,first cyclic city after target excluding source and target,f11b278d4d4786ba879a3c1fd50707423d27df4d6be7f681f74b4606e41f2795
Baltimore,Oklahoma_City,Omaha,first cyclic city after target excluding source and target,f11b278d4d4786ba879a3c1fd50707423d27df4d6be7f681f74b4606e41f2795
Baltimore,Omaha,Philadelphia,first cyclic city after target excluding source and target,f11b278d4d4786ba879a3c1fd50707423d27df4d6be7f681f74b4606e41f2795
Baltimore,Philadelphia,Phoenix,first cyclic city after target excluding source and target,f11b278d4d4786ba879a3c1fd50707423d27df4d6be7f681f74b4606e41f2795
Baltimore,Phoenix,Portland,first cyclic city after target excluding source and target,f11b278d4d4786ba879a3c1fd50707423d27df4d6be7f681f74b4606e41f2795
Baltimore,Portland,Raleigh,first cyclic city after target excluding source and target,f11b278d4d4786ba879a3c1fd50707423d27df4d6be7f681f74b4606e41f2795
Baltimore,Raleigh,Sacramento,first cyclic city after target excluding source and target,f11b278d4d4786ba879a3c1fd50707423d27df4d6be7f681f74b4606e41f2795
Baltimore,Sacramento,San_Antonio,first cyclic city after target excluding source and target,f11b278d4d4786ba879a3c1fd50707423d27df4d6be7f681f74b4606e41f2795
Baltimore,San_Antonio,San_Diego,first cyclic city after target excluding source and target,f11b278d4d4786ba879a3c1fd50707423d27df4d6be7f681f74b4606e41f2795
Baltimore,San_Diego,San_Francisco,first cyclic city after target excluding source and target,f11b278d4d4786ba879a3c1fd50707423d27df4d6be7f681f74b4606e41f2795
Baltimore,San_Francisco,San_Jose,first cyclic city after target excluding source and target,f11b278d4d4786ba879a3c1fd50707423d27df4d6be7f681f74b4606e41f2795
Baltimore,San_Jose,Seattle,first cyclic city after target excluding source and target,f11b278d4d4786ba879a3c1fd50707423d27df4d6be7f681f74b4606e41f2795
Baltimore,Seattle,Tampa,first cyclic city after target excluding source and target,f11b278d4d4786ba879a3c1fd50707423d27df4d6be7f681f74b4606e41f2795
Baltimore,Tampa,Tucson,first cyclic city after target excluding source and target,f11b278d4d4786ba879a3c1fd50707423d27df4d6be7f681f74b4606e41f2795
Baltimore,Tucson,Tulsa,first cyclic city after target excluding source and target,f11b278d4d4786ba879a3c1fd50707423d27df4d6be7f681f74b4606e41f2795
Baltimore,Tulsa,Virginia_Beach,first cyclic city after target excluding source and target,f11b278d4d4786ba879a3c1fd50707423d27df4d6be7f681f74b4606e41f2795
Baltimore,Virginia_Beach,Washington_DC,first cyclic city after target excluding source and target,f11b278d4d4786ba879a3c1fd50707423d27df4d6be7f681f74b4606e41f2795
Baltimore,Washington_DC,Wichita,first cyclic city after target excluding source and target,f11b278d4d4786ba879a3c1fd50707423d27df4d6be7f681f74b4606e41f2795
Baltimore,Wichita,Albuquerque,first cyclic city after target excluding source and target,f11b278d4d4786ba879a3c1fd50707423d27df4d6be7f681f74b4606e41f2795
Boston,Albuquerque,Arlington,first cyclic city after target excluding source and target,f11b278d4d4786ba879a3c1fd50707423d27df4d6be7f681f74b4606e41f2795
Boston,Arlington,Atlanta,first cyclic city after target excluding source and target,f11b278d4d4786ba879a3c1fd50707423d27df4d6be7f681f74b4606e41f2795
Boston,Atlanta,Austin,first cyclic city after target excluding source and target,f11b278d4d4786ba879a3c1fd50707423d27df4d6be7f681f74b4606e41f2795
Boston,Austin,Baltimore,first cyclic city after target excluding source and target,f11b278d4d4786ba879a3c1fd50707423d27df4d6be7f681f74b4606e41f2795
Boston,Baltimore,Charlotte,first cyclic city after target excluding source and target,f11b278d4d4786ba879a3c1fd50707423d27df4d6be7f681f74b4606e41f2795
Boston,Charlotte,Chicago,first cyclic city after target excluding source and target,f11b278d4d4786ba879a3c1fd50707423d27df4d6be7f681f74b4606e41f2795
Boston,Chicago,Colorado_Springs,first cyclic city after target excluding source and target,f11b278d4d4786ba879a3c1fd50707423d27df4d6be7f681f74b4606e41f2795
Boston,Colorado_Springs,Columbus,first cyclic city after target excluding source and target,f11b278d4d4786ba879a3c1fd50707423d27df4d6be7f681f74b4606e41f2795
Boston,Columbus,Dallas,first cyclic city after target excluding source and target,f11b278d4d4786ba879a3c1fd50707423d27df4d6be7f681f74b4606e41f2795
Boston,Dallas,Denver,first cyclic city after target excluding source and target,f11b278d4d4786ba879a3c1fd50707423d27df4d6be7f681f74b4606e41f2795
Boston,Denver,Detroit,first cyclic city after target excluding source and target,f11b278d4d4786ba879a3c1fd50707423d27df4d6be7f681f74b4606e41f2795
Boston,Detroit,El_Paso,first cyclic city after target excluding source and target,f11b278d4d4786ba879a3c1fd50707423d27df4d6be7f681f74b4606e41f2795
Boston,El_Paso,Fort_Worth,first cyclic city after target excluding source and target,f11b278d4d4786ba879a3c1fd50707423d27df4d6be7f681f74b4606e41f2795
Boston,Fort_Worth,Fresno,first cyclic city after target excluding source and target,f11b278d4d4786ba879a3c1fd50707423d27df4d6be7f681f74b4606e41f2795
Boston,Fresno,Houston,first cyclic city after target excluding source and target,f11b278d4d4786ba879a3c1fd50707423d27df4d6be7f681f74b4606e41f2795
Boston,Houston,Indianapolis,first cyclic city after target excluding source and target,f11b278d4d4786ba879a3c1fd50707423d27df4d6be7f681f74b4606e41f2795
Boston,Indianapolis,Jacksonville,first cyclic city after target excluding source and target,f11b278d4d4786ba879a3c1fd50707423d27df4d6be7f681f74b4606e41f2795
Boston,Jacksonville,Kansas_City,first cyclic city after target excluding source and target,f11b278d4d4786ba879a3c1fd50707423d27df4d6be7f681f74b4606e41f2795
Boston,Kansas_City,Las_Vegas,first cyclic city after target excluding source and target,f11b278d4d4786ba879a3c1fd50707423d27df4d6be7f681f74b4606e41f2795
Boston,Las_Vegas,Long_Beach,first cyclic city after target excluding source and target,f11b278d4d4786ba879a3c1fd50707423d27df4d6be7f681f74b4606e41f2795
Boston,Long_Beach,Los_Angeles,first cyclic city after target excluding source and target,f11b278d4d4786ba879a3c1fd50707423d27df4d6be7f681f74b4606e41f2795
Boston,Los_Angeles,Louisville,first cyclic city after target excluding source and target,f11b278d4d4786ba879a3c1fd50707423d27df4d6be7f681f74b4606e41f2795
Boston,Louisville,Memphis,first cyclic city after target excluding source and target,f11b278d4d4786ba879a3c1fd50707423d27df4d6be7f681f74b4606e41f2795
Boston,Memphis,Mesa,first cyclic city after target excluding source and target,f11b278d4d4786ba879a3c1fd50707423d27df4d6be7f681f74b4606e41f2795
Boston,Mesa,Miami,first cyclic city after target excluding source and target,f11b278d4d4786ba879a3c1fd50707423d27df4d6be7f681f74b4606e41f2795
Boston,Miami,Milwaukee,first cyclic city after target excluding source and target,f11b278d4d4786ba879a3c1fd50707423d27df4d6be7f681f74b4606e41f2795
Boston,Milwaukee,Minneapolis,first cyclic city after target excluding source and target,f11b278d4d4786ba879a3c1fd50707423d27df4d6be7f681f74b4606e41f2795
Boston,Minneapolis,Nashville,first cyclic city after target excluding source and target,f11b278d4d4786ba879a3c1fd50707423d27df4d6be7f681f74b4606e41f2795
Boston,Nashville,New_York,first cyclic city after target excluding source and target,f11b278d4d4786ba879a3c1fd50707423d27df4d6be7f681f74b4606e41f2795
Boston,New_York,Oakland,first cyclic city after target excluding source and target,f11b278d4d4786ba879a3c1fd50707423d27df4d6be7f681f74b4606e41f2795
Boston,Oakland,Oklahoma_City,first cyclic city after target excluding source and target,f11b278d4d4786ba879a3c1fd50707423d27df4d6be7f681f74b4606e41f2795
Boston,Oklahoma_City,Omaha,first cyclic city after target excluding source and target,f11b278d4d4786ba879a3c1fd50707423d27df4d6be7f681f74b4606e41f2795
Boston,Omaha,Philadelphia,first cyclic city after target excluding source and target,f11b278d4d4786ba879a3c1fd50707423d27df4d6be7f681f74b4606e41f2795
Boston,Philadelphia,Phoenix,first cyclic city after target excluding source and target,f11b278d4d4786ba879a3c1fd50707423d27df4d6be7f681f74b4606e41f2795
Boston,Phoenix,Portland,first cyclic city after target excluding source and target,f11b278d4d4786ba879a3c1fd50707423d27df4d6be7f681f74b4606e41f2795
Boston,Portland,Raleigh,first cyclic city after target excluding source and target,f11b278d4d4786ba879a3c1fd50707423d27df4d6be7f681f74b4606e41f2795
Boston,Raleigh,Sacramento,first cyclic city after target excluding source and target,f11b278d4d4786ba879a3c1fd50707423d27df4d6be7f681f74b4606e41f2795
Boston,Sacramento,San_Antonio,first cyclic city after target excluding source and target,f11b278d4d4786ba879a3c1fd50707423d27df4d6be7f681f74b4606e41f2795
Boston,San_Antonio,San_Diego,first cyclic city after target excluding source and target,f11b278d4d4786ba879a3c1fd50707423d27df4d6be7f681f74b4606e41f2795
Boston,San_Diego,San_Francisco,first cyclic city after target excluding source and target,f11b278d4d4786ba879a3c1fd50707423d27df4d6be7f681f74b4606e41f2795
Boston,San_Francisco,San_Jose,first cyclic city after target excluding source and target,f11b278d4d4786ba879a3c1fd50707423d27df4d6be7f681f74b4606e41f2795
Boston,San_Jose,Seattle,first cyclic city after target excluding source and target,f11b278d4d4786ba879a3c1fd50707423d27df4d6be7f681f74b4606e41f2795
Boston,Seattle,Tampa,first cyclic city after target excluding source and target,f11b278d4d4786ba879a3c1fd50707423d27df4d6be7f681f74b4606e41f2795
Boston,Tampa,Tucson,first cyclic city after target excluding source and target,f11b278d4d4786ba879a3c1fd50707423d27df4d6be7f681f74b4606e41f2795
Boston,Tucson,Tulsa,first cyclic city after target excluding source and target,f11b278d4d4786ba879a3c1fd50707423d27df4d6be7f681f74b4606e41f2795
Boston,Tulsa,Virginia_Beach,first cyclic city after target excluding source and target,f11b278d4d4786ba879a3c1fd50707423d27df4d6be7f681f74b4606e41f2795
Boston,Virginia_Beach,Washington_DC,first cyclic city after target excluding source and target,f11b278d4d4786ba879a3c1fd50707423d27df4d6be7f681f74b4606e41f2795
Boston,Washington_DC,Wichita,first cyclic city after target excluding source and target,f11b278d4d4786ba879a3c1fd50707423d27df4d6be7f681f74b4606e41f2795
Boston,Wichita,Albuquerque,first cyclic city after target excluding source and target,f11b278d4d4786ba879a3c1fd50707423d27df4d6be7f681f74b4606e41f2795
Charlotte,Albuquerque,Arlington,first cyclic city after target excluding source and target,f11b278d4d4786ba879a3c1fd50707423d27df4d6be7f681f74b4606e41f2795
Charlotte,Arlington,Atlanta,first cyclic city after target excluding source and target,f11b278d4d4786ba879a3c1fd50707423d27df4d6be7f681f74b4606e41f2795
Charlotte,Atlanta,Austin,first cyclic city after target excluding source and target,f11b278d4d4786ba879a3c1fd50707423d27df4d6be7f681f74b4606e41f2795
Charlotte,Austin,Baltimore,first cyclic city after target excluding source and target,f11b278d4d4786ba879a3c1fd50707423d27df4d6be7f681f74b4606e41f2795
Charlotte,Baltimore,Boston,first cyclic city after target excluding source and target,f11b278d4d4786ba879a3c1fd50707423d27df4d6be7f681f74b4606e41f2795
Charlotte,Boston,Chicago,first cyclic city after target excluding source and target,f11b278d4d4786ba879a3c1fd50707423d27df4d6be7f681f74b4606e41f2795
Charlotte,Chicago,Colorado_Springs,first cyclic city after target excluding source and target,f11b278d4d4786ba879a3c1fd50707423d27df4d6be7f681f74b4606e41f2795
Charlotte,Colorado_Springs,Columbus,first cyclic city after target excluding source and target,f11b278d4d4786ba879a3c1fd50707423d27df4d6be7f681f74b4606e41f2795
Charlotte,Columbus,Dallas,first cyclic city after target excluding source and target,f11b278d4d4786ba879a3c1fd50707423d27df4d6be7f681f74b4606e41f2795
Charlotte,Dallas,Denver,first cyclic city after target excluding source and target,f11b278d4d4786ba879a3c1fd50707423d27df4d6be7f681f74b4606e41f2795
Charlotte,Denver,Detroit,first cyclic city after target excluding source and target,f11b278d4d4786ba879a3c1fd50707423d27df4d6be7f681f74b4606e41f2795
Charlotte,Detroit,El_Paso,first cyclic city after target excluding source and target,f11b278d4d4786ba879a3c1fd50707423d27df4d6be7f681f74b4606e41f2795
Charlotte,El_Paso,Fort_Worth,first cyclic city after target excluding source and target,f11b278d4d4786ba879a3c1fd50707423d27df4d6be7f681f74b4606e41f2795
Charlotte,Fort_Worth,Fresno,first cyclic city after target excluding source and target,f11b278d4d4786ba879a3c1fd50707423d27df4d6be7f681f74b4606e41f2795
Charlotte,Fresno,Houston,first cyclic city after target excluding source and target,f11b278d4d4786ba879a3c1fd50707423d27df4d6be7f681f74b4606e41f2795
Charlotte,Houston,Indianapolis,first cyclic city after target excluding source and target,f11b278d4d4786ba879a3c1fd50707423d27df4d6be7f681f74b4606e41f2795
Charlotte,Indianapolis,Jacksonville,first cyclic city after target excluding source and target,f11b278d4d4786ba879a3c1fd50707423d27df4d6be7f681f74b4606e41f2795
Charlotte,Jacksonville,Kansas_City,first cyclic city after target excluding source and target,f11b278d4d4786ba879a3c1fd50707423d27df4d6be7f681f74b4606e41f2795
Charlotte,Kansas_City,Las_Vegas,first cyclic city after target excluding source and target,f11b278d4d4786ba879a3c1fd50707423d27df4d6be7f681f74b4606e41f2795
Charlotte,Las_Vegas,Long_Beach,first cyclic city after target excluding source and target,f11b278d4d4786ba879a3c1fd50707423d27df4d6be7f681f74b4606e41f2795
Charlotte,Long_Beach,Los_Angeles,first cyclic city after target excluding source and target,f11b278d4d4786ba879a3c1fd50707423d27df4d6be7f681f74b4606e41f2795
Charlotte,Los_Angeles,Louisville,first cyclic city after target excluding source and target,f11b278d4d4786ba879a3c1fd50707423d27df4d6be7f681f74b4606e41f2795
Charlotte,Louisville,Memphis,first cyclic city after target excluding source and target,f11b278d4d4786ba879a3c1fd50707423d27df4d6be7f681f74b4606e41f2795
Charlotte,Memphis,Mesa,first cyclic city after target excluding source and target,f11b278d4d4786ba879a3c1fd50707423d27df4d6be7f681f74b4606e41f2795
Charlotte,Mesa,Miami,first cyclic city after target excluding source and target,f11b278d4d4786ba879a3c1fd50707423d27df4d6be7f681f74b4606e41f2795
Charlotte,Miami,Milwaukee,first cyclic city after target excluding source and target,f11b278d4d4786ba879a3c1fd50707423d27df4d6be7f681f74b4606e41f2795
Charlotte,Milwaukee,Minneapolis,first cyclic city after target excluding source and target,f11b278d4d4786ba879a3c1fd50707423d27df4d6be7f681f74b4606e41f2795
Charlotte,Minneapolis,Nashville,first cyclic city after target excluding source and target,f11b278d4d4786ba879a3c1fd50707423d27df4d6be7f681f74b4606e41f2795
Charlotte,Nashville,New_York,first cyclic city after target excluding source and target,f11b278d4d4786ba879a3c1fd50707423d27df4d6be7f681f74b4606e41f2795
Charlotte,New_York,Oakland,first cyclic city after target excluding source and target,f11b278d4d4786ba879a3c1fd50707423d27df4d6be7f681f74b4606e41f2795
Charlotte,Oakland,Oklahoma_City,first cyclic city after target excluding source and target,f11b278d4d4786ba879a3c1fd50707423d27df4d6be7f681f74b4606e41f2795
Charlotte,Oklahoma_City,Omaha,first cyclic city after target excluding source and target,f11b278d4d4786ba879a3c1fd50707423d27df4d6be7f681f74b4606e41f2795
Charlotte,Omaha,Philadelphia,first cyclic city after target excluding source and target,f11b278d4d4786ba879a3c1fd50707423d27df4d6be7f681f74b4606e41f2795
Charlotte,Philadelphia,Phoenix,first cyclic city after target excluding source and target,f11b278d4d4786ba879a3c1fd50707423d27df4d6be7f681f74b4606e41f2795
Charlotte,Phoenix,Portland,first cyclic city after target excluding source and target,f11b278d4d4786ba879a3c1fd50707423d27df4d6be7f681f74b4606e41f2795
Charlotte,Portland,Raleigh,first cyclic city after target excluding source and target,f11b278d4d4786ba879a3c1fd50707423d27df4d6be7f681f74b4606e41f2795
Charlotte,Raleigh,Sacramento,first cyclic city after target excluding source and target,f11b278d4d4786ba879a3c1fd50707423d27df4d6be7f681f74b4606e41f2795
Charlotte,Sacramento,San_Antonio,first cyclic city after target excluding source and target,f11b278d4d4786ba879a3c1fd50707423d27df4d6be7f681f74b4606e41f2795
Charlotte,San_Antonio,San_Diego,first cyclic city after target excluding source and target,f11b278d4d4786ba879a3c1fd50707423d27df4d6be7f681f74b4606e41f2795
Charlotte,San_Diego,San_Francisco,first cyclic city after target excluding source and target,f11b278d4d4786ba879a3c1fd50707423d27df4d6be7f681f74b4606e41f2795
Charlotte,San_Francisco,San_Jose,first cyclic city after target excluding source and target,f11b278d4d4786ba879a3c1fd50707423d27df4d6be7f681f74b4606e41f2795
Charlotte,San_Jose,Seattle,first cyclic city after target excluding source and target,f11b278d4d4786ba879a3c1fd50707423d27df4d6be7f681f74b4606e41f2795
Charlotte,Seattle,Tampa,first cyclic city after target excluding source and target,f11b278d4d4786ba879a3c1fd50707423d27df4d6be7f681f74b4606e41f2795
Charlotte,Tampa,Tucson,first cyclic city after target excluding source and target,f11b278d4d4786ba879a3c1fd50707423d27df4d6be7f681f74b4606e41f2795
Charlotte,Tucson,Tulsa,first cyclic city after target excluding source and target,f11b278d4d4786ba879a3c1fd50707423d27df4d6be7f681f74b4606e41f2795
Charlotte,Tulsa,Virginia_Beach,first cyclic city after target excluding source and target,f11b278d4d4786ba879a3c1fd50707423d27df4d6be7f681f74b4606e41f2795
Charlotte,Virginia_Beach,Washington_DC,first cyclic city after target excluding source and target,f11b278d4d4786ba879a3c1fd50707423d27df4d6be7f681f74b4606e41f2795
Charlotte,Washington_DC,Wichita,first cyclic city after target excluding source and target,f11b278d4d4786ba879a3c1fd50707423d27df4d6be7f681f74b4606e41f2795
Charlotte,Wichita,Albuquerque,first cyclic city after target excluding source and target,f11b278d4d4786ba879a3c1fd50707423d27df4d6be7f681f74b4606e41f2795
Chicago,Albuquerque,Arlington,first cyclic city after target excluding source and target,f11b278d4d4786ba879a3c1fd50707423d27df4d6be7f681f74b4606e41f2795
Chicago,Arlington,Atlanta,first cyclic city after target excluding source and target,f11b278d4d4786ba879a3c1fd50707423d27df4d6be7f681f74b4606e41f2795
Chicago,Atlanta,Austin,first cyclic city after target excluding source and target,f11b278d4d4786ba879a3c1fd50707423d27df4d6be7f681f74b4606e41f2795
Chicago,Austin,Baltimore,first cyclic city after target excluding source and target,f11b278d4d4786ba879a3c1fd50707423d27df4d6be7f681f74b4606e41f2795
Chicago,Baltimore,Boston,first cyclic city after target excluding source and target,f11b278d4d4786ba879a3c1fd50707423d27df4d6be7f681f74b4606e41f2795
Chicago,Boston,Charlotte,first cyclic city after target excluding source and target,f11b278d4d4786ba879a3c1fd50707423d27df4d6be7f681f74b4606e41f2795
Chicago,Charlotte,Colorado_Springs,first cyclic city after target excluding source and target,f11b278d4d4786ba879a3c1fd50707423d27df4d6be7f681f74b4606e41f2795
Chicago,Colorado_Springs,Columbus,first cyclic city after target excluding source and target,f11b278d4d4786ba879a3c1fd50707423d27df4d6be7f681f74b4606e41f2795
Chicago,Columbus,Dallas,first cyclic city after target excluding source and target,f11b278d4d4786ba879a3c1fd50707423d27df4d6be7f681f74b4606e41f2795
Chicago,Dallas,Denver,first cyclic city after target excluding source and target,f11b278d4d4786ba879a3c1fd50707423d27df4d6be7f681f74b4606e41f2795
Chicago,Denver,Detroit,first cyclic city after target excluding source and target,f11b278d4d4786ba879a3c1fd50707423d27df4d6be7f681f74b4606e41f2795
Chicago,Detroit,El_Paso,first cyclic city after target excluding source and target,f11b278d4d4786ba879a3c1fd50707423d27df4d6be7f681f74b4606e41f2795
Chicago,El_Paso,Fort_Worth,first cyclic city after target excluding source and target,f11b278d4d4786ba879a3c1fd50707423d27df4d6be7f681f74b4606e41f2795
Chicago,Fort_Worth,Fresno,first cyclic city after target excluding source and target,f11b278d4d4786ba879a3c1fd50707423d27df4d6be7f681f74b4606e41f2795
Chicago,Fresno,Houston,first cyclic city after target excluding source and target,f11b278d4d4786ba879a3c1fd50707423d27df4d6be7f681f74b4606e41f2795
Chicago,Houston,Indianapolis,first cyclic city after target excluding source and target,f11b278d4d4786ba879a3c1fd50707423d27df4d6be7f681f74b4606e41f2795
Chicago,Indianapolis,Jacksonville,first cyclic city after target excluding source and target,f11b278d4d4786ba879a3c1fd50707423d27df4d6be7f681f74b4606e41f2795
Chicago,Jacksonville,Kansas_City,first cyclic city after target excluding source and target,f11b278d4d4786ba879a3c1fd50707423d27df4d6be7f681f74b4606e41f2795
Chicago,Kansas_City,Las_Vegas,first cyclic city after target excluding source and target,f11b278d4d4786ba879a3c1fd50707423d27df4d6be7f681f74b4606e41f2795
Chicago,Las_Vegas,Long_Beach,first cyclic city after target excluding source and target,f11b278d4d4786ba879a3c1fd50707423d27df4d6be7f681f74b4606e41f2795
Chicago,Long_Beach,Los_Angeles,first cyclic city after target excluding source and target,f11b278d4d4786ba879a3c1fd50707423d27df4d6be7f681f74b4606e41f2795
Chicago,Los_Angeles,Louisville,first cyclic city after target excluding source and target,f11b278d4d4786ba879a3c1fd50707423d27df4d6be7f681f74b4606e41f2795
Chicago,Louisville,Memphis,first cyclic city after target excluding source and target,f11b278d4d4786ba879a3c1fd50707423d27df4d6be7f681f74b4606e41f2795
Chicago,Memphis,Mesa,first cyclic city after target excluding source and target,f11b278d4d4786ba879a3c1fd50707423d27df4d6be7f681f74b4606e41f2795
Chicago,Mesa,Miami,first cyclic city after target excluding source and target,f11b278d4d4786ba879a3c1fd50707423d27df4d6be7f681f74b4606e41f2795
Chicago,Miami,Milwaukee,first cyclic city after target excluding source and target,f11b278d4d4786ba879a3c1fd50707423d27df4d6be7f681f74b4606e41f2795
Chicago,Milwaukee,Minneapolis,first cyclic city after target excluding source and target,f11b278d4d4786ba879a3c1fd50707423d27df4d6be7f681f74b4606e41f2795
Chicago,Minneapolis,Nashville,first cyclic city after target excluding source and target,f11b278d4d4786ba879a3c1fd50707423d27df4d6be7f681f74b4606e41f2795
Chicago,Nashville,New_York,first cyclic city after target excluding source and target,f11b278d4d4786ba879a3c1fd50707423d27df4d6be7f681f74b4606e41f2795
Chicago,New_York,Oakland,first cyclic city after target excluding source and target,f11b278d4d4786ba879a3c1fd50707423d27df4d6be7f681f74b4606e41f2795
Chicago,Oakland,Oklahoma_City,first cyclic city after target excluding source and target,f11b278d4d4786ba879a3c1fd50707423d27df4d6be7f681f74b4606e41f2795
Chicago,Oklahoma_City,Omaha,first cyclic city after target excluding source and target,f11b278d4d4786ba879a3c1fd50707423d27df4d6be7f681f74b4606e41f2795
Chicago,Omaha,Philadelphia,first cyclic city after target excluding source and target,f11b278d4d4786ba879a3c1fd50707423d27df4d6be7f681f74b4606e41f2795
Chicago,Philadelphia,Phoenix,first cyclic city after target excluding source and target,f11b278d4d4786ba879a3c1fd50707423d27df4d6be7f681f74b4606e41f2795
Chicago,Phoenix,Portland,first cyclic city after target excluding source and target,f11b278d4d4786ba879a3c1fd50707423d27df4d6be7f681f74b4606e41f2795
Chicago,Portland,Raleigh,first cyclic city after target excluding source and target,f11b278d4d4786ba879a3c1fd50707423d27df4d6be7f681f74b4606e41f2795
Chicago,Raleigh,Sacramento,first cyclic city after target excluding source and target,f11b278d4d4786ba879a3c1fd50707423d27df4d6be7f681f74b4606e41f2795
Chicago,Sacramento,San_Antonio,first cyclic city after target excluding source and target,f11b278d4d4786ba879a3c1fd50707423d27df4d6be7f681f74b4606e41f2795
Chicago,San_Antonio,San_Diego,first cyclic city after target excluding source and target,f11b278d4d4786ba879a3c1fd50707423d27df4d6be7f681f74b4606e41f2795
Chicago,San_Diego,San_Francisco,first cyclic city after target excluding source and target,f11b278d4d4786ba879a3c1fd50707423d27df4d6be7f681f74b4606e41f2795
Chicago,San_Francisco,San_Jose,first cyclic city after target excluding source and target,f11b278d4d4786ba879a3c1fd50707423d27df4d6be7f681f74b4606e41f2795
Chicago,San_Jose,Seattle,first cyclic city after target excluding source and target,f11b278d4d4786ba879a3c1fd50707423d27df4d6be7f681f74b4606e41f2795
Chicago,Seattle,Tampa,first cyclic city after target excluding source and target,f11b278d4d4786ba879a3c1fd50707423d27df4d6be7f681f74b4606e41f2795
Chicago,Tampa,Tucson,first cyclic city after target excluding source and target,f11b278d4d4786ba879a3c1fd50707423d27df4d6be7f681f74b4606e41f2795
Chicago,Tucson,Tulsa,first cyclic city after target excluding source and target,f11b278d4d4786ba879a3c1fd50707423d27df4d6be7f681f74b4606e41f2795
Chicago,Tulsa,Virginia_Beach,first cyclic city after target excluding source and target,f11b278d4d4786ba879a3c1fd50707423d27df4d6be7f681f74b4606e41f2795
Chicago,Virginia_Beach,Washington_DC,first cyclic city after target excluding source and target,f11b278d4d4786ba879a3c1fd50707423d27df4d6be7f681f74b4606e41f2795
Chicago,Washington_DC,Wichita,first cyclic city after target excluding source and target,f11b278d4d4786ba879a3c1fd50707423d27df4d6be7f681f74b4606e41f2795
Chicago,Wichita,Albuquerque,first cyclic city after target excluding source and target,f11b278d4d4786ba879a3c1fd50707423d27df4d6be7f681f74b4606e41f2795
Colorado_Springs,Albuquerque,Arlington,first cyclic city after target excluding source and target,f11b278d4d4786ba879a3c1fd50707423d27df4d6be7f681f74b4606e41f2795
Colorado_Springs,Arlington,Atlanta,first cyclic city after target excluding source and target,f11b278d4d4786ba879a3c1fd50707423d27df4d6be7f681f74b4606e41f2795
Colorado_Springs,Atlanta,Austin,first cyclic city after target excluding source and target,f11b278d4d4786ba879a3c1fd50707423d27df4d6be7f681f74b4606e41f2795
Colorado_Springs,Austin,Baltimore,first cyclic city after target excluding source and target,f11b278d4d4786ba879a3c1fd50707423d27df4d6be7f681f74b4606e41f2795
Colorado_Springs,Baltimore,Boston,first cyclic city after target excluding source and target,f11b278d4d4786ba879a3c1fd50707423d27df4d6be7f681f74b4606e41f2795
Colorado_Springs,Boston,Charlotte,first cyclic city after target excluding source and target,f11b278d4d4786ba879a3c1fd50707423d27df4d6be7f681f74b4606e41f2795
Colorado_Springs,Charlotte,Chicago,first cyclic city after target excluding source and target,f11b278d4d4786ba879a3c1fd50707423d27df4d6be7f681f74b4606e41f2795
Colorado_Springs,Chicago,Columbus,first cyclic city after target excluding source and target,f11b278d4d4786ba879a3c1fd50707423d27df4d6be7f681f74b4606e41f2795
Colorado_Springs,Columbus,Dallas,first cyclic city after target excluding source and target,f11b278d4d4786ba879a3c1fd50707423d27df4d6be7f681f74b4606e41f2795
Colorado_Springs,Dallas,Denver,first cyclic city after target excluding source and target,f11b278d4d4786ba879a3c1fd50707423d27df4d6be7f681f74b4606e41f2795
Colorado_Springs,Denver,Detroit,first cyclic city after target excluding source and target,f11b278d4d4786ba879a3c1fd50707423d27df4d6be7f681f74b4606e41f2795
Colorado_Springs,Detroit,El_Paso,first cyclic city after target excluding source and target,f11b278d4d4786ba879a3c1fd50707423d27df4d6be7f681f74b4606e41f2795
Colorado_Springs,El_Paso,Fort_Worth,first cyclic city after target excluding source and target,f11b278d4d4786ba879a3c1fd50707423d27df4d6be7f681f74b4606e41f2795
Colorado_Springs,Fort_Worth,Fresno,first cyclic city after target excluding source and target,f11b278d4d4786ba879a3c1fd50707423d27df4d6be7f681f74b4606e41f2795
Colorado_Springs,Fresno,Houston,first cyclic city after target excluding source and target,f11b278d4d4786ba879a3c1fd50707423d27df4d6be7f681f74b4606e41f2795
Colorado_Springs,Houston,Indianapolis,first cyclic city after target excluding source and target,f11b278d4d4786ba879a3c1fd50707423d27df4d6be7f681f74b4606e41f2795
Colorado_Springs,Indianapolis,Jacksonville,first cyclic city after target excluding source and target,f11b278d4d4786ba879a3c1fd50707423d27df4d6be7f681f74b4606e41f2795
Colorado_Springs,Jacksonville,Kansas_City,first cyclic city after target excluding source and target,f11b278d4d4786ba879a3c1fd50707423d27df4d6be7f681f74b4606e41f2795
Colorado_Springs,Kansas_City,Las_Vegas,first cyclic city after target excluding source and target,f11b278d4d4786ba879a3c1fd50707423d27df4d6be7f681f74b4606e41f2795
Colorado_Springs,Las_Vegas,Long_Beach,first cyclic city after target excluding source and target,f11b278d4d4786ba879a3c1fd50707423d27df4d6be7f681f74b4606e41f2795
Colorado_Springs,Long_Beach,Los_Angeles,first cyclic city after target excluding source and target,f11b278d4d4786ba879a3c1fd50707423d27df4d6be7f681f74b4606e41f2795
Colorado_Springs,Los_Angeles,Louisville,first cyclic city after target excluding source and target,f11b278d4d4786ba879a3c1fd50707423d27df4d6be7f681f74b4606e41f2795
Colorado_Springs,Louisville,Memphis,first cyclic city after target excluding source and target,f11b278d4d4786ba879a3c1fd50707423d27df4d6be7f681f74b4606e41f2795
Colorado_Springs,Memphis,Mesa,first cyclic city after target excluding source and target,f11b278d4d4786ba879a3c1fd50707423d27df4d6be7f681f74b4606e41f2795
Colorado_Springs,Mesa,Miami,first cyclic city after target excluding source and target,f11b278d4d4786ba879a3c1fd50707423d27df4d6be7f681f74b4606e41f2795
Colorado_Springs,Miami,Milwaukee,first cyclic city after target excluding source and target,f11b278d4d4786ba879a3c1fd50707423d27df4d6be7f681f74b4606e41f2795
Colorado_Springs,Milwaukee,Minneapolis,first cyclic city after target excluding source and target,f11b278d4d4786ba879a3c1fd50707423d27df4d6be7f681f74b4606e41f2795
Colorado_Springs,Minneapolis,Nashville,first cyclic city after target excluding source and target,f11b278d4d4786ba879a3c1fd50707423d27df4d6be7f681f74b4606e41f2795
Colorado_Springs,Nashville,New_York,first cyclic city after target excluding source and target,f11b278d4d4786ba879a3c1fd50707423d27df4d6be7f681f74b4606e41f2795
Colorado_Springs,New_York,Oakland,first cyclic city after target excluding source and target,f11b278d4d4786ba879a3c1fd50707423d27df4d6be7f681f74b4606e41f2795
Colorado_Springs,Oakland,Oklahoma_City,first cyclic city after target excluding source and target,f11b278d4d4786ba879a3c1fd50707423d27df4d6be7f681f74b4606e41f2795
Colorado_Springs,Oklahoma_City,Omaha,first cyclic city after target excluding source and target,f11b278d4d4786ba879a3c1fd50707423d27df4d6be7f681f74b4606e41f2795
Colorado_Springs,Omaha,Philadelphia,first cyclic city after target excluding source and target,f11b278d4d4786ba879a3c1fd50707423d27df4d6be7f681f74b4606e41f2795
Colorado_Springs,Philadelphia,Phoenix,first cyclic city after target excluding source and target,f11b278d4d4786ba879a3c1fd50707423d27df4d6be7f681f74b4606e41f2795
Colorado_Springs,Phoenix,Portland,first cyclic city after target excluding source and target,f11b278d4d4786ba879a3c1fd50707423d27df4d6be7f681f74b4606e41f2795
Colorado_Springs,Portland,Raleigh,first cyclic city after target excluding source and target,f11b278d4d4786ba879a3c1fd50707423d27df4d6be7f681f74b4606e41f2795
Colorado_Springs,Raleigh,Sacramento,first cyclic city after target excluding source and target,f11b278d4d4786ba879a3c1fd50707423d27df4d6be7f681f74b4606e41f2795
Colorado_Springs,Sacramento,San_Antonio,first cyclic city after target excluding source and target,f11b278d4d4786ba879a3c1fd50707423d27df4d6be7f681f74b4606e41f2795
Colorado_Springs,San_Antonio,San_Diego,first cyclic city after target excluding source and target,f11b278d4d4786ba879a3c1fd50707423d27df4d6be7f681f74b4606e41f2795
Colorado_Springs,San_Diego,San_Francisco,first cyclic city after target excluding source and target,f11b278d4d4786ba879a3c1fd50707423d27df4d6be7f681f74b4606e41f2795
Colorado_Springs,San_Francisco,San_Jose,first cyclic city after target excluding source and target,f11b278d4d4786ba879a3c1fd50707423d27df4d6be7f681f74b4606e41f2795
Colorado_Springs,San_Jose,Seattle,first cyclic city after target excluding source and target,f11b278d4d4786ba879a3c1fd50707423d27df4d6be7f681f74b4606e41f2795
Colorado_Springs,Seattle,Tampa,first cyclic city after target excluding source and target,f11b278d4d4786ba879a3c1fd50707423d27df4d6be7f681f74b4606e41f2795
Colorado_Springs,Tampa,Tucson,first cyclic city after target excluding source and target,f11b278d4d4786ba879a3c1fd50707423d27df4d6be7f681f74b4606e41f2795
Colorado_Springs,Tucson,Tulsa,first cyclic city after target excluding source and target,f11b278d4d4786ba879a3c1fd50707423d27df4d6be7f681f74b4606e41f2795
Colorado_Springs,Tulsa,Virginia_Beach,first cyclic city after target excluding source and target,f11b278d4d4786ba879a3c1fd50707423d27df4d6be7f681f74b4606e41f2795
Colorado_Springs,Virginia_Beach,Washington_DC,first cyclic city after target excluding source and target,f11b278d4d4786ba879a3c1fd50707423d27df4d6be7f681f74b4606e41f2795
Colorado_Springs,Washington_DC,Wichita,first cyclic city after target excluding source and target,f11b278d4d4786ba879a3c1fd50707423d27df4d6be7f681f74b4606e41f2795
Colorado_Springs,Wichita,Albuquerque,first cyclic city after target excluding source and target,f11b278d4d4786ba879a3c1fd50707423d27df4d6be7f681f74b4606e41f2795
Columbus,Albuquerque,Arlington,first cyclic city after target excluding source and target,f11b278d4d4786ba879a3c1fd50707423d27df4d6be7f681f74b4606e41f2795
Columbus,Arlington,Atlanta,first cyclic city after target excluding source and target,f11b278d4d4786ba879a3c1fd50707423d27df4d6be7f681f74b4606e41f2795
Columbus,Atlanta,Austin,first cyclic city after target excluding source and target,f11b278d4d4786ba879a3c1fd50707423d27df4d6be7f681f74b4606e41f2795
Columbus,Austin,Baltimore,first cyclic city after target excluding source and target,f11b278d4d4786ba879a3c1fd50707423d27df4d6be7f681f74b4606e41f2795
Columbus,Baltimore,Boston,first cyclic city after target excluding source and target,f11b278d4d4786ba879a3c1fd50707423d27df4d6be7f681f74b4606e41f2795
Columbus,Boston,Charlotte,first cyclic city after target excluding source and target,f11b278d4d4786ba879a3c1fd50707423d27df4d6be7f681f74b4606e41f2795
Columbus,Charlotte,Chicago,first cyclic city after target excluding source and target,f11b278d4d4786ba879a3c1fd50707423d27df4d6be7f681f74b4606e41f2795
Columbus,Chicago,Colorado_Springs,first cyclic city after target excluding source and target,f11b278d4d4786ba879a3c1fd50707423d27df4d6be7f681f74b4606e41f2795
Columbus,Colorado_Springs,Dallas,first cyclic city after target excluding source and target,f11b278d4d4786ba879a3c1fd50707423d27df4d6be7f681f74b4606e41f2795
Columbus,Dallas,Denver,first cyclic city after target excluding source and target,f11b278d4d4786ba879a3c1fd50707423d27df4d6be7f681f74b4606e41f2795
Columbus,Denver,Detroit,first cyclic city after target excluding source and target,f11b278d4d4786ba879a3c1fd50707423d27df4d6be7f681f74b4606e41f2795
Columbus,Detroit,El_Paso,first cyclic city after target excluding source and target,f11b278d4d4786ba879a3c1fd50707423d27df4d6be7f681f74b4606e41f2795
Columbus,El_Paso,Fort_Worth,first cyclic city after target excluding source and target,f11b278d4d4786ba879a3c1fd50707423d27df4d6be7f681f74b4606e41f2795
Columbus,Fort_Worth,Fresno,first cyclic city after target excluding source and target,f11b278d4d4786ba879a3c1fd50707423d27df4d6be7f681f74b4606e41f2795
Columbus,Fresno,Houston,first cyclic city after target excluding source and target,f11b278d4d4786ba879a3c1fd50707423d27df4d6be7f681f74b4606e41f2795
Columbus,Houston,Indianapolis,first cyclic city after target excluding source and target,f11b278d4d4786ba879a3c1fd50707423d27df4d6be7f681f74b4606e41f2795
Columbus,Indianapolis,Jacksonville,first cyclic city after target excluding source and target,f11b278d4d4786ba879a3c1fd50707423d27df4d6be7f681f74b4606e41f2795
Columbus,Jacksonville,Kansas_City,first cyclic city after target excluding source and target,f11b278d4d4786ba879a3c1fd50707423d27df4d6be7f681f74b4606e41f2795
Columbus,Kansas_City,Las_Vegas,first cyclic city after target excluding source and target,f11b278d4d4786ba879a3c1fd50707423d27df4d6be7f681f74b4606e41f2795
Columbus,Las_Vegas,Long_Beach,first cyclic city after target excluding source and target,f11b278d4d4786ba879a3c1fd50707423d27df4d6be7f681f74b4606e41f2795
Columbus,Long_Beach,Los_Angeles,first cyclic city after target excluding source and target,f11b278d4d4786ba879a3c1fd50707423d27df4d6be7f681f74b4606e41f2795
Columbus,Los_Angeles,Louisville,first cyclic city after target excluding source and target,f11b278d4d4786ba879a3c1fd50707423d27df4d6be7f681f74b4606e41f2795
Columbus,Louisville,Memphis,first cyclic city after target excluding source and target,f11b278d4d4786ba879a3c1fd50707423d27df4d6be7f681f74b4606e41f2795
Columbus,Memphis,Mesa,first cyclic city after target excluding source and target,f11b278d4d4786ba879a3c1fd50707423d27df4d6be7f681f74b4606e41f2795
Columbus,Mesa,Miami,first cyclic city after target excluding source and target,f11b278d4d4786ba879a3c1fd50707423d27df4d6be7f681f74b4606e41f2795
Columbus,Miami,Milwaukee,first cyclic city after target excluding source and target,f11b278d4d4786ba879a3c1fd50707423d27df4d6be7f681f74b4606e41f2795
Columbus,Milwaukee,Minneapolis,first cyclic city after target excluding source and target,f11b278d4d4786ba879a3c1fd50707423d27df4d6be7f681f74b4606e41f2795
Columbus,Minneapolis,Nashville,first cyclic city after target excluding source and target,f11b278d4d4786ba879a3c1fd50707423d27df4d6be7f681f74b4606e41f2795
Columbus,Nashville,New_York,first cyclic city after target excluding source and target,f11b278d4d4786ba879a3c1fd50707423d27df4d6be7f681f74b4606e41f2795
Columbus,New_York,Oakland,first cyclic city after target excluding source and target,f11b278d4d4786ba879a3c1fd50707423d27df4d6be7f681f74b4606e41f2795
Columbus,Oakland,Oklahoma_City,first cyclic city after target excluding source and target,f11b278d4d4786ba879a3c1fd50707423d27df4d6be7f681f74b4606e41f2795
Columbus,Oklahoma_City,Omaha,first cyclic city after target excluding source and target,f11b278d4d4786ba879a3c1fd50707423d27df4d6be7f681f74b4606e41f2795
Columbus,Omaha,Philadelphia,first cyclic city after target excluding source and target,f11b278d4d4786ba879a3c1fd50707423d27df4d6be7f681f74b4606e41f2795
Columbus,Philadelphia,Phoenix,first cyclic city after target excluding source and target,f11b278d4d4786ba879a3c1fd50707423d27df4d6be7f681f74b4606e41f2795
Columbus,Phoenix,Portland,first cyclic city after target excluding source and target,f11b278d4d4786ba879a3c1fd50707423d27df4d6be7f681f74b4606e41f2795
Columbus,Portland,Raleigh,first cyclic city after target excluding source and target,f11b278d4d4786ba879a3c1fd50707423d27df4d6be7f681f74b4606e41f2795
Columbus,Raleigh,Sacramento,first cyclic city after target excluding source and target,f11b278d4d4786ba879a3c1fd50707423d27df4d6be7f681f74b4606e41f2795
Columbus,Sacramento,San_Antonio,first cyclic city after target excluding source and target,f11b278d4d4786ba879a3c1fd50707423d27df4d6be7f681f74b4606e41f2795
Columbus,San_Antonio,San_Diego,first cyclic city after target excluding source and target,f11b278d4d4786ba879a3c1fd50707423d27df4d6be7f681f74b4606e41f2795
Columbus,San_Diego,San_Francisco,first cyclic city after target excluding source and target,f11b278d4d4786ba879a3c1fd50707423d27df4d6be7f681f74b4606e41f2795
Columbus,San_Francisco,San_Jose,first cyclic city after target excluding source and target,f11b278d4d4786ba879a3c1fd50707423d27df4d6be7f681f74b4606e41f2795
Columbus,San_Jose,Seattle,first cyclic city after target excluding source and target,f11b278d4d4786ba879a3c1fd50707423d27df4d6be7f681f74b4606e41f2795
Columbus,Seattle,Tampa,first cyclic city after target excluding source and target,f11b278d4d4786ba879a3c1fd50707423d27df4d6be7f681f74b4606e41f2795
Columbus,Tampa,Tucson,first cyclic city after target excluding source and target,f11b278d4d4786ba879a3c1fd50707423d27df4d6be7f681f74b4606e41f2795
Columbus,Tucson,Tulsa,first cyclic city after target excluding source and target,f11b278d4d4786ba879a3c1fd50707423d27df4d6be7f681f74b4606e41f2795
Columbus,Tulsa,Virginia_Beach,first cyclic city after target excluding source and target,f11b278d4d4786ba879a3c1fd50707423d27df4d6be7f681f74b4606e41f2795
Columbus,Virginia_Beach,Washington_DC,first cyclic city after target excluding source and target,f11b278d4d4786ba879a3c1fd50707423d27df4d6be7f681f74b4606e41f2795
Columbus,Washington_DC,Wichita,first cyclic city after target excluding source and target,f11b278d4d4786ba879a3c1fd50707423d27df4d6be7f681f74b4606e41f2795
Columbus,Wichita,Albuquerque,first cyclic city after target excluding source and target,f11b278d4d4786ba879a3c1fd50707423d27df4d6be7f681f74b4606e41f2795
Dallas,Albuquerque,Arlington,first cyclic city after target excluding source and target,f11b278d4d4786ba879a3c1fd50707423d27df4d6be7f681f74b4606e41f2795
Dallas,Arlington,Atlanta,first cyclic city after target excluding source and target,f11b278d4d4786ba879a3c1fd50707423d27df4d6be7f681f74b4606e41f2795
Dallas,Atlanta,Austin,first cyclic city after target excluding source and target,f11b278d4d4786ba879a3c1fd50707423d27df4d6be7f681f74b4606e41f2795
Dallas,Austin,Baltimore,first cyclic city after target excluding source and target,f11b278d4d4786ba879a3c1fd50707423d27df4d6be7f681f74b4606e41f2795
Dallas,Baltimore,Boston,first cyclic city after target excluding source and target,f11b278d4d4786ba879a3c1fd50707423d27df4d6be7f681f74b4606e41f2795
Dallas,Boston,Charlotte,first cyclic city after target excluding source and target,f11b278d4d4786ba879a3c1fd50707423d27df4d6be7f681f74b4606e41f2795
Dallas,Charlotte,Chicago,first cyclic city after target excluding source and target,f11b278d4d4786ba879a3c1fd50707423d27df4d6be7f681f74b4606e41f2795
Dallas,Chicago,Colorado_Springs,first cyclic city after target excluding source and target,f11b278d4d4786ba879a3c1fd50707423d27df4d6be7f681f74b4606e41f2795
Dallas,Colorado_Springs,Columbus,first cyclic city after target excluding source and target,f11b278d4d4786ba879a3c1fd50707423d27df4d6be7f681f74b4606e41f2795
Dallas,Columbus,Denver,first cyclic city after target excluding source and target,f11b278d4d4786ba879a3c1fd50707423d27df4d6be7f681f74b4606e41f2795
Dallas,Denver,Detroit,first cyclic city after target excluding source and target,f11b278d4d4786ba879a3c1fd50707423d27df4d6be7f681f74b4606e41f2795
Dallas,Detroit,El_Paso,first cyclic city after target excluding source and target,f11b278d4d4786ba879a3c1fd50707423d27df4d6be7f681f74b4606e41f2795
Dallas,El_Paso,Fort_Worth,first cyclic city after target excluding source and target,f11b278d4d4786ba879a3c1fd50707423d27df4d6be7f681f74b4606e41f2795
Dallas,Fort_Worth,Fresno,first cyclic city after target excluding source and target,f11b278d4d4786ba879a3c1fd50707423d27df4d6be7f681f74b4606e41f2795
Dallas,Fresno,Houston,first cyclic city after target excluding source and target,f11b278d4d4786ba879a3c1fd50707423d27df4d6be7f681f74b4606e41f2795
Dallas,Houston,Indianapolis,first cyclic city after target excluding source and target,f11b278d4d4786ba879a3c1fd50707423d27df4d6be7f681f74b4606e41f2795
Dallas,Indianapolis,Jacksonville,first cyclic city after target excluding source and target,f11b278d4d4786ba879a3c1fd50707423d27df4d6be7f681f74b4606e41f2795
Dallas,Jacksonville,Kansas_City,first cyclic city after target excluding source and target,f11b278d4d4786ba879a3c1fd50707423d27df4d6be7f681f74b4606e41f2795
Dallas,Kansas_City,Las_Vegas,first cyclic city after target excluding source and target,f11b278d4d4786ba879a3c1fd50707423d27df4d6be7f681f74b4606e41f2795
Dallas,Las_Vegas,Long_Beach,first cyclic city after target excluding source and target,f11b278d4d4786ba879a3c1fd50707423d27df4d6be7f681f74b4606e41f2795
Dallas,Long_Beach,Los_Angeles,first cyclic city after target excluding source and target,f11b278d4d4786ba879a3c1fd50707423d27df4d6be7f681f74b4606e41f2795
Dallas,Los_Angeles,Louisville,first cyclic city after target excluding source and target,f11b278d4d4786ba879a3c1fd50707423d27df4d6be7f681f74b4606e41f2795
Dallas,Louisville,Memphis,first cyclic city after target excluding source and target,f11b278d4d4786ba879a3c1fd50707423d27df4d6be7f681f74b4606e41f2795
Dallas,Memphis,Mesa,first cyclic city after target excluding source and target,f11b278d4d4786ba879a3c1fd50707423d27df4d6be7f681f74b4606e41f2795
Dallas,Mesa,Miami,first cyclic city after target excluding source and target,f11b278d4d4786ba879a3c1fd50707423d27df4d6be7f681f74b4606e41f2795
Dallas,Miami,Milwaukee,first cyclic city after target excluding source and target,f11b278d4d4786ba879a3c1fd50707423d27df4d6be7f681f74b4606e41f2795
Dallas,Milwaukee,Minneapolis,first cyclic city after target excluding source and target,f11b278d4d4786ba879a3c1fd50707423d27df4d6be7f681f74b4606e41f2795
Dallas,Minneapolis,Nashville,first cyclic city after target excluding source and target,f11b278d4d4786ba879a3c1fd50707423d27df4d6be7f681f74b4606e41f2795
Dallas,Nashville,New_York,first cyclic city after target excluding source and target,f11b278d4d4786ba879a3c1fd50707423d27df4d6be7f681f74b4606e41f2795
Dallas,New_York,Oakland,first cyclic city after target excluding source and target,f11b278d4d4786ba879a3c1fd50707423d27df4d6be7f681f74b4606e41f2795
Dallas,Oakland,Oklahoma_City,first cyclic city after target excluding source and target,f11b278d4d4786ba879a3c1fd50707423d27df4d6be7f681f74b4606e41f2795
Dallas,Oklahoma_City,Omaha,first cyclic city after target excluding source and target,f11b278d4d4786ba879a3c1fd50707423d27df4d6be7f681f74b4606e41f2795
Dallas,Omaha,Philadelphia,first cyclic city after target excluding source and target,f11b278d4d4786ba879a3c1fd50707423d27df4d6be7f681f74b4606e41f2795
Dallas,Philadelphia,Phoenix,first cyclic city after target excluding source and target,f11b278d4d4786ba879a3c1fd50707423d27df4d6be7f681f74b4606e41f2795
Dallas,Phoenix,Portland,first cyclic city after target excluding source and target,f11b278d4d4786ba879a3c1fd50707423d27df4d6be7f681f74b4606e41f2795
Dallas,Portland,Raleigh,first cyclic city after target excluding source and target,f11b278d4d4786ba879a3c1fd50707423d27df4d6be7f681f74b4606e41f2795
Dallas,Raleigh,Sacramento,first cyclic city after target excluding source and target,f11b278d4d4786ba879a3c1fd50707423d27df4d6be7f681f74b4606e41f2795
Dallas,Sacramento,San_Antonio,first cyclic city after target excluding source and target,f11b278d4d4786ba879a3c1fd50707423d27df4d6be7f681f74b4606e41f2795
Dallas,San_Antonio,San_Diego,first cyclic city after target excluding source and target,f11b278d4d4786ba879a3c1fd50707423d27df4d6be7f681f74b4606e41f2795
Dallas,San_Diego,San_Francisco,first cyclic city after target excluding source and target,f11b278d4d4786ba879a3c1fd50707423d27df4d6be7f681f74b4606e41f2795
Dallas,San_Francisco,San_Jose,first cyclic city after target excluding source and target,f11b278d4d4786ba879a3c1fd50707423d27df4d6be7f681f74b4606e41f2795
Dallas,San_Jose,Seattle,first cyclic city after target excluding source and target,f11b278d4d4786ba879a3c1fd50707423d27df4d6be7f681f74b4606e41f2795
Dallas,Seattle,Tampa,first cyclic city after target excluding source and target,f11b278d4d4786ba879a3c1fd50707423d27df4d6be7f681f74b4606e41f2795
Dallas,Tampa,Tucson,first cyclic city after target excluding source and target,f11b278d4d4786ba879a3c1fd50707423d27df4d6be7f681f74b4606e41f2795
Dallas,Tucson,Tulsa,first cyclic city after target excluding source and target,f11b278d4d4786ba879a3c1fd50707423d27df4d6be7f681f74b4606e41f2795
Dallas,Tulsa,Virginia_Beach,first cyclic city after target excluding source and target,f11b278d4d4786ba879a3c1fd50707423d27df4d6be7f681f74b4606e41f2795
Dallas,Virginia_Beach,Washington_DC,first cyclic city after target excluding source and target,f11b278d4d4786ba879a3c1fd50707423d27df4d6be7f681f74b4606e41f2795
Dallas,Washington_DC,Wichita,first cyclic city after target excluding source and target,f11b278d4d4786ba879a3c1fd50707423d27df4d6be7f681f74b4606e41f2795
Dallas,Wichita,Albuquerque,first cyclic city after target excluding source and target,f11b278d4d4786ba879a3c1fd50707423d27df4d6be7f681f74b4606e41f2795
Denver,Albuquerque,Arlington,first cyclic city after target excluding source and target,f11b278d4d4786ba879a3c1fd50707423d27df4d6be7f681f74b4606e41f2795
Denver,Arlington,Atlanta,first cyclic city after target excluding source and target,f11b278d4d4786ba879a3c1fd50707423d27df4d6be7f681f74b4606e41f2795
Denver,Atlanta,Austin,first cyclic city after target excluding source and target,f11b278d4d4786ba879a3c1fd50707423d27df4d6be7f681f74b4606e41f2795
Denver,Austin,Baltimore,first cyclic city after target excluding source and target,f11b278d4d4786ba879a3c1fd50707423d27df4d6be7f681f74b4606e41f2795
Denver,Baltimore,Boston,first cyclic city after target excluding source and target,f11b278d4d4786ba879a3c1fd50707423d27df4d6be7f681f74b4606e41f2795
Denver,Boston,Charlotte,first cyclic city after target excluding source and target,f11b278d4d4786ba879a3c1fd50707423d27df4d6be7f681f74b4606e41f2795
Denver,Charlotte,Chicago,first cyclic city after target excluding source and target,f11b278d4d4786ba879a3c1fd50707423d27df4d6be7f681f74b4606e41f2795
Denver,Chicago,Colorado_Springs,first cyclic city after target excluding source and target,f11b278d4d4786ba879a3c1fd50707423d27df4d6be7f681f74b4606e41f2795
Denver,Colorado_Springs,Columbus,first cyclic city after target excluding source and target,f11b278d4d4786ba879a3c1fd50707423d27df4d6be7f681f74b4606e41f2795
Denver,Columbus,Dallas,first cyclic city after target excluding source and target,f11b278d4d4786ba879a3c1fd50707423d27df4d6be7f681f74b4606e41f2795
Denver,Dallas,Detroit,first cyclic city after target excluding source and target,f11b278d4d4786ba879a3c1fd50707423d27df4d6be7f681f74b4606e41f2795
Denver,Detroit,El_Paso,first cyclic city after target excluding source and target,f11b278d4d4786ba879a3c1fd50707423d27df4d6be7f681f74b4606e41f2795
Denver,El_Paso,Fort_Worth,first cyclic city after target excluding source and target,f11b278d4d4786ba879a3c1fd50707423d27df4d6be7f681f74b4606e41f2795
Denver,Fort_Worth,Fresno,first cyclic city after target excluding source and target,f11b278d4d4786ba879a3c1fd50707423d27df4d6be7f681f74b4606e41f2795
Denver,Fresno,Houston,first cyclic city after target excluding source and target,f11b278d4d4786ba879a3c1fd50707423d27df4d6be7f681f74b4606e41f2795
Denver,Houston,Indianapolis,first cyclic city after target excluding source and target,f11b278d4d4786ba879a3c1fd50707423d27df4d6be7f681f74b4606e41f2795
Denver,Indianapolis,Jacksonville,first cyclic city after target excluding source and target,f11b278d4d4786ba879a3c1fd50707423d27df4d6be7f681f74b4606e41f2795
Denver,Jacksonville,Kansas_City,first cyclic city after target excluding source and target,f11b278d4d4786ba879a3c1fd50707423d27df4d6be7f681f74b4606e41f2795
Denver,Kansas_City,Las_Vegas,first cyclic city after target excluding source and target,f11b278d4d4786ba879a3c1fd50707423d27df4d6be7f681f74b4606e41f2795
Denver,Las_Vegas,Long_Beach,first cyclic city after target excluding source and target,f11b278d4d4786ba879a3c1fd50707423d27df4d6be7f681f74b4606e41f2795
Denver,Long_Beach,Los_Angeles,first cyclic city after target excluding source and target,f11b278d4d4786ba879a3c1fd50707423d27df4d6be7f681f74b4606e41f2795
Denver,Los_Angeles,Louisville,first cyclic city after target excluding source and target,f11b278d4d4786ba879a3c1fd50707423d27df4d6be7f681f74b4606e41f2795
Denver,Louisville,Memphis,first cyclic city after target excluding source and target,f11b278d4d4786ba879a3c1fd50707423d27df4d6be7f681f74b4606e41f2795
Denver,Memphis,Mesa,first cyclic city after target excluding source and target,f11b278d4d4786ba879a3c1fd50707423d27df4d6be7f681f74b4606e41f2795
Denver,Mesa,Miami,first cyclic city after target excluding source and target,f11b278d4d4786ba879a3c1fd50707423d27df4d6be7f681f74b4606e41f2795
Denver,Miami,Milwaukee,first cyclic city after target excluding source and target,f11b278d4d4786ba879a3c1fd50707423d27df4d6be7f681f74b4606e41f2795
Denver,Milwaukee,Minneapolis,first cyclic city after target excluding source and target,f11b278d4d4786ba879a3c1fd50707423d27df4d6be7f681f74b4606e41f2795
Denver,Minneapolis,Nashville,first cyclic city after target excluding source and target,f11b278d4d4786ba879a3c1fd50707423d27df4d6be7f681f74b4606e41f2795
Denver,Nashville,New_York,first cyclic city after target excluding source and target,f11b278d4d4786ba879a3c1fd50707423d27df4d6be7f681f74b4606e41f2795
Denver,New_York,Oakland,first cyclic city after target excluding source and target,f11b278d4d4786ba879a3c1fd50707423d27df4d6be7f681f74b4606e41f2795
Denver,Oakland,Oklahoma_City,first cyclic city after target excluding source and target,f11b278d4d4786ba879a3c1fd50707423d27df4d6be7f681f74b4606e41f2795
Denver,Oklahoma_City,Omaha,first cyclic city after target excluding source and target,f11b278d4d4786ba879a3c1fd50707423d27df4d6be7f681f74b4606e41f2795
Denver,Omaha,Philadelphia,first cyclic city after target excluding source and target,f11b278d4d4786ba879a3c1fd50707423d27df4d6be7f681f74b4606e41f2795
Denver,Philadelphia,Phoenix,first cyclic city after target excluding source and target,f11b278d4d4786ba879a3c1fd50707423d27df4d6be7f681f74b4606e41f2795
Denver,Phoenix,Portland,first cyclic city after target excluding source and target,f11b278d4d4786ba879a3c1fd50707423d27df4d6be7f681f74b4606e41f2795
Denver,Portland,Raleigh,first cyclic city after target excluding source and target,f11b278d4d4786ba879a3c1fd50707423d27df4d6be7f681f74b4606e41f2795
Denver,Raleigh,Sacramento,first cyclic city after target excluding source and target,f11b278d4d4786ba879a3c1fd50707423d27df4d6be7f681f74b4606e41f2795
Denver,Sacramento,San_Antonio,first cyclic city after target excluding source and target,f11b278d4d4786ba879a3c1fd50707423d27df4d6be7f681f74b4606e41f2795
Denver,San_Antonio,San_Diego,first cyclic city after target excluding source and target,f11b278d4d4786ba879a3c1fd50707423d27df4d6be7f681f74b4606e41f2795
Denver,San_Diego,San_Francisco,first cyclic city after target excluding source and target,f11b278d4d4786ba879a3c1fd50707423d27df4d6be7f681f74b4606e41f2795
Denver,San_Francisco,San_Jose,first cyclic city after target excluding source and target,f11b278d4d4786ba879a3c1fd50707423d27df4d6be7f681f74b4606e41f2795
Denver,San_Jose,Seattle,first cyclic city after target excluding source and target,f11b278d4d4786ba879a3c1fd50707423d27df4d6be7f681f74b4606e41f2795
Denver,Seattle,Tampa,first cyclic city after target excluding source and target,f11b278d4d4786ba879a3c1fd50707423d27df4d6be7f681f74b4606e41f2795
Denver,Tampa,Tucson,first cyclic city after target excluding source and target,f11b278d4d4786ba879a3c1fd50707423d27df4d6be7f681f74b4606e41f2795
Denver,Tucson,Tulsa,first cyclic city after target excluding source and target,f11b278d4d4786ba879a3c1fd50707423d27df4d6be7f681f74b4606e41f2795
Denver,Tulsa,Virginia_Beach,first cyclic city after target excluding source and target,f11b278d4d4786ba879a3c1fd50707423d27df4d6be7f681f74b4606e41f2795
Denver,Virginia_Beach,Washington_DC,first cyclic city after target excluding source and target,f11b278d4d4786ba879a3c1fd50707423d27df4d6be7f681f74b4606e41f2795
Denver,Washington_DC,Wichita,first cyclic city after target excluding source and target,f11b278d4d4786ba879a3c1fd50707423d27df4d6be7f681f74b4606e41f2795
Denver,Wichita,Albuquerque,first cyclic city after target excluding source and target,f11b278d4d4786ba879a3c1fd50707423d27df4d6be7f681f74b4606e41f2795
Detroit,Albuquerque,Arlington,first cyclic city after target excluding source and target,f11b278d4d4786ba879a3c1fd50707423d27df4d6be7f681f74b4606e41f2795
Detroit,Arlington,Atlanta,first cyclic city after target excluding source and target,f11b278d4d4786ba879a3c1fd50707423d27df4d6be7f681f74b4606e41f2795
Detroit,Atlanta,Austin,first cyclic city after target excluding source and target,f11b278d4d4786ba879a3c1fd50707423d27df4d6be7f681f74b4606e41f2795
Detroit,Austin,Baltimore,first cyclic city after target excluding source and target,f11b278d4d4786ba879a3c1fd50707423d27df4d6be7f681f74b4606e41f2795
Detroit,Baltimore,Boston,first cyclic city after target excluding source and target,f11b278d4d4786ba879a3c1fd50707423d27df4d6be7f681f74b4606e41f2795
Detroit,Boston,Charlotte,first cyclic city after target excluding source and target,f11b278d4d4786ba879a3c1fd50707423d27df4d6be7f681f74b4606e41f2795
Detroit,Charlotte,Chicago,first cyclic city after target excluding source and target,f11b278d4d4786ba879a3c1fd50707423d27df4d6be7f681f74b4606e41f2795
Detroit,Chicago,Colorado_Springs,first cyclic city after target excluding source and target,f11b278d4d4786ba879a3c1fd50707423d27df4d6be7f681f74b4606e41f2795
Detroit,Colorado_Springs,Columbus,first cyclic city after target excluding source and target,f11b278d4d4786ba879a3c1fd50707423d27df4d6be7f681f74b4606e41f2795
Detroit,Columbus,Dallas,first cyclic city after target excluding source and target,f11b278d4d4786ba879a3c1fd50707423d27df4d6be7f681f74b4606e41f2795
Detroit,Dallas,Denver,first cyclic city after target excluding source and target,f11b278d4d4786ba879a3c1fd50707423d27df4d6be7f681f74b4606e41f2795
Detroit,Denver,El_Paso,first cyclic city after target excluding source and target,f11b278d4d4786ba879a3c1fd50707423d27df4d6be7f681f74b4606e41f2795
Detroit,El_Paso,Fort_Worth,first cyclic city after target excluding source and target,f11b278d4d4786ba879a3c1fd50707423d27df4d6be7f681f74b4606e41f2795
Detroit,Fort_Worth,Fresno,first cyclic city after target excluding source and target,f11b278d4d4786ba879a3c1fd50707423d27df4d6be7f681f74b4606e41f2795
Detroit,Fresno,Houston,first cyclic city after target excluding source and target,f11b278d4d4786ba879a3c1fd50707423d27df4d6be7f681f74b4606e41f2795
Detroit,Houston,Indianapolis,first cyclic city after target excluding source and target,f11b278d4d4786ba879a3c1fd50707423d27df4d6be7f681f74b4606e41f2795
Detroit,Indianapolis,Jacksonville,first cyclic city after target excluding source and target,f11b278d4d4786ba879a3c1fd50707423d27df4d6be7f681f74b4606e41f2795
Detroit,Jacksonville,Kansas_City,first cyclic city after target excluding source and target,f11b278d4d4786ba879a3c1fd50707423d27df4d6be7f681f74b4606e41f2795
Detroit,Kansas_City,Las_Vegas,first cyclic city after target excluding source and target,f11b278d4d4786ba879a3c1fd50707423d27df4d6be7f681f74b4606e41f2795
Detroit,Las_Vegas,Long_Beach,first cyclic city after target excluding source and target,f11b278d4d4786ba879a3c1fd50707423d27df4d6be7f681f74b4606e41f2795
Detroit,Long_Beach,Los_Angeles,first cyclic city after target excluding source and target,f11b278d4d4786ba879a3c1fd50707423d27df4d6be7f681f74b4606e41f2795
Detroit,Los_Angeles,Louisville,first cyclic city after target excluding source and target,f11b278d4d4786ba879a3c1fd50707423d27df4d6be7f681f74b4606e41f2795
Detroit,Louisville,Memphis,first cyclic city after target excluding source and target,f11b278d4d4786ba879a3c1fd50707423d27df4d6be7f681f74b4606e41f2795
Detroit,Memphis,Mesa,first cyclic city after target excluding source and target,f11b278d4d4786ba879a3c1fd50707423d27df4d6be7f681f74b4606e41f2795
Detroit,Mesa,Miami,first cyclic city after target excluding source and target,f11b278d4d4786ba879a3c1fd50707423d27df4d6be7f681f74b4606e41f2795
Detroit,Miami,Milwaukee,first cyclic city after target excluding source and target,f11b278d4d4786ba879a3c1fd50707423d27df4d6be7f681f74b4606e41f2795
Detroit,Milwaukee,Minneapolis,first cyclic city after target excluding source and target,f11b278d4d4786ba879a3c1fd50707423d27df4d6be7f681f74b4606e41f2795
Detroit,Minneapolis,Nashville,first cyclic city after target excluding source and target,f11b278d4d4786ba879a3c1fd50707423d27df4d6be7f681f74b4606e41f2795
Detroit,Nashville,New_York,first cyclic city after target excluding source and target,f11b278d4d4786ba879a3c1fd50707423d27df4d6be7f681f74b4606e41f2795
Detroit,New_York,Oakland,first cyclic city after target excluding source and target,f11b278d4d4786ba879a3c1fd50707423d27df4d6be7f681f74b4606e41f2795
Detroit,Oakland,Oklahoma_City,first cyclic city after target excluding source and target,f11b278d4d4786ba879a3c1fd50707423d27df4d6be7f681f74b4606e41f2795
Detroit,Oklahoma_City,Omaha,first cyclic city after target excluding source and target,f11b278d4d4786ba879a3c1fd50707423d27df4d6be7f681f74b4606e41f2795
Detroit,Omaha,Philadelphia,first cyclic city after target excluding source and target,f11b278d4d4786ba879a3c1fd50707423d27df4d6be7f681f74b4606e41f2795
Detroit,Philadelphia,Phoenix,first cyclic city after target excluding source and target,f11b278d4d4786ba879a3c1fd50707423d27df4d6be7f681f74b4606e41f2795
Detroit,Phoenix,Portland,first cyclic city after target excluding source and target,f11b278d4d4786ba879a3c1fd50707423d27df4d6be7f681f74b4606e41f2795
Detroit,Portland,Raleigh,first cyclic city after target excluding source and target,f11b278d4d4786ba879a3c1fd50707423d27df4d6be7f681f74b4606e41f2795
Detroit,Raleigh,Sacramento,first cyclic city after target excluding source and target,f11b278d4d4786ba879a3c1fd50707423d27df4d6be7f681f74b4606e41f2795
Detroit,Sacramento,San_Antonio,first cyclic city after target excluding source and target,f11b278d4d4786ba879a3c1fd50707423d27df4d6be7f681f74b4606e41f2795
Detroit,San_Antonio,San_Diego,first cyclic city after target excluding source and target,f11b278d4d4786ba879a3c1fd50707423d27df4d6be7f681f74b4606e41f2795
Detroit,San_Diego,San_Francisco,first cyclic city after target excluding source and target,f11b278d4d4786ba879a3c1fd50707423d27df4d6be7f681f74b4606e41f2795
Detroit,San_Francisco,San_Jose,first cyclic city after target excluding source and target,f11b278d4d4786ba879a3c1fd50707423d27df4d6be7f681f74b4606e41f2795
Detroit,San_Jose,Seattle,first cyclic city after target excluding source and target,f11b278d4d4786ba879a3c1fd50707423d27df4d6be7f681f74b4606e41f2795
Detroit,Seattle,Tampa,first cyclic city after target excluding source and target,f11b278d4d4786ba879a3c1fd50707423d27df4d6be7f681f74b4606e41f2795
Detroit,Tampa,Tucson,first cyclic city after target excluding source and target,f11b278d4d4786ba879a3c1fd50707423d27df4d6be7f681f74b4606e41f2795
Detroit,Tucson,Tulsa,first cyclic city after target excluding source and target,f11b278d4d4786ba879a3c1fd50707423d27df4d6be7f681f74b4606e41f2795
Detroit,Tulsa,Virginia_Beach,first cyclic city after target excluding source and target,f11b278d4d4786ba879a3c1fd50707423d27df4d6be7f681f74b4606e41f2795
Detroit,Virginia_Beach,Washington_DC,first cyclic city after target excluding source and target,f11b278d4d4786ba879a3c1fd50707423d27df4d6be7f681f74b4606e41f2795
Detroit,Washington_DC,Wichita,first cyclic city after target excluding source and target,f11b278d4d4786ba879a3c1fd50707423d27df4d6be7f681f74b4606e41f2795
Detroit,Wichita,Albuquerque,first cyclic city after target excluding source and target,f11b278d4d4786ba879a3c1fd50707423d27df4d6be7f681f74b4606e41f2795
El_Paso,Albuquerque,Arlington,first cyclic city after target excluding source and target,f11b278d4d4786ba879a3c1fd50707423d27df4d6be7f681f74b4606e41f2795
El_Paso,Arlington,Atlanta,first cyclic city after target excluding source and target,f11b278d4d4786ba879a3c1fd50707423d27df4d6be7f681f74b4606e41f2795
El_Paso,Atlanta,Austin,first cyclic city after target excluding source and target,f11b278d4d4786ba879a3c1fd50707423d27df4d6be7f681f74b4606e41f2795
El_Paso,Austin,Baltimore,first cyclic city after target excluding source and target,f11b278d4d4786ba879a3c1fd50707423d27df4d6be7f681f74b4606e41f2795
El_Paso,Baltimore,Boston,first cyclic city after target excluding source and target,f11b278d4d4786ba879a3c1fd50707423d27df4d6be7f681f74b4606e41f2795
El_Paso,Boston,Charlotte,first cyclic city after target excluding source and target,f11b278d4d4786ba879a3c1fd50707423d27df4d6be7f681f74b4606e41f2795
El_Paso,Charlotte,Chicago,first cyclic city after target excluding source and target,f11b278d4d4786ba879a3c1fd50707423d27df4d6be7f681f74b4606e41f2795
El_Paso,Chicago,Colorado_Springs,first cyclic city after target excluding source and target,f11b278d4d4786ba879a3c1fd50707423d27df4d6be7f681f74b4606e41f2795
El_Paso,Colorado_Springs,Columbus,first cyclic city after target excluding source and target,f11b278d4d4786ba879a3c1fd50707423d27df4d6be7f681f74b4606e41f2795
El_Paso,Columbus,Dallas,first cyclic city after target excluding source and target,f11b278d4d4786ba879a3c1fd50707423d27df4d6be7f681f74b4606e41f2795
El_Paso,Dallas,Denver,first cyclic city after target excluding source and target,f11b278d4d4786ba879a3c1fd50707423d27df4d6be7f681f74b4606e41f2795
El_Paso,Denver,Detroit,first cyclic city after target excluding source and target,f11b278d4d4786ba879a3c1fd50707423d27df4d6be7f681f74b4606e41f2795
El_Paso,Detroit,Fort_Worth,first cyclic city after target excluding source and target,f11b278d4d4786ba879a3c1fd50707423d27df4d6be7f681f74b4606e41f2795
El_Paso,Fort_Worth,Fresno,first cyclic city after target excluding source and target,f11b278d4d4786ba879a3c1fd50707423d27df4d6be7f681f74b4606e41f2795
El_Paso,Fresno,Houston,first cyclic city after target excluding source and target,f11b278d4d4786ba879a3c1fd50707423d27df4d6be7f681f74b4606e41f2795
El_Paso,Houston,Indianapolis,first cyclic city after target excluding source and target,f11b278d4d4786ba879a3c1fd50707423d27df4d6be7f681f74b4606e41f2795
El_Paso,Indianapolis,Jacksonville,first cyclic city after target excluding source and target,f11b278d4d4786ba879a3c1fd50707423d27df4d6be7f681f74b4606e41f2795
El_Paso,Jacksonville,Kansas_City,first cyclic city after target excluding source and target,f11b278d4d4786ba879a3c1fd50707423d27df4d6be7f681f74b4606e41f2795
El_Paso,Kansas_City,Las_Vegas,first cyclic city after target excluding source and target,f11b278d4d4786ba879a3c1fd50707423d27df4d6be7f681f74b4606e41f2795
El_Paso,Las_Vegas,Long_Beach,first cyclic city after target excluding source and target,f11b278d4d4786ba879a3c1fd50707423d27df4d6be7f681f74b4606e41f2795
El_Paso,Long_Beach,Los_Angeles,first cyclic city after target excluding source and target,f11b278d4d4786ba879a3c1fd50707423d27df4d6be7f681f74b4606e41f2795
El_Paso,Los_Angeles,Louisville,first cyclic city after target excluding source and target,f11b278d4d4786ba879a3c1fd50707423d27df4d6be7f681f74b4606e41f2795
El_Paso,Louisville,Memphis,first cyclic city after target excluding source and target,f11b278d4d4786ba879a3c1fd50707423d27df4d6be7f681f74b4606e41f2795
El_Paso,Memphis,Mesa,first cyclic city after target excluding source and target,f11b278d4d4786ba879a3c1fd50707423d27df4d6be7f681f74b4606e41f2795
El_Paso,Mesa,Miami,first cyclic city after target excluding source and target,f11b278d4d4786ba879a3c1fd50707423d27df4d6be7f681f74b4606e41f2795
El_Paso,Miami,Milwaukee,first cyclic city after target excluding source and target,f11b278d4d4786ba879a3c1fd50707423d27df4d6be7f681f74b4606e41f2795
El_Paso,Milwaukee,Minneapolis,first cyclic city after target excluding source and target,f11b278d4d4786ba879a3c1fd50707423d27df4d6be7f681f74b4606e41f2795
El_Paso,Minneapolis,Nashville,first cyclic city after target excluding source and target,f11b278d4d4786ba879a3c1fd50707423d27df4d6be7f681f74b4606e41f2795
El_Paso,Nashville,New_York,first cyclic city after target excluding source and target,f11b278d4d4786ba879a3c1fd50707423d27df4d6be7f681f74b4606e41f2795
El_Paso,New_York,Oakland,first cyclic city after target excluding source and target,f11b278d4d4786ba879a3c1fd50707423d27df4d6be7f681f74b4606e41f2795
El_Paso,Oakland,Oklahoma_City,first cyclic city after target excluding source and target,f11b278d4d4786ba879a3c1fd50707423d27df4d6be7f681f74b4606e41f2795
El_Paso,Oklahoma_City,Omaha,first cyclic city after target excluding source and target,f11b278d4d4786ba879a3c1fd50707423d27df4d6be7f681f74b4606e41f2795
El_Paso,Omaha,Philadelphia,first cyclic city after target excluding source and target,f11b278d4d4786ba879a3c1fd50707423d27df4d6be7f681f74b4606e41f2795
El_Paso,Philadelphia,Phoenix,first cyclic city after target excluding source and target,f11b278d4d4786ba879a3c1fd50707423d27df4d6be7f681f74b4606e41f2795
El_Paso,Phoenix,Portland,first cyclic city after target excluding source and target,f11b278d4d4786ba879a3c1fd50707423d27df4d6be7f681f74b4606e41f2795
El_Paso,Portland,Raleigh,first cyclic city after target excluding source and target,f11b278d4d4786ba879a3c1fd50707423d27df4d6be7f681f74b4606e41f2795
El_Paso,Raleigh,Sacramento,first cyclic city after target excluding source and target,f11b278d4d4786ba879a3c1fd50707423d27df4d6be7f681f74b4606e41f2795
El_Paso,Sacramento,San_Antonio,first cyclic city after target excluding source and target,f11b278d4d4786ba879a3c1fd50707423d27df4d6be7f681f74b4606e41f2795
El_Paso,San_Antonio,San_Diego,first cyclic city after target excluding source and target,f11b278d4d4786ba879a3c1fd50707423d27df4d6be7f681f74b4606e41f2795
El_Paso,San_Diego,San_Francisco,first cyclic city after target excluding source and target,f11b278d4d4786ba879a3c1fd50707423d27df4d6be7f681f74b4606e41f2795
El_Paso,San_Francisco,San_Jose,first cyclic city after target excluding source and target,f11b278d4d4786ba879a3c1fd50707423d27df4d6be7f681f74b4606e41f2795
El_Paso,San_Jose,Seattle,first cyclic city after target excluding source and target,f11b278d4d4786ba879a3c1fd50707423d27df4d6be7f681f74b4606e41f2795
El_Paso,Seattle,Tampa,first cyclic city after target excluding source and target,f11b278d4d4786ba879a3c1fd50707423d27df4d6be7f681f74b4606e41f2795
El_Paso,Tampa,Tucson,first cyclic city after target excluding source and target,f11b278d4d4786ba879a3c1fd50707423d27df4d6be7f681f74b4606e41f2795
El_Paso,Tucson,Tulsa,first cyclic city after target excluding source and target,f11b278d4d4786ba879a3c1fd50707423d27df4d6be7f681f74b4606e41f2795
El_Paso,Tulsa,Virginia_Beach,first cyclic city after target excluding source and target,f11b278d4d4786ba879a3c1fd50707423d27df4d6be7f681f74b4606e41f2795
El_Paso,Virginia_Beach,Washington_DC,first cyclic city after target excluding source and target,f11b278d4d4786ba879a3c1fd50707423d27df4d6be7f681f74b4606e41f2795
El_Paso,Washington_DC,Wichita,first cyclic city after target excluding source and target,f11b278d4d4786ba879a3c1fd50707423d27df4d6be7f681f74b4606e41f2795
El_Paso,Wichita,Albuquerque,first cyclic city after target excluding source and target,f11b278d4d4786ba879a3c1fd50707423d27df4d6be7f681f74b4606e41f2795
Fort_Worth,Albuquerque,Arlington,first cyclic city after target excluding source and target,f11b278d4d4786ba879a3c1fd50707423d27df4d6be7f681f74b4606e41f2795
Fort_Worth,Arlington,Atlanta,first cyclic city after target excluding source and target,f11b278d4d4786ba879a3c1fd50707423d27df4d6be7f681f74b4606e41f2795
Fort_Worth,Atlanta,Austin,first cyclic city after target excluding source and target,f11b278d4d4786ba879a3c1fd50707423d27df4d6be7f681f74b4606e41f2795
Fort_Worth,Austin,Baltimore,first cyclic city after target excluding source and target,f11b278d4d4786ba879a3c1fd50707423d27df4d6be7f681f74b4606e41f2795
Fort_Worth,Baltimore,Boston,first cyclic city after target excluding source and target,f11b278d4d4786ba879a3c1fd50707423d27df4d6be7f681f74b4606e41f2795
Fort_Worth,Boston,Charlotte,first cyclic city after target excluding source and target,f11b278d4d4786ba879a3c1fd50707423d27df4d6be7f681f74b4606e41f2795
Fort_Worth,Charlotte,Chicago,first cyclic city after target excluding source and target,f11b278d4d4786ba879a3c1fd50707423d27df4d6be7f681f74b4606e41f2795
Fort_Worth,Chicago,Colorado_Springs,first cyclic city after target excluding source and target,f11b278d4d4786ba879a3c1fd50707423d27df4d6be7f681f74b4606e41f2795
Fort_Worth,Colorado_Springs,Columbus,first cyclic city after target excluding source and target,f11b278d4d4786ba879a3c1fd50707423d27df4d6be7f681f74b4606e41f2795
Fort_Worth,Columbus,Dallas,first cyclic city after target excluding source and target,f11b278d4d4786ba879a3c1fd50707423d27df4d6be7f681f74b4606e41f2795
Fort_Worth,Dallas,Denver,first cyclic city after target excluding source and target,f11b278d4d4786ba879a3c1fd50707423d27df4d6be7f681f74b4606e41f2795
Fort_Worth,Denver,Detroit,first cyclic city after target excluding source and target,f11b278d4d4786ba879a3c1fd50707423d27df4d6be7f681f74b4606e41f2795
Fort_Worth,Detroit,El_Paso,first cyclic city after target excluding source and target,f11b278d4d4786ba879a3c1fd50707423d27df4d6be7f681f74b4606e41f2795
Fort_Worth,El_Paso,Fresno,first cyclic city after target excluding source and target,f11b278d4d4786ba879a3c1fd50707423d27df4d6be7f681f74b4606e41f2795
Fort_Worth,Fresno,Houston,first cyclic city after target excluding source and target,f11b278d4d4786ba879a3c1fd50707423d27df4d6be7f681f74b4606e41f2795
Fort_Worth,Houston,Indianapolis,first cyclic city after target excluding source and target,f11b278d4d4786ba879a3c1fd50707423d27df4d6be7f681f74b4606e41f2795
Fort_Worth,Indianapolis,Jacksonville,first cyclic city after target excluding source and target,f11b278d4d4786ba879a3c1fd50707423d27df4d6be7f681f74b4606e41f2795
Fort_Worth,Jacksonville,Kansas_City,first cyclic city after target excluding source and target,f11b278d4d4786ba879a3c1fd50707423d27df4d6be7f681f74b4606e41f2795
Fort_Worth,Kansas_City,Las_Vegas,first cyclic city after target excluding source and target,f11b278d4d4786ba879a3c1fd50707423d27df4d6be7f681f74b4606e41f2795
Fort_Worth,Las_Vegas,Long_Beach,first cyclic city after target excluding source and target,f11b278d4d4786ba879a3c1fd50707423d27df4d6be7f681f74b4606e41f2795
Fort_Worth,Long_Beach,Los_Angeles,first cyclic city after target excluding source and target,f11b278d4d4786ba879a3c1fd50707423d27df4d6be7f681f74b4606e41f2795
Fort_Worth,Los_Angeles,Louisville,first cyclic city after target excluding source and target,f11b278d4d4786ba879a3c1fd50707423d27df4d6be7f681f74b4606e41f2795
Fort_Worth,Louisville,Memphis,first cyclic city after target excluding source and target,f11b278d4d4786ba879a3c1fd50707423d27df4d6be7f681f74b4606e41f2795
Fort_Worth,Memphis,Mesa,first cyclic city after target excluding source and target,f11b278d4d4786ba879a3c1fd50707423d27df4d6be7f681f74b4606e41f2795
Fort_Worth,Mesa,Miami,first cyclic city after target excluding source and target,f11b278d4d4786ba879a3c1fd50707423d27df4d6be7f681f74b4606e41f2795
Fort_Worth,Miami,Milwaukee,first cyclic city after target excluding source and target,f11b278d4d4786ba879a3c1fd50707423d27df4d6be7f681f74b4606e41f2795
Fort_Worth,Milwaukee,Minneapolis,first cyclic city after target excluding source and target,f11b278d4d4786ba879a3c1fd50707423d27df4d6be7f681f74b4606e41f2795
Fort_Worth,Minneapolis,Nashville,first cyclic city after target excluding source and target,f11b278d4d4786ba879a3c1fd50707423d27df4d6be7f681f74b4606e41f2795
Fort_Worth,Nashville,New_York,first cyclic city after target excluding source and target,f11b278d4d4786ba879a3c1fd50707423d27df4d6be7f681f74b4606e41f2795
Fort_Worth,New_York,Oakland,first cyclic city after target excluding source and target,f11b278d4d4786ba879a3c1fd50707423d27df4d6be7f681f74b4606e41f2795
Fort_Worth,Oakland,Oklahoma_City,first cyclic city after target excluding source and target,f11b278d4d4786ba879a3c1fd50707423d27df4d6be7f681f74b4606e41f2795
Fort_Worth,Oklahoma_City,Omaha,first cyclic city after target excluding source and target,f11b278d4d4786ba879a3c1fd50707423d27df4d6be7f681f74b4606e41f2795
Fort_Worth,Omaha,Philadelphia,first cyclic city after target excluding source and target,f11b278d4d4786ba879a3c1fd50707423d27df4d6be7f681f74b4606e41f2795
Fort_Worth,Philadelphia,Phoenix,first cyclic city after target excluding source and target,f11b278d4d4786ba879a3c1fd50707423d27df4d6be7f681f74b4606e41f2795
Fort_Worth,Phoenix,Portland,first cyclic city after target excluding source and target,f11b278d4d4786ba879a3c1fd50707423d27df4d6be7f681f74b4606e41f2795
Fort_Worth,Portland,Raleigh,first cyclic city after target excluding source and target,f11b278d4d4786ba879a3c1fd50707423d27df4d6be7f681f74b4606e41f2795
Fort_Worth,Raleigh,Sacramento,first cyclic city after target excluding source and target,f11b278d4d4786ba879a3c1fd50707423d27df4d6be7f681f74b4606e41f2795
Fort_Worth,Sacramento,San_Antonio,first cyclic city after target excluding source and target,f11b278d4d4786ba879a3c1fd50707423d27df4d6be7f681f74b4606e41f2795
Fort_Worth,San_Antonio,San_Diego,first cyclic city after target excluding source and target,f11b278d4d4786ba879a3c1fd50707423d27df4d6be7f681f74b4606e41f2795
Fort_Worth,San_Diego,San_Francisco,first cyclic city after target excluding source and target,f11b278d4d4786ba879a3c1fd50707423d27df4d6be7f681f74b4606e41f2795
Fort_Worth,San_Francisco,San_Jose,first cyclic city after target excluding source and target,f11b278d4d4786ba879a3c1fd50707423d27df4d6be7f681f74b4606e41f2795
Fort_Worth,San_Jose,Seattle,first cyclic city after target excluding source and target,f11b278d4d4786ba879a3c1fd50707423d27df4d6be7f681f74b4606e41f2795
Fort_Worth,Seattle,Tampa,first cyclic city after target excluding source and target,f11b278d4d4786ba879a3c1fd50707423d27df4d6be7f681f74b4606e41f2795
Fort_Worth,Tampa,Tucson,first cyclic city after target excluding source and target,f11b278d4d4786ba879a3c1fd50707423d27df4d6be7f681f74b4606e41f2795
Fort_Worth,Tucson,Tulsa,first cyclic city after target excluding source and target,f11b278d4d4786ba879a3c1fd50707423d27df4d6be7f681f74b4606e41f2795
Fort_Worth,Tulsa,Virginia_Beach,first cyclic city after target excluding source and target,f11b278d4d4786ba879a3c1fd50707423d27df4d6be7f681f74b4606e41f2795
Fort_Worth,Virginia_Beach,Washington_DC,first cyclic city after target excluding source and target,f11b278d4d4786ba879a3c1fd50707423d27df4d6be7f681f74b4606e41f2795
Fort_Worth,Washington_DC,Wichita,first cyclic city after target excluding source and target,f11b278d4d4786ba879a3c1fd50707423d27df4d6be7f681f74b4606e41f2795
Fort_Worth,Wichita,Albuquerque,first cyclic city after target excluding source and target,f11b278d4d4786ba879a3c1fd50707423d27df4d6be7f681f74b4606e41f2795
Fresno,Albuquerque,Arlington,first cyclic city after target excluding source and target,f11b278d4d4786ba879a3c1fd50707423d27df4d6be7f681f74b4606e41f2795
Fresno,Arlington,Atlanta,first cyclic city after target excluding source and target,f11b278d4d4786ba879a3c1fd50707423d27df4d6be7f681f74b4606e41f2795
Fresno,Atlanta,Austin,first cyclic city after target excluding source and target,f11b278d4d4786ba879a3c1fd50707423d27df4d6be7f681f74b4606e41f2795
Fresno,Austin,Baltimore,first cyclic city after target excluding source and target,f11b278d4d4786ba879a3c1fd50707423d27df4d6be7f681f74b4606e41f2795
Fresno,Baltimore,Boston,first cyclic city after target excluding source and target,f11b278d4d4786ba879a3c1fd50707423d27df4d6be7f681f74b4606e41f2795
Fresno,Boston,Charlotte,first cyclic city after target excluding source and target,f11b278d4d4786ba879a3c1fd50707423d27df4d6be7f681f74b4606e41f2795
Fresno,Charlotte,Chicago,first cyclic city after target excluding source and target,f11b278d4d4786ba879a3c1fd50707423d27df4d6be7f681f74b4606e41f2795
Fresno,Chicago,Colorado_Springs,first cyclic city after target excluding source and target,f11b278d4d4786ba879a3c1fd50707423d27df4d6be7f681f74b4606e41f2795
Fresno,Colorado_Springs,Columbus,first cyclic city after target excluding source and target,f11b278d4d4786ba879a3c1fd50707423d27df4d6be7f681f74b4606e41f2795
Fresno,Columbus,Dallas,first cyclic city after target excluding source and target,f11b278d4d4786ba879a3c1fd50707423d27df4d6be7f681f74b4606e41f2795
Fresno,Dallas,Denver,first cyclic city after target excluding source and target,f11b278d4d4786ba879a3c1fd50707423d27df4d6be7f681f74b4606e41f2795
Fresno,Denver,Detroit,first cyclic city after target excluding source and target,f11b278d4d4786ba879a3c1fd50707423d27df4d6be7f681f74b4606e41f2795
Fresno,Detroit,El_Paso,first cyclic city after target excluding source and target,f11b278d4d4786ba879a3c1fd50707423d27df4d6be7f681f74b4606e41f2795
Fresno,El_Paso,Fort_Worth,first cyclic city after target excluding source and target,f11b278d4d4786ba879a3c1fd50707423d27df4d6be7f681f74b4606e41f2795
Fresno,Fort_Worth,Houston,first cyclic city after target excluding source and target,f11b278d4d4786ba879a3c1fd50707423d27df4d6be7f681f74b4606e41f2795
Fresno,Houston,Indianapolis,first cyclic city after target excluding source and target,f11b278d4d4786ba879a3c1fd50707423d27df4d6be7f681f74b4606e41f2795
Fresno,Indianapolis,Jacksonville,first cyclic city after target excluding source and target,f11b278d4d4786ba879a3c1fd50707423d27df4d6be7f681f74b4606e41f2795
Fresno,Jacksonville,Kansas_City,first cyclic city after target excluding source and target,f11b278d4d4786ba879a3c1fd50707423d27df4d6be7f681f74b4606e41f2795
Fresno,Kansas_City,Las_Vegas,first cyclic city after target excluding source and target,f11b278d4d4786ba879a3c1fd50707423d27df4d6be7f681f74b4606e41f2795
Fresno,Las_Vegas,Long_Beach,first cyclic city after target excluding source and target,f11b278d4d4786ba879a3c1fd50707423d27df4d6be7f681f74b4606e41f2795
Fresno,Long_Beach,Los_Angeles,first cyclic city after target excluding source and target,f11b278d4d4786ba879a3c1fd50707423d27df4d6be7f681f74b4606e41f2795
Fresno,Los_Angeles,Louisville,first cyclic city after target excluding source and target,f11b278d4d4786ba879a3c1fd50707423d27df4d6be7f681f74b4606e41f2795
Fresno,Louisville,Memphis,first cyclic city after target excluding source and target,f11b278d4d4786ba879a3c1fd50707423d27df4d6be7f681f74b4606e41f2795
Fresno,Memphis,Mesa,first cyclic city after target excluding source and target,f11b278d4d4786ba879a3c1fd50707423d27df4d6be7f681f74b4606e41f2795
Fresno,Mesa,Miami,first cyclic city after target excluding source and target,f11b278d4d4786ba879a3c1fd50707423d27df4d6be7f681f74b4606e41f2795
Fresno,Miami,Milwaukee,first cyclic city after target excluding source and target,f11b278d4d4786ba879a3c1fd50707423d27df4d6be7f681f74b4606e41f2795
Fresno,Milwaukee,Minneapolis,first cyclic city after target excluding source and target,f11b278d4d4786ba879a3c1fd50707423d27df4d6be7f681f74b4606e41f2795
Fresno,Minneapolis,Nashville,first cyclic city after target excluding source and target,f11b278d4d4786ba879a3c1fd50707423d27df4d6be7f681f74b4606e41f2795
Fresno,Nashville,New_York,first cyclic city after target excluding source and target,f11b278d4d4786ba879a3c1fd50707423d27df4d6be7f681f74b4606e41f2795
Fresno,New_York,Oakland,first cyclic city after target excluding source and target,f11b278d4d4786ba879a3c1fd50707423d27df4d6be7f681f74b4606e41f2795
Fresno,Oakland,Oklahoma_City,first cyclic city after target excluding source and target,f11b278d4d4786ba879a3c1fd50707423d27df4d6be7f681f74b4606e41f2795
Fresno,Oklahoma_City,Omaha,first cyclic city after target excluding source and target,f11b278d4d4786ba879a3c1fd50707423d27df4d6be7f681f74b4606e41f2795
Fresno,Omaha,Philadelphia,first cyclic city after target excluding source and target,f11b278d4d4786ba879a3c1fd50707423d27df4d6be7f681f74b4606e41f2795
Fresno,Philadelphia,Phoenix,first cyclic city after target excluding source and target,f11b278d4d4786ba879a3c1fd50707423d27df4d6be7f681f74b4606e41f2795
Fresno,Phoenix,Portland,first cyclic city after target excluding source and target,f11b278d4d4786ba879a3c1fd50707423d27df4d6be7f681f74b4606e41f2795
Fresno,Portland,Raleigh,first cyclic city after target excluding source and target,f11b278d4d4786ba879a3c1fd50707423d27df4d6be7f681f74b4606e41f2795
Fresno,Raleigh,Sacramento,first cyclic city after target excluding source and target,f11b278d4d4786ba879a3c1fd50707423d27df4d6be7f681f74b4606e41f2795
Fresno,Sacramento,San_Antonio,first cyclic city after target excluding source and target,f11b278d4d4786ba879a3c1fd50707423d27df4d6be7f681f74b4606e41f2795
Fresno,San_Antonio,San_Diego,first cyclic city after target excluding source and target,f11b278d4d4786ba879a3c1fd50707423d27df4d6be7f681f74b4606e41f2795
Fresno,San_Diego,San_Francisco,first cyclic city after target excluding source and target,f11b278d4d4786ba879a3c1fd50707423d27df4d6be7f681f74b4606e41f2795
Fresno,San_Francisco,San_Jose,first cyclic city after target excluding source and target,f11b278d4d4786ba879a3c1fd50707423d27df4d6be7f681f74b4606e41f2795
Fresno,San_Jose,Seattle,first cyclic city after target excluding source and target,f11b278d4d4786ba879a3c1fd50707423d27df4d6be7f681f74b4606e41f2795
Fresno,Seattle,Tampa,first cyclic city after target excluding source and target,f11b278d4d4786ba879a3c1fd50707423d27df4d6be7f681f74b4606e41f2795
Fresno,Tampa,Tucson,first cyclic city after target excluding source and target,f11b278d4d4786ba879a3c1fd50707423d27df4d6be7f681f74b4606e41f2795
Fresno,Tucson,Tulsa,first cyclic city after target excluding source and target,f11b278d4d4786ba879a3c1fd50707423d27df4d6be7f681f74b4606e41f2795
Fresno,Tulsa,Virginia_Beach,first cyclic city after target excluding source and target,f11b278d4d4786ba879a3c1fd50707423d27df4d6be7f681f74b4606e41f2795
Fresno,Virginia_Beach,Washington_DC,first cyclic city after target excluding source and target,f11b278d4d4786ba879a3c1fd50707423d27df4d6be7f681f74b4606e41f2795
Fresno,Washington_DC,Wichita,first cyclic city after target excluding source and target,f11b278d4d4786ba879a3c1fd50707423d27df4d6be7f681f74b4606e41f2795
Fresno,Wichita,Albuquerque,first cyclic city after target excluding source and target,f11b278d4d4786ba879a3c1fd50707423d27df4d6be7f681f74b4606e41f2795
Houston,Albuquerque,Arlington,first cyclic city after target excluding source and target,f11b278d4d4786ba879a3c1fd50707423d27df4d6be7f681f74b4606e41f2795
Houston,Arlington,Atlanta,first cyclic city after target excluding source and target,f11b278d4d4786ba879a3c1fd50707423d27df4d6be7f681f74b4606e41f2795
Houston,Atlanta,Austin,first cyclic city after target excluding source and target,f11b278d4d4786ba879a3c1fd50707423d27df4d6be7f681f74b4606e41f2795
Houston,Austin,Baltimore,first cyclic city after target excluding source and target,f11b278d4d4786ba879a3c1fd50707423d27df4d6be7f681f74b4606e41f2795
Houston,Baltimore,Boston,first cyclic city after target excluding source and target,f11b278d4d4786ba879a3c1fd50707423d27df4d6be7f681f74b4606e41f2795
Houston,Boston,Charlotte,first cyclic city after target excluding source and target,f11b278d4d4786ba879a3c1fd50707423d27df4d6be7f681f74b4606e41f2795
Houston,Charlotte,Chicago,first cyclic city after target excluding source and target,f11b278d4d4786ba879a3c1fd50707423d27df4d6be7f681f74b4606e41f2795
Houston,Chicago,Colorado_Springs,first cyclic city after target excluding source and target,f11b278d4d4786ba879a3c1fd50707423d27df4d6be7f681f74b4606e41f2795
Houston,Colorado_Springs,Columbus,first cyclic city after target excluding source and target,f11b278d4d4786ba879a3c1fd50707423d27df4d6be7f681f74b4606e41f2795
Houston,Columbus,Dallas,first cyclic city after target excluding source and target,f11b278d4d4786ba879a3c1fd50707423d27df4d6be7f681f74b4606e41f2795
Houston,Dallas,Denver,first cyclic city after target excluding source and target,f11b278d4d4786ba879a3c1fd50707423d27df4d6be7f681f74b4606e41f2795
Houston,Denver,Detroit,first cyclic city after target excluding source and target,f11b278d4d4786ba879a3c1fd50707423d27df4d6be7f681f74b4606e41f2795
Houston,Detroit,El_Paso,first cyclic city after target excluding source and target,f11b278d4d4786ba879a3c1fd50707423d27df4d6be7f681f74b4606e41f2795
Houston,El_Paso,Fort_Worth,first cyclic city after target excluding source and target,f11b278d4d4786ba879a3c1fd50707423d27df4d6be7f681f74b4606e41f2795
Houston,Fort_Worth,Fresno,first cyclic city after target excluding source and target,f11b278d4d4786ba879a3c1fd50707423d27df4d6be7f681f74b4606e41f2795
Houston,Fresno,Indianapolis,first cyclic city after target excluding source and target,f11b278d4d4786ba879a3c1fd50707423d27df4d6be7f681f74b4606e41f2795
Houston,Indianapolis,Jacksonville,first cyclic city after target excluding source and target,f11b278d4d4786ba879a3c1fd50707423d27df4d6be7f681f74b4606e41f2795
Houston,Jacksonville,Kansas_City,first cyclic city after target excluding source and target,f11b278d4d4786ba879a3c1fd50707423d27df4d6be7f681f74b4606e41f2795
Houston,Kansas_City,Las_Vegas,first cyclic city after target excluding source and target,f11b278d4d4786ba879a3c1fd50707423d27df4d6be7f681f74b4606e41f2795
Houston,Las_Vegas,Long_Beach,first cyclic city after target excluding source and target,f11b278d4d4786ba879a3c1fd50707423d27df4d6be7f681f74b4606e41f2795
Houston,Long_Beach,Los_Angeles,first cyclic city after target excluding source and target,f11b278d4d4786ba879a3c1fd50707423d27df4d6be7f681f74b4606e41f2795
Houston,Los_Angeles,Louisville,first cyclic city after target excluding source and target,f11b278d4d4786ba879a3c1fd50707423d27df4d6be7f681f74b4606e41f2795
Houston,Louisville,Memphis,first cyclic city after target excluding source and target,f11b278d4d4786ba879a3c1fd50707423d27df4d6be7f681f74b4606e41f2795
Houston,Memphis,Mesa,first cyclic city after target excluding source and target,f11b278d4d4786ba879a3c1fd50707423d27df4d6be7f681f74b4606e41f2795
Houston,Mesa,Miami,first cyclic city after target excluding source and target,f11b278d4d4786ba879a3c1fd50707423d27df4d6be7f681f74b4606e41f2795
Houston,Miami,Milwaukee,first cyclic city after target excluding source and target,f11b278d4d4786ba879a3c1fd50707423d27df4d6be7f681f74b4606e41f2795
Houston,Milwaukee,Minneapolis,first cyclic city after target excluding source and target,f11b278d4d4786ba879a3c1fd50707423d27df4d6be7f681f74b4606e41f2795
Houston,Minneapolis,Nashville,first cyclic city after target excluding source and target,f11b278d4d4786ba879a3c1fd50707423d27df4d6be7f681f74b4606e41f2795
Houston,Nashville,New_York,first cyclic city after target excluding source and target,f11b278d4d4786ba879a3c1fd50707423d27df4d6be7f681f74b4606e41f2795
Houston,New_York,Oakland,first cyclic city after target excluding source and target,f11b278d4d4786ba879a3c1fd50707423d27df4d6be7f681f74b4606e41f2795
Houston,Oakland,Oklahoma_City,first cyclic city after target excluding source and target,f11b278d4d4786ba879a3c1fd50707423d27df4d6be7f681f74b4606e41f2795
Houston,Oklahoma_City,Omaha,first cyclic city after target excluding source and target,f11b278d4d4786ba879a3c1fd50707423d27df4d6be7f681f74b4606e41f2795
Houston,Omaha,Philadelphia,first cyclic city after target excluding source and target,f11b278d4d4786ba879a3c1fd50707423d27df4d6be7f681f74b4606e41f2795
Houston,Philadelphia,Phoenix,first cyclic city after target excluding source and target,f11b278d4d4786ba879a3c1fd50707423d27df4d6be7f681f74b4606e41f2795
Houston,Phoenix,Portland,first cyclic city after target excluding source and target,f11b278d4d4786ba879a3c1fd50707423d27df4d6be7f681f74b4606e41f2795
Houston,Portland,Raleigh,first cyclic city after target excluding source and target,f11b278d4d4786ba879a3c1fd50707423d27df4d6be7f681f74b4606e41f2795
Houston,Raleigh,Sacramento,first cyclic city after target excluding source and target,f11b278d4d4786ba879a3c1fd50707423d27df4d6be7f681f74b4606e41f2795
Houston,Sacramento,San_Antonio,first cyclic city after target excluding source and target,f11b278d4d4786ba879a3c1fd50707423d27df4d6be7f681f74b4606e41f2795
Houston,San_Antonio,San_Diego,first cyclic city after target excluding source and target,f11b278d4d4786ba879a3c1fd50707423d27df4d6be7f681f74b4606e41f2795
Houston,San_Diego,San_Francisco,first cyclic city after target excluding source and target,f11b278d4d4786ba879a3c1fd50707423d27df4d6be7f681f74b4606e41f2795
Houston,San_Francisco,San_Jose,first cyclic city after target excluding source and target,f11b278d4d4786ba879a3c1fd50707423d27df4d6be7f681f74b4606e41f2795
Houston,San_Jose,Seattle,first cyclic city after target excluding source and target,f11b278d4d4786ba879a3c1fd50707423d27df4d6be7f681f74b4606e41f2795
Houston,Seattle,Tampa,first cyclic city after target excluding source and target,f11b278d4d4786ba879a3c1fd50707423d27df4d6be7f681f74b4606e41f2795
Houston,Tampa,Tucson,first cyclic city after target excluding source and target,f11b278d4d4786ba879a3c1fd50707423d27df4d6be7f681f74b4606e41f2795
Houston,Tucson,Tulsa,first cyclic city after target excluding source and target,f11b278d4d4786ba879a3c1fd50707423d27df4d6be7f681f74b4606e41f2795
Houston,Tulsa,Virginia_Beach,first cyclic city after target excluding source and target,f11b278d4d4786ba879a3c1fd50707423d27df4d6be7f681f74b4606e41f2795
Houston,Virginia_Beach,Washington_DC,first cyclic city after target excluding source and target,f11b278d4d4786ba879a3c1fd50707423d27df4d6be7f681f74b4606e41f2795
Houston,Washington_DC,Wichita,first cyclic city after target excluding source and target,f11b278d4d4786ba879a3c1fd50707423d27df4d6be7f681f74b4606e41f2795
Houston,Wichita,Albuquerque,first cyclic city after target excluding source and target,f11b278d4d4786ba879a3c1fd50707423d27df4d6be7f681f74b4606e41f2795
Indianapolis,Albuquerque,Arlington,first cyclic city after target excluding source and target,f11b278d4d4786ba879a3c1fd50707423d27df4d6be7f681f74b4606e41f2795
Indianapolis,Arlington,Atlanta,first cyclic city after target excluding source and target,f11b278d4d4786ba879a3c1fd50707423d27df4d6be7f681f74b4606e41f2795
Indianapolis,Atlanta,Austin,first cyclic city after target excluding source and target,f11b278d4d4786ba879a3c1fd50707423d27df4d6be7f681f74b4606e41f2795
Indianapolis,Austin,Baltimore,first cyclic city after target excluding source and target,f11b278d4d4786ba879a3c1fd50707423d27df4d6be7f681f74b4606e41f2795
Indianapolis,Baltimore,Boston,first cyclic city after target excluding source and target,f11b278d4d4786ba879a3c1fd50707423d27df4d6be7f681f74b4606e41f2795
Indianapolis,Boston,Charlotte,first cyclic city after target excluding source and target,f11b278d4d4786ba879a3c1fd50707423d27df4d6be7f681f74b4606e41f2795
Indianapolis,Charlotte,Chicago,first cyclic city after target excluding source and target,f11b278d4d4786ba879a3c1fd50707423d27df4d6be7f681f74b4606e41f2795
Indianapolis,Chicago,Colorado_Springs,first cyclic city after target excluding source and target,f11b278d4d4786ba879a3c1fd50707423d27df4d6be7f681f74b4606e41f2795
Indianapolis,Colorado_Springs,Columbus,first cyclic city after target excluding source and target,f11b278d4d4786ba879a3c1fd50707423d27df4d6be7f681f74b4606e41f2795
Indianapolis,Columbus,Dallas,first cyclic city after target excluding source and target,f11b278d4d4786ba879a3c1fd50707423d27df4d6be7f681f74b4606e41f2795
Indianapolis,Dallas,Denver,first cyclic city after target excluding source and target,f11b278d4d4786ba879a3c1fd50707423d27df4d6be7f681f74b4606e41f2795
Indianapolis,Denver,Detroit,first cyclic city after target excluding source and target,f11b278d4d4786ba879a3c1fd50707423d27df4d6be7f681f74b4606e41f2795
Indianapolis,Detroit,El_Paso,first cyclic city after target excluding source and target,f11b278d4d4786ba879a3c1fd50707423d27df4d6be7f681f74b4606e41f2795
Indianapolis,El_Paso,Fort_Worth,first cyclic city after target excluding source and target,f11b278d4d4786ba879a3c1fd50707423d27df4d6be7f681f74b4606e41f2795
Indianapolis,Fort_Worth,Fresno,first cyclic city after target excluding source and target,f11b278d4d4786ba879a3c1fd50707423d27df4d6be7f681f74b4606e41f2795
Indianapolis,Fresno,Houston,first cyclic city after target excluding source and target,f11b278d4d4786ba879a3c1fd50707423d27df4d6be7f681f74b4606e41f2795
Indianapolis,Houston,Jacksonville,first cyclic city after target excluding source and target,f11b278d4d4786ba879a3c1fd50707423d27df4d6be7f681f74b4606e41f2795
Indianapolis,Jacksonville,Kansas_City,first cyclic city after target excluding source and target,f11b278d4d4786ba879a3c1fd50707423d27df4d6be7f681f74b4606e41f2795
Indianapolis,Kansas_City,Las_Vegas,first cyclic city after target excluding source and target,f11b278d4d4786ba879a3c1fd50707423d27df4d6be7f681f74b4606e41f2795
Indianapolis,Las_Vegas,Long_Beach,first cyclic city after target excluding source and target,f11b278d4d4786ba879a3c1fd50707423d27df4d6be7f681f74b4606e41f2795
Indianapolis,Long_Beach,Los_Angeles,first cyclic city after target excluding source and target,f11b278d4d4786ba879a3c1fd50707423d27df4d6be7f681f74b4606e41f2795
Indianapolis,Los_Angeles,Louisville,first cyclic city after target excluding source and target,f11b278d4d4786ba879a3c1fd50707423d27df4d6be7f681f74b4606e41f2795
Indianapolis,Louisville,Memphis,first cyclic city after target excluding source and target,f11b278d4d4786ba879a3c1fd50707423d27df4d6be7f681f74b4606e41f2795
Indianapolis,Memphis,Mesa,first cyclic city after target excluding source and target,f11b278d4d4786ba879a3c1fd50707423d27df4d6be7f681f74b4606e41f2795
Indianapolis,Mesa,Miami,first cyclic city after target excluding source and target,f11b278d4d4786ba879a3c1fd50707423d27df4d6be7f681f74b4606e41f2795
Indianapolis,Miami,Milwaukee,first cyclic city after target excluding source and target,f11b278d4d4786ba879a3c1fd50707423d27df4d6be7f681f74b4606e41f2795
Indianapolis,Milwaukee,Minneapolis,first cyclic city after target excluding source and target,f11b278d4d4786ba879a3c1fd50707423d27df4d6be7f681f74b4606e41f2795
Indianapolis,Minneapolis,Nashville,first cyclic city after target excluding source and target,f11b278d4d4786ba879a3c1fd50707423d27df4d6be7f681f74b4606e41f2795
Indianapolis,Nashville,New_York,first cyclic city after target excluding source and target,f11b278d4d4786ba879a3c1fd50707423d27df4d6be7f681f74b4606e41f2795
Indianapolis,New_York,Oakland,first cyclic city after target excluding source and target,f11b278d4d4786ba879a3c1fd50707423d27df4d6be7f681f74b4606e41f2795
Indianapolis,Oakland,Oklahoma_City,first cyclic city after target excluding source and target,f11b278d4d4786ba879a3c1fd50707423d27df4d6be7f681f74b4606e41f2795
Indianapolis,Oklahoma_City,Omaha,first cyclic city after target excluding source and target,f11b278d4d4786ba879a3c1fd50707423d27df4d6be7f681f74b4606e41f2795
Indianapolis,Omaha,Philadelphia,first cyclic city after target excluding source and target,f11b278d4d4786ba879a3c1fd50707423d27df4d6be7f681f74b4606e41f2795
Indianapolis,Philadelphia,Phoenix,first cyclic city after target excluding source and target,f11b278d4d4786ba879a3c1fd50707423d27df4d6be7f681f74b4606e41f2795
Indianapolis,Phoenix,Portland,first cyclic city after target excluding source and target,f11b278d4d4786ba879a3c1fd50707423d27df4d6be7f681f74b4606e41f2795
Indianapolis,Portland,Raleigh,first cyclic city after target excluding source and target,f11b278d4d4786ba879a3c1fd50707423d27df4d6be7f681f74b4606e41f2795
Indianapolis,Raleigh,Sacramento,first cyclic city after target excluding source and target,f11b278d4d4786ba879a3c1fd50707423d27df4d6be7f681f74b4606e41f2795
Indianapolis,Sacramento,San_Antonio,first cyclic city after target excluding source and target,f11b278d4d4786ba879a3c1fd50707423d27df4d6be7f681f74b4606e41f2795
Indianapolis,San_Antonio,San_Diego,first cyclic city after target excluding source and target,f11b278d4d4786ba879a3c1fd50707423d27df4d6be7f681f74b4606e41f2795
Indianapolis,San_Diego,San_Francisco,first cyclic city after target excluding source and target,f11b278d4d4786ba879a3c1fd50707423d27df4d6be7f681f74b4606e41f2795
Indianapolis,San_Francisco,San_Jose,first cyclic city after target excluding source and target,f11b278d4d4786ba879a3c1fd50707423d27df4d6be7f681f74b4606e41f2795
Indianapolis,San_Jose,Seattle,first cyclic city after target excluding source and target,f11b278d4d4786ba879a3c1fd50707423d27df4d6be7f681f74b4606e41f2795
Indianapolis,Seattle,Tampa,first cyclic city after target excluding source and target,f11b278d4d4786ba879a3c1fd50707423d27df4d6be7f681f74b4606e41f2795
Indianapolis,Tampa,Tucson,first cyclic city after target excluding source and target,f11b278d4d4786ba879a3c1fd50707423d27df4d6be7f681f74b4606e41f2795
Indianapolis,Tucson,Tulsa,first cyclic city after target excluding source and target,f11b278d4d4786ba879a3c1fd50707423d27df4d6be7f681f74b4606e41f2795
Indianapolis,Tulsa,Virginia_Beach,first cyclic city after target excluding source and target,f11b278d4d4786ba879a3c1fd50707423d27df4d6be7f681f74b4606e41f2795
Indianapolis,Virginia_Beach,Washington_DC,first cyclic city after target excluding source and target,f11b278d4d4786ba879a3c1fd50707423d27df4d6be7f681f74b4606e41f2795
Indianapolis,Washington_DC,Wichita,first cyclic city after target excluding source and target,f11b278d4d4786ba879a3c1fd50707423d27df4d6be7f681f74b4606e41f2795
Indianapolis,Wichita,Albuquerque,first cyclic city after target excluding source and target,f11b278d4d4786ba879a3c1fd50707423d27df4d6be7f681f74b4606e41f2795
Jacksonville,Albuquerque,Arlington,first cyclic city after target excluding source and target,f11b278d4d4786ba879a3c1fd50707423d27df4d6be7f681f74b4606e41f2795
Jacksonville,Arlington,Atlanta,first cyclic city after target excluding source and target,f11b278d4d4786ba879a3c1fd50707423d27df4d6be7f681f74b4606e41f2795
Jacksonville,Atlanta,Austin,first cyclic city after target excluding source and target,f11b278d4d4786ba879a3c1fd50707423d27df4d6be7f681f74b4606e41f2795
Jacksonville,Austin,Baltimore,first cyclic city after target excluding source and target,f11b278d4d4786ba879a3c1fd50707423d27df4d6be7f681f74b4606e41f2795
Jacksonville,Baltimore,Boston,first cyclic city after target excluding source and target,f11b278d4d4786ba879a3c1fd50707423d27df4d6be7f681f74b4606e41f2795
Jacksonville,Boston,Charlotte,first cyclic city after target excluding source and target,f11b278d4d4786ba879a3c1fd50707423d27df4d6be7f681f74b4606e41f2795
Jacksonville,Charlotte,Chicago,first cyclic city after target excluding source and target,f11b278d4d4786ba879a3c1fd50707423d27df4d6be7f681f74b4606e41f2795
Jacksonville,Chicago,Colorado_Springs,first cyclic city after target excluding source and target,f11b278d4d4786ba879a3c1fd50707423d27df4d6be7f681f74b4606e41f2795
Jacksonville,Colorado_Springs,Columbus,first cyclic city after target excluding source and target,f11b278d4d4786ba879a3c1fd50707423d27df4d6be7f681f74b4606e41f2795
Jacksonville,Columbus,Dallas,first cyclic city after target excluding source and target,f11b278d4d4786ba879a3c1fd50707423d27df4d6be7f681f74b4606e41f2795
Jacksonville,Dallas,Denver,first cyclic city after target excluding source and target,f11b278d4d4786ba879a3c1fd50707423d27df4d6be7f681f74b4606e41f2795
Jacksonville,Denver,Detroit,first cyclic city after target excluding source and target,f11b278d4d4786ba879a3c1fd50707423d27df4d6be7f681f74b4606e41f2795
Jacksonville,Detroit,El_Paso,first cyclic city after target excluding source and target,f11b278d4d4786ba879a3c1fd50707423d27df4d6be7f681f74b4606e41f2795
Jacksonville,El_Paso,Fort_Worth,first cyclic city after target excluding source and target,f11b278d4d4786ba879a3c1fd50707423d27df4d6be7f681f74b4606e41f2795
Jacksonville,Fort_Worth,Fresno,first cyclic city after target excluding source and target,f11b278d4d4786ba879a3c1fd50707423d27df4d6be7f681f74b4606e41f2795
Jacksonville,Fresno,Houston,first cyclic city after target excluding source and target,f11b278d4d4786ba879a3c1fd50707423d27df4d6be7f681f74b4606e41f2795
Jacksonville,Houston,Indianapolis,first cyclic city after target excluding source and target,f11b278d4d4786ba879a3c1fd50707423d27df4d6be7f681f74b4606e41f2795
Jacksonville,Indianapolis,Kansas_City,first cyclic city after target excluding source and target,f11b278d4d4786ba879a3c1fd50707423d27df4d6be7f681f74b4606e41f2795
Jacksonville,Kansas_City,Las_Vegas,first cyclic city after target excluding source and target,f11b278d4d4786ba879a3c1fd50707423d27df4d6be7f681f74b4606e41f2795
Jacksonville,Las_Vegas,Long_Beach,first cyclic city after target excluding source and target,f11b278d4d4786ba879a3c1fd50707423d27df4d6be7f681f74b4606e41f2795
Jacksonville,Long_Beach,Los_Angeles,first cyclic city after target excluding source and target,f11b278d4d4786ba879a3c1fd50707423d27df4d6be7f681f74b4606e41f2795
Jacksonville,Los_Angeles,Louisville,first cyclic city after target excluding source and target,f11b278d4d4786ba879a3c1fd50707423d27df4d6be7f681f74b4606e41f2795
Jacksonville,Louisville,Memphis,first cyclic city after target excluding source and target,f11b278d4d4786ba879a3c1fd50707423d27df4d6be7f681f74b4606e41f2795
Jacksonville,Memphis,Mesa,first cyclic city after target excluding source and target,f11b278d4d4786ba879a3c1fd50707423d27df4d6be7f681f74b4606e41f2795
Jacksonville,Mesa,Miami,first cyclic city after target excluding source and target,f11b278d4d4786ba879a3c1fd50707423d27df4d6be7f681f74b4606e41f2795
Jacksonville,Miami,Milwaukee,first cyclic city after target excluding source and target,f11b278d4d4786ba879a3c1fd50707423d27df4d6be7f681f74b4606e41f2795
Jacksonville,Milwaukee,Minneapolis,first cyclic city after target excluding source and target,f11b278d4d4786ba879a3c1fd50707423d27df4d6be7f681f74b4606e41f2795
Jacksonville,Minneapolis,Nashville,first cyclic city after target excluding source and target,f11b278d4d4786ba879a3c1fd50707423d27df4d6be7f681f74b4606e41f2795
Jacksonville,Nashville,New_York,first cyclic city after target excluding source and target,f11b278d4d4786ba879a3c1fd50707423d27df4d6be7f681f74b4606e41f2795
Jacksonville,New_York,Oakland,first cyclic city after target excluding source and target,f11b278d4d4786ba879a3c1fd50707423d27df4d6be7f681f74b4606e41f2795
Jacksonville,Oakland,Oklahoma_City,first cyclic city after target excluding source and target,f11b278d4d4786ba879a3c1fd50707423d27df4d6be7f681f74b4606e41f2795
Jacksonville,Oklahoma_City,Omaha,first cyclic city after target excluding source and target,f11b278d4d4786ba879a3c1fd50707423d27df4d6be7f681f74b4606e41f2795
Jacksonville,Omaha,Philadelphia,first cyclic city after target excluding source and target,f11b278d4d4786ba879a3c1fd50707423d27df4d6be7f681f74b4606e41f2795
Jacksonville,Philadelphia,Phoenix,first cyclic city after target excluding source and target,f11b278d4d4786ba879a3c1fd50707423d27df4d6be7f681f74b4606e41f2795
Jacksonville,Phoenix,Portland,first cyclic city after target excluding source and target,f11b278d4d4786ba879a3c1fd50707423d27df4d6be7f681f74b4606e41f2795
Jacksonville,Portland,Raleigh,first cyclic city after target excluding source and target,f11b278d4d4786ba879a3c1fd50707423d27df4d6be7f681f74b4606e41f2795
Jacksonville,Raleigh,Sacramento,first cyclic city after target excluding source and target,f11b278d4d4786ba879a3c1fd50707423d27df4d6be7f681f74b4606e41f2795
Jacksonville,Sacramento,San_Antonio,first cyclic city after target excluding source and target,f11b278d4d4786ba879a3c1fd50707423d27df4d6be7f681f74b4606e41f2795
Jacksonville,San_Antonio,San_Diego,first cyclic city after target excluding source and target,f11b278d4d4786ba879a3c1fd50707423d27df4d6be7f681f74b4606e41f2795
Jacksonville,San_Diego,San_Francisco,first cyclic city after target excluding source and target,f11b278d4d4786ba879a3c1fd50707423d27df4d6be7f681f74b4606e41f2795
Jacksonville,San_Francisco,San_Jose,first cyclic city after target excluding source and target,f11b278d4d4786ba879a3c1fd50707423d27df4d6be7f681f74b4606e41f2795
Jacksonville,San_Jose,Seattle,first cyclic city after target excluding source and target,f11b278d4d4786ba879a3c1fd50707423d27df4d6be7f681f74b4606e41f2795
Jacksonville,Seattle,Tampa,first cyclic city after target excluding source and target,f11b278d4d4786ba879a3c1fd50707423d27df4d6be7f681f74b4606e41f2795
Jacksonville,Tampa,Tucson,first cyclic city after target excluding source and target,f11b278d4d4786ba879a3c1fd50707423d27df4d6be7f681f74b4606e41f2795
Jacksonville,Tucson,Tulsa,first cyclic city after target excluding source and target,f11b278d4d4786ba879a3c1fd50707423d27df4d6be7f681f74b4606e41f2795
Jacksonville,Tulsa,Virginia_Beach,first cyclic city after target excluding source and target,f11b278d4d4786ba879a3c1fd50707423d27df4d6be7f681f74b4606e41f2795
Jacksonville,Virginia_Beach,Washington_DC,first cyclic city after target excluding source and target,f11b278d4d4786ba879a3c1fd50707423d27df4d6be7f681f74b4606e41f2795
Jacksonville,Washington_DC,Wichita,first cyclic city after target excluding source and target,f11b278d4d4786ba879a3c1fd50707423d27df4d6be7f681f74b4606e41f2795
Jacksonville,Wichita,Albuquerque,first cyclic city after target excluding source and target,f11b278d4d4786ba879a3c1fd50707423d27df4d6be7f681f74b4606e41f2795
Kansas_City,Albuquerque,Arlington,first cyclic city after target excluding source and target,f11b278d4d4786ba879a3c1fd50707423d27df4d6be7f681f74b4606e41f2795
Kansas_City,Arlington,Atlanta,first cyclic city after target excluding source and target,f11b278d4d4786ba879a3c1fd50707423d27df4d6be7f681f74b4606e41f2795
Kansas_City,Atlanta,Austin,first cyclic city after target excluding source and target,f11b278d4d4786ba879a3c1fd50707423d27df4d6be7f681f74b4606e41f2795
Kansas_City,Austin,Baltimore,first cyclic city after target excluding source and target,f11b278d4d4786ba879a3c1fd50707423d27df4d6be7f681f74b4606e41f2795
Kansas_City,Baltimore,Boston,first cyclic city after target excluding source and target,f11b278d4d4786ba879a3c1fd50707423d27df4d6be7f681f74b4606e41f2795
Kansas_City,Boston,Charlotte,first cyclic city after target excluding source and target,f11b278d4d4786ba879a3c1fd50707423d27df4d6be7f681f74b4606e41f2795
Kansas_City,Charlotte,Chicago,first cyclic city after target excluding source and target,f11b278d4d4786ba879a3c1fd50707423d27df4d6be7f681f74b4606e41f2795
Kansas_City,Chicago,Colorado_Springs,first cyclic city after target excluding source and target,f11b278d4d4786ba879a3c1fd50707423d27df4d6be7f681f74b4606e41f2795
Kansas_City,Colorado_Springs,Columbus,first cyclic city after target excluding source and target,f11b278d4d4786ba879a3c1fd50707423d27df4d6be7f681f74b4606e41f2795
Kansas_City,Columbus,Dallas,first cyclic city after target excluding source and target,f11b278d4d4786ba879a3c1fd50707423d27df4d6be7f681f74b4606e41f2795
Kansas_City,Dallas,Denver,first cyclic city after target excluding source and target,f11b278d4d4786ba879a3c1fd50707423d27df4d6be7f681f74b4606e41f2795
Kansas_City,Denver,Detroit,first cyclic city after target excluding source and target,f11b278d4d4786ba879a3c1fd50707423d27df4d6be7f681f74b4606e41f2795
Kansas_City,Detroit,El_Paso,first cyclic city after target excluding source and target,f11b278d4d4786ba879a3c1fd50707423d27df4d6be7f681f74b4606e41f2795
Kansas_City,El_Paso,Fort_Worth,first cyclic city after target excluding source and target,f11b278d4d4786ba879a3c1fd50707423d27df4d6be7f681f74b4606e41f2795
Kansas_City,Fort_Worth,Fresno,first cyclic city after target excluding source and target,f11b278d4d4786ba879a3c1fd50707423d27df4d6be7f681f74b4606e41f2795
Kansas_City,Fresno,Houston,first cyclic city after target excluding source and target,f11b278d4d4786ba879a3c1fd50707423d27df4d6be7f681f74b4606e41f2795
Kansas_City,Houston,Indianapolis,first cyclic city after target excluding source and target,f11b278d4d4786ba879a3c1fd50707423d27df4d6be7f681f74b4606e41f2795
Kansas_City,Indianapolis,Jacksonville,first cyclic city after target excluding source and target,f11b278d4d4786ba879a3c1fd50707423d27df4d6be7f681f74b4606e41f2795
Kansas_City,Jacksonville,Las_Vegas,first cyclic city after target excluding source and target,f11b278d4d4786ba879a3c1fd50707423d27df4d6be7f681f74b4606e41f2795
Kansas_City,Las_Vegas,Long_Beach,first cyclic city after target excluding source and target,f11b278d4d4786ba879a3c1fd50707423d27df4d6be7f681f74b4606e41f2795
Kansas_City,Long_Beach,Los_Angeles,first cyclic city after target excluding source and target,f11b278d4d4786ba879a3c1fd50707423d27df4d6be7f681f74b4606e41f2795
Kansas_City,Los_Angeles,Louisville,first cyclic city after target excluding source and target,f11b278d4d4786ba879a3c1fd50707423d27df4d6be7f681f74b4606e41f2795
Kansas_City,Louisville,Memphis,first cyclic city after target excluding source and target,f11b278d4d4786ba879a3c1fd50707423d27df4d6be7f681f74b4606e41f2795
Kansas_City,Memphis,Mesa,first cyclic city after target excluding source and target,f11b278d4d4786ba879a3c1fd50707423d27df4d6be7f681f74b4606e41f2795
Kansas_City,Mesa,Miami,first cyclic city after target excluding source and target,f11b278d4d4786ba879a3c1fd50707423d27df4d6be7f681f74b4606e41f2795
Kansas_City,Miami,Milwaukee,first cyclic city after target excluding source and target,f11b278d4d4786ba879a3c1fd50707423d27df4d6be7f681f74b4606e41f2795
Kansas_City,Milwaukee,Minneapolis,first cyclic city after target excluding source and target,f11b278d4d4786ba879a3c1fd50707423d27df4d6be7f681f74b4606e41f2795
Kansas_City,Minneapolis,Nashville,first cyclic city after target excluding source and target,f11b278d4d4786ba879a3c1fd50707423d27df4d6be7f681f74b4606e41f2795
Kansas_City,Nashville,New_York,first cyclic city after target excluding source and target,f11b278d4d4786ba879a3c1fd50707423d27df4d6be7f681f74b4606e41f2795
Kansas_City,New_York,Oakland,first cyclic city after target excluding source and target,f11b278d4d4786ba879a3c1fd50707423d27df4d6be7f681f74b4606e41f2795
Kansas_City,Oakland,Oklahoma_City,first cyclic city after target excluding source and target,f11b278d4d4786ba879a3c1fd50707423d27df4d6be7f681f74b4606e41f2795
Kansas_City,Oklahoma_City,Omaha,first cyclic city after target excluding source and target,f11b278d4d4786ba879a3c1fd50707423d27df4d6be7f681f74b4606e41f2795
Kansas_City,Omaha,Philadelphia,first cyclic city after target excluding source and target,f11b278d4d4786ba879a3c1fd50707423d27df4d6be7f681f74b4606e41f2795
Kansas_City,Philadelphia,Phoenix,first cyclic city after target excluding source and target,f11b278d4d4786ba879a3c1fd50707423d27df4d6be7f681f74b4606e41f2795
Kansas_City,Phoenix,Portland,first cyclic city after target excluding source and target,f11b278d4d4786ba879a3c1fd50707423d27df4d6be7f681f74b4606e41f2795
Kansas_City,Portland,Raleigh,first cyclic city after target excluding source and target,f11b278d4d4786ba879a3c1fd50707423d27df4d6be7f681f74b4606e41f2795
Kansas_City,Raleigh,Sacramento,first cyclic city after target excluding source and target,f11b278d4d4786ba879a3c1fd50707423d27df4d6be7f681f74b4606e41f2795
Kansas_City,Sacramento,San_Antonio,first cyclic city after target excluding source and target,f11b278d4d4786ba879a3c1fd50707423d27df4d6be7f681f74b4606e41f2795
Kansas_City,San_Antonio,San_Diego,first cyclic city after target excluding source and target,f11b278d4d4786ba879a3c1fd50707423d27df4d6be7f681f74b4606e41f2795
Kansas_City,San_Diego,San_Francisco,first cyclic city after target excluding source and target,f11b278d4d4786ba879a3c1fd50707423d27df4d6be7f681f74b4606e41f2795
Kansas_City,San_Francisco,San_Jose,first cyclic city after target excluding source and target,f11b278d4d4786ba879a3c1fd50707423d27df4d6be7f681f74b4606e41f2795
Kansas_City,San_Jose,Seattle,first cyclic city after target excluding source and target,f11b278d4d4786ba879a3c1fd50707423d27df4d6be7f681f74b4606e41f2795
Kansas_City,Seattle,Tampa,first cyclic city after target excluding source and target,f11b278d4d4786ba879a3c1fd50707423d27df4d6be7f681f74b4606e41f2795
Kansas_City,Tampa,Tucson,first cyclic city after target excluding source and target,f11b278d4d4786ba879a3c1fd50707423d27df4d6be7f681f74b4606e41f2795
Kansas_City,Tucson,Tulsa,first cyclic city after target excluding source and target,f11b278d4d4786ba879a3c1fd50707423d27df4d6be7f681f74b4606e41f2795
Kansas_City,Tulsa,Virginia_Beach,first cyclic city after target excluding source and target,f11b278d4d4786ba879a3c1fd50707423d27df4d6be7f681f74b4606e41f2795
Kansas_City,Virginia_Beach,Washington_DC,first cyclic city after target excluding source and target,f11b278d4d4786ba879a3c1fd50707423d27df4d6be7f681f74b4606e41f2795
Kansas_City,Washington_DC,Wichita,first cyclic city after target excluding source and target,f11b278d4d4786ba879a3c1fd50707423d27df4d6be7f681f74b4606e41f2795
Kansas_City,Wichita,Albuquerque,first cyclic city after target excluding source and target,f11b278d4d4786ba879a3c1fd50707423d27df4d6be7f681f74b4606e41f2795
Las_Vegas,Albuquerque,Arlington,first cyclic city after target excluding source and target,f11b278d4d4786ba879a3c1fd50707423d27df4d6be7f681f74b4606e41f2795
Las_Vegas,Arlington,Atlanta,first cyclic city after target excluding source and target,f11b278d4d4786ba879a3c1fd50707423d27df4d6be7f681f74b4606e41f2795
Las_Vegas,Atlanta,Austin,first cyclic city after target excluding source and target,f11b278d4d4786ba879a3c1fd50707423d27df4d6be7f681f74b4606e41f2795
Las_Vegas,Austin,Baltimore,first cyclic city after target excluding source and target,f11b278d4d4786ba879a3c1fd50707423d27df4d6be7f681f74b4606e41f2795
Las_Vegas,Baltimore,Boston,first cyclic city after target excluding source and target,f11b278d4d4786ba879a3c1fd50707423d27df4d6be7f681f74b4606e41f2795
Las_Vegas,Boston,Charlotte,first cyclic city after target excluding source and target,f11b278d4d4786ba879a3c1fd50707423d27df4d6be7f681f74b4606e41f2795
Las_Vegas,Charlotte,Chicago,first cyclic city after target excluding source and target,f11b278d4d4786ba879a3c1fd50707423d27df4d6be7f681f74b4606e41f2795
Las_Vegas,Chicago,Colorado_Springs,first cyclic city after target excluding source and target,f11b278d4d4786ba879a3c1fd50707423d27df4d6be7f681f74b4606e41f2795
Las_Vegas,Colorado_Springs,Columbus,first cyclic city after target excluding source and target,f11b278d4d4786ba879a3c1fd50707423d27df4d6be7f681f74b4606e41f2795
Las_Vegas,Columbus,Dallas,first cyclic city after target excluding source and target,f11b278d4d4786ba879a3c1fd50707423d27df4d6be7f681f74b4606e41f2795
Las_Vegas,Dallas,Denver,first cyclic city after target excluding source and target,f11b278d4d4786ba879a3c1fd50707423d27df4d6be7f681f74b4606e41f2795
Las_Vegas,Denver,Detroit,first cyclic city after target excluding source and target,f11b278d4d4786ba879a3c1fd50707423d27df4d6be7f681f74b4606e41f2795
Las_Vegas,Detroit,El_Paso,first cyclic city after target excluding source and target,f11b278d4d4786ba879a3c1fd50707423d27df4d6be7f681f74b4606e41f2795
Las_Vegas,El_Paso,Fort_Worth,first cyclic city after target excluding source and target,f11b278d4d4786ba879a3c1fd50707423d27df4d6be7f681f74b4606e41f2795
Las_Vegas,Fort_Worth,Fresno,first cyclic city after target excluding source and target,f11b278d4d4786ba879a3c1fd50707423d27df4d6be7f681f74b4606e41f2795
Las_Vegas,Fresno,Houston,first cyclic city after target excluding source and target,f11b278d4d4786ba879a3c1fd50707423d27df4d6be7f681f74b4606e41f2795
Las_Vegas,Houston,Indianapolis,first cyclic city after target excluding source and target,f11b278d4d4786ba879a3c1fd50707423d27df4d6be7f681f74b4606e41f2795
Las_Vegas,Indianapolis,Jacksonville,first cyclic city after target excluding source and target,f11b278d4d4786ba879a3c1fd50707423d27df4d6be7f681f74b4606e41f2795
Las_Vegas,Jacksonville,Kansas_City,first cyclic city after target excluding source and target,f11b278d4d4786ba879a3c1fd50707423d27df4d6be7f681f74b4606e41f2795
Las_Vegas,Kansas_City,Long_Beach,first cyclic city after target excluding source and target,f11b278d4d4786ba879a3c1fd50707423d27df4d6be7f681f74b4606e41f2795
Las_Vegas,Long_Beach,Los_Angeles,first cyclic city after target excluding source and target,f11b278d4d4786ba879a3c1fd50707423d27df4d6be7f681f74b4606e41f2795
Las_Vegas,Los_Angeles,Louisville,first cyclic city after target excluding source and target,f11b278d4d4786ba879a3c1fd50707423d27df4d6be7f681f74b4606e41f2795
Las_Vegas,Louisville,Memphis,first cyclic city after target excluding source and target,f11b278d4d4786ba879a3c1fd50707423d27df4d6be7f681f74b4606e41f2795
Las_Vegas,Memphis,Mesa,first cyclic city after target excluding source and target,f11b278d4d4786ba879a3c1fd50707423d27df4d6be7f681f74b4606e41f2795
Las_Vegas,Mesa,Miami,first cyclic city after target excluding source and target,f11b278d4d4786ba879a3c1fd50707423d27df4d6be7f681f74b4606e41f2795
Las_Vegas,Miami,Milwaukee,first cyclic city after target excluding source and target,f11b278d4d4786ba879a3c1fd50707423d27df4d6be7f681f74b4606e41f2795
Las_Vegas,Milwaukee,Minneapolis,first cyclic city after target excluding source and target,f11b278d4d4786ba879a3c1fd50707423d27df4d6be7f681f74b4606e41f2795
Las_Vegas,Minneapolis,Nashville,first cyclic city after target excluding source and target,f11b278d4d4786ba879a3c1fd50707423d27df4d6be7f681f74b4606e41f2795
Las_Vegas,Nashville,New_York,first cyclic city after target excluding source and target,f11b278d4d4786ba879a3c1fd50707423d27df4d6be7f681f74b4606e41f2795
Las_Vegas,New_York,Oakland,first cyclic city after target excluding source and target,f11b278d4d4786ba879a3c1fd50707423d27df4d6be7f681f74b4606e41f2795
Las_Vegas,Oakland,Oklahoma_City,first cyclic city after target excluding source and target,f11b278d4d4786ba879a3c1fd50707423d27df4d6be7f681f74b4606e41f2795
Las_Vegas,Oklahoma_City,Omaha,first cyclic city after target excluding source and target,f11b278d4d4786ba879a3c1fd50707423d27df4d6be7f681f74b4606e41f2795
Las_Vegas,Omaha,Philadelphia,first cyclic city after target excluding source and target,f11b278d4d4786ba879a3c1fd50707423d27df4d6be7f681f74b4606e41f2795
Las_Vegas,Philadelphia,Phoenix,first cyclic city after target excluding source and target,f11b278d4d4786ba879a3c1fd50707423d27df4d6be7f681f74b4606e41f2795
Las_Vegas,Phoenix,Portland,first cyclic city after target excluding source and target,f11b278d4d4786ba879a3c1fd50707423d27df4d6be7f681f74b4606e41f2795
Las_Vegas,Portland,Raleigh,first cyclic city after target excluding source and target,f11b278d4d4786ba879a3c1fd50707423d27df4d6be7f681f74b4606e41f2795
Las_Vegas,Raleigh,Sacramento,first cyclic city after target excluding source and target,f11b278d4d4786ba879a3c1fd50707423d27df4d6be7f681f74b4606e41f2795
Las_Vegas,Sacramento,San_Antonio,first cyclic city after target excluding source and target,f11b278d4d4786ba879a3c1fd50707423d27df4d6be7f681f74b4606e41f2795
Las_Vegas,San_Antonio,San_Diego,first cyclic city after target excluding source and target,f11b278d4d4786ba879a3c1fd50707423d27df4d6be7f681f74b4606e41f2795
Las_Vegas,San_Diego,San_Francisco,first cyclic city after target excluding source and target,f11b278d4d4786ba879a3c1fd50707423d27df4d6be7f681f74b4606e41f2795
Las_Vegas,San_Francisco,San_Jose,first cyclic city after target excluding source and target,f11b278d4d4786ba879a3c1fd50707423d27df4d6be7f681f74b4606e41f2795
Las_Vegas,San_Jose,Seattle,first cyclic city after target excluding source and target,f11b278d4d4786ba879a3c1fd50707423d27df4d6be7f681f74b4606e41f2795
Las_Vegas,Seattle,Tampa,first cyclic city after target excluding source and target,f11b278d4d4786ba879a3c1fd50707423d27df4d6be7f681f74b4606e41f2795
Las_Vegas,Tampa,Tucson,first cyclic city after target excluding source and target,f11b278d4d4786ba879a3c1fd50707423d27df4d6be7f681f74b4606e41f2795
Las_Vegas,Tucson,Tulsa,first cyclic city after target excluding source and target,f11b278d4d4786ba879a3c1fd50707423d27df4d6be7f681f74b4606e41f2795
Las_Vegas,Tulsa,Virginia_Beach,first cyclic city after target excluding source and target,f11b278d4d4786ba879a3c1fd50707423d27df4d6be7f681f74b4606e41f2795
Las_Vegas,Virginia_Beach,Washington_DC,first cyclic city after target excluding source and target,f11b278d4d4786ba879a3c1fd50707423d27df4d6be7f681f74b4606e41f2795
Las_Vegas,Washington_DC,Wichita,first cyclic city after target excluding source and target,f11b278d4d4786ba879a3c1fd50707423d27df4d6be7f681f74b4606e41f2795
Las_Vegas,Wichita,Albuquerque,first cyclic city after target excluding source and target,f11b278d4d4786ba879a3c1fd50707423d27df4d6be7f681f74b4606e41f2795
Long_Beach,Albuquerque,Arlington,first cyclic city after target excluding source and target,f11b278d4d4786ba879a3c1fd50707423d27df4d6be7f681f74b4606e41f2795
Long_Beach,Arlington,Atlanta,first cyclic city after target excluding source and target,f11b278d4d4786ba879a3c1fd50707423d27df4d6be7f681f74b4606e41f2795
Long_Beach,Atlanta,Austin,first cyclic city after target excluding source and target,f11b278d4d4786ba879a3c1fd50707423d27df4d6be7f681f74b4606e41f2795
Long_Beach,Austin,Baltimore,first cyclic city after target excluding source and target,f11b278d4d4786ba879a3c1fd50707423d27df4d6be7f681f74b4606e41f2795
Long_Beach,Baltimore,Boston,first cyclic city after target excluding source and target,f11b278d4d4786ba879a3c1fd50707423d27df4d6be7f681f74b4606e41f2795
Long_Beach,Boston,Charlotte,first cyclic city after target excluding source and target,f11b278d4d4786ba879a3c1fd50707423d27df4d6be7f681f74b4606e41f2795
Long_Beach,Charlotte,Chicago,first cyclic city after target excluding source and target,f11b278d4d4786ba879a3c1fd50707423d27df4d6be7f681f74b4606e41f2795
Long_Beach,Chicago,Colorado_Springs,first cyclic city after target excluding source and target,f11b278d4d4786ba879a3c1fd50707423d27df4d6be7f681f74b4606e41f2795
Long_Beach,Colorado_Springs,Columbus,first cyclic city after target excluding source and target,f11b278d4d4786ba879a3c1fd50707423d27df4d6be7f681f74b4606e41f2795
Long_Beach,Columbus,Dallas,first cyclic city after target excluding source and target,f11b278d4d4786ba879a3c1fd50707423d27df4d6be7f681f74b4606e41f2795
Long_Beach,Dallas,Denver,first cyclic city after target excluding source and target,f11b278d4d4786ba879a3c1fd50707423d27df4d6be7f681f74b4606e41f2795
Long_Beach,Denver,Detroit,first cyclic city after target excluding source and target,f11b278d4d4786ba879a3c1fd50707423d27df4d6be7f681f74b4606e41f2795
Long_Beach,Detroit,El_Paso,first cyclic city after target excluding source and target,f11b278d4d4786ba879a3c1fd50707423d27df4d6be7f681f74b4606e41f2795
Long_Beach,El_Paso,Fort_Worth,first cyclic city after target excluding source and target,f11b278d4d4786ba879a3c1fd50707423d27df4d6be7f681f74b4606e41f2795
Long_Beach,Fort_Worth,Fresno,first cyclic city after target excluding source and target,f11b278d4d4786ba879a3c1fd50707423d27df4d6be7f681f74b4606e41f2795
Long_Beach,Fresno,Houston,first cyclic city after target excluding source and target,f11b278d4d4786ba879a3c1fd50707423d27df4d6be7f681f74b4606e41f2795
Long_Beach,Houston,Indianapolis,first cyclic city after target excluding source and target,f11b278d4d4786ba879a3c1fd50707423d27df4d6be7f681f74b4606e41f2795
Long_Beach,Indianapolis,Jacksonville,first cyclic city after target excluding source and target,f11b278d4d4786ba879a3c1fd50707423d27df4d6be7f681f74b4606e41f2795
Long_Beach,Jacksonville,Kansas_City,first cyclic city after target excluding source and target,f11b278d4d4786ba879a3c1fd50707423d27df4d6be7f681f74b4606e41f2795
Long_Beach,Kansas_City,Las_Vegas,first cyclic city after target excluding source and target,f11b278d4d4786ba879a3c1fd50707423d27df4d6be7f681f74b4606e41f2795
Long_Beach,Las_Vegas,Los_Angeles,first cyclic city after target excluding source and target,f11b278d4d4786ba879a3c1fd50707423d27df4d6be7f681f74b4606e41f2795
Long_Beach,Los_Angeles,Louisville,first cyclic city after target excluding source and target,f11b278d4d4786ba879a3c1fd50707423d27df4d6be7f681f74b4606e41f2795
Long_Beach,Louisville,Memphis,first cyclic city after target excluding source and target,f11b278d4d4786ba879a3c1fd50707423d27df4d6be7f681f74b4606e41f2795
Long_Beach,Memphis,Mesa,first cyclic city after target excluding source and target,f11b278d4d4786ba879a3c1fd50707423d27df4d6be7f681f74b4606e41f2795
Long_Beach,Mesa,Miami,first cyclic city after target excluding source and target,f11b278d4d4786ba879a3c1fd50707423d27df4d6be7f681f74b4606e41f2795
Long_Beach,Miami,Milwaukee,first cyclic city after target excluding source and target,f11b278d4d4786ba879a3c1fd50707423d27df4d6be7f681f74b4606e41f2795
Long_Beach,Milwaukee,Minneapolis,first cyclic city after target excluding source and target,f11b278d4d4786ba879a3c1fd50707423d27df4d6be7f681f74b4606e41f2795
Long_Beach,Minneapolis,Nashville,first cyclic city after target excluding source and target,f11b278d4d4786ba879a3c1fd50707423d27df4d6be7f681f74b4606e41f2795
Long_Beach,Nashville,New_York,first cyclic city after target excluding source and target,f11b278d4d4786ba879a3c1fd50707423d27df4d6be7f681f74b4606e41f2795
Long_Beach,New_York,Oakland,first cyclic city after target excluding source and target,f11b278d4d4786ba879a3c1fd50707423d27df4d6be7f681f74b4606e41f2795
Long_Beach,Oakland,Oklahoma_City,first cyclic city after target excluding source and target,f11b278d4d4786ba879a3c1fd50707423d27df4d6be7f681f74b4606e41f2795
Long_Beach,Oklahoma_City,Omaha,first cyclic city after target excluding source and target,f11b278d4d4786ba879a3c1fd50707423d27df4d6be7f681f74b4606e41f2795
Long_Beach,Omaha,Philadelphia,first cyclic city after target excluding source and target,f11b278d4d4786ba879a3c1fd50707423d27df4d6be7f681f74b4606e41f2795
Long_Beach,Philadelphia,Phoenix,first cyclic city after target excluding source and target,f11b278d4d4786ba879a3c1fd50707423d27df4d6be7f681f74b4606e41f2795
Long_Beach,Phoenix,Portland,first cyclic city after target excluding source and target,f11b278d4d4786ba879a3c1fd50707423d27df4d6be7f681f74b4606e41f2795
Long_Beach,Portland,Raleigh,first cyclic city after target excluding source and target,f11b278d4d4786ba879a3c1fd50707423d27df4d6be7f681f74b4606e41f2795
Long_Beach,Raleigh,Sacramento,first cyclic city after target excluding source and target,f11b278d4d4786ba879a3c1fd50707423d27df4d6be7f681f74b4606e41f2795
Long_Beach,Sacramento,San_Antonio,first cyclic city after target excluding source and target,f11b278d4d4786ba879a3c1fd50707423d27df4d6be7f681f74b4606e41f2795
Long_Beach,San_Antonio,San_Diego,first cyclic city after target excluding source and target,f11b278d4d4786ba879a3c1fd50707423d27df4d6be7f681f74b4606e41f2795
Long_Beach,San_Diego,San_Francisco,first cyclic city after target excluding source and target,f11b278d4d4786ba879a3c1fd50707423d27df4d6be7f681f74b4606e41f2795
Long_Beach,San_Francisco,San_Jose,first cyclic city after target excluding source and target,f11b278d4d4786ba879a3c1fd50707423d27df4d6be7f681f74b4606e41f2795
Long_Beach,San_Jose,Seattle,first cyclic city after target excluding source and target,f11b278d4d4786ba879a3c1fd50707423d27df4d6be7f681f74b4606e41f2795
Long_Beach,Seattle,Tampa,first cyclic city after target excluding source and target,f11b278d4d4786ba879a3c1fd50707423d27df4d6be7f681f74b4606e41f2795
Long_Beach,Tampa,Tucson,first cyclic city after target excluding source and target,f11b278d4d4786ba879a3c1fd50707423d27df4d6be7f681f74b4606e41f2795
Long_Beach,Tucson,Tulsa,first cyclic city after target excluding source and target,f11b278d4d4786ba879a3c1fd50707423d27df4d6be7f681f74b4606e41f2795
Long_Beach,Tulsa,Virginia_Beach,first cyclic city after target excluding source and target,f11b278d4d4786ba879a3c1fd50707423d27df4d6be7f681f74b4606e41f2795
Long_Beach,Virginia_Beach,Washington_DC,first cyclic city after target excluding source and target,f11b278d4d4786ba879a3c1fd50707423d27df4d6be7f681f74b4606e41f2795
Long_Beach,Washington_DC,Wichita,first cyclic city after target excluding source and target,f11b278d4d4786ba879a3c1fd50707423d27df4d6be7f681f74b4606e41f2795
Long_Beach,Wichita,Albuquerque,first cyclic city after target excluding source and target,f11b278d4d4786ba879a3c1fd50707423d27df4d6be7f681f74b4606e41f2795
Los_Angeles,Albuquerque,Arlington,first cyclic city after target excluding source and target,f11b278d4d4786ba879a3c1fd50707423d27df4d6be7f681f74b4606e41f2795
Los_Angeles,Arlington,Atlanta,first cyclic city after target excluding source and target,f11b278d4d4786ba879a3c1fd50707423d27df4d6be7f681f74b4606e41f2795
Los_Angeles,Atlanta,Austin,first cyclic city after target excluding source and target,f11b278d4d4786ba879a3c1fd50707423d27df4d6be7f681f74b4606e41f2795
Los_Angeles,Austin,Baltimore,first cyclic city after target excluding source and target,f11b278d4d4786ba879a3c1fd50707423d27df4d6be7f681f74b4606e41f2795
Los_Angeles,Baltimore,Boston,first cyclic city after target excluding source and target,f11b278d4d4786ba879a3c1fd50707423d27df4d6be7f681f74b4606e41f2795
Los_Angeles,Boston,Charlotte,first cyclic city after target excluding source and target,f11b278d4d4786ba879a3c1fd50707423d27df4d6be7f681f74b4606e41f2795
Los_Angeles,Charlotte,Chicago,first cyclic city after target excluding source and target,f11b278d4d4786ba879a3c1fd50707423d27df4d6be7f681f74b4606e41f2795
Los_Angeles,Chicago,Colorado_Springs,first cyclic city after target excluding source and target,f11b278d4d4786ba879a3c1fd50707423d27df4d6be7f681f74b4606e41f2795
Los_Angeles,Colorado_Springs,Columbus,first cyclic city after target excluding source and target,f11b278d4d4786ba879a3c1fd50707423d27df4d6be7f681f74b4606e41f2795
Los_Angeles,Columbus,Dallas,first cyclic city after target excluding source and target,f11b278d4d4786ba879a3c1fd50707423d27df4d6be7f681f74b4606e41f2795
Los_Angeles,Dallas,Denver,first cyclic city after target excluding source and target,f11b278d4d4786ba879a3c1fd50707423d27df4d6be7f681f74b4606e41f2795
Los_Angeles,Denver,Detroit,first cyclic city after target excluding source and target,f11b278d4d4786ba879a3c1fd50707423d27df4d6be7f681f74b4606e41f2795
Los_Angeles,Detroit,El_Paso,first cyclic city after target excluding source and target,f11b278d4d4786ba879a3c1fd50707423d27df4d6be7f681f74b4606e41f2795
Los_Angeles,El_Paso,Fort_Worth,first cyclic city after target excluding source and target,f11b278d4d4786ba879a3c1fd50707423d27df4d6be7f681f74b4606e41f2795
Los_Angeles,Fort_Worth,Fresno,first cyclic city after target excluding source and target,f11b278d4d4786ba879a3c1fd50707423d27df4d6be7f681f74b4606e41f2795
Los_Angeles,Fresno,Houston,first cyclic city after target excluding source and target,f11b278d4d4786ba879a3c1fd50707423d27df4d6be7f681f74b4606e41f2795
Los_Angeles,Houston,Indianapolis,first cyclic city after target excluding source and target,f11b278d4d4786ba879a3c1fd50707423d27df4d6be7f681f74b4606e41f2795
Los_Angeles,Indianapolis,Jacksonville,first cyclic city after target excluding source and target,f11b278d4d4786ba879a3c1fd50707423d27df4d6be7f681f74b4606e41f2795
Los_Angeles,Jacksonville,Kansas_City,first cyclic city after target excluding source and target,f11b278d4d4786ba879a3c1fd50707423d27df4d6be7f681f74b4606e41f2795
Los_Angeles,Kansas_City,Las_Vegas,first cyclic city after target excluding source and target,f11b278d4d4786ba879a3c1fd50707423d27df4d6be7f681f74b4606e41f2795
Los_Angeles,Las_Vegas,Long_Beach,first cyclic city after target excluding source and target,f11b278d4d4786ba879a3c1fd50707423d27df4d6be7f681f74b4606e41f2795
Los_Angeles,Long_Beach,Louisville,first cyclic city after target excluding source and target,f11b278d4d4786ba879a3c1fd50707423d27df4d6be7f681f74b4606e41f2795
Los_Angeles,Louisville,Memphis,first cyclic city after target excluding source and target,f11b278d4d4786ba879a3c1fd50707423d27df4d6be7f681f74b4606e41f2795
Los_Angeles,Memphis,Mesa,first cyclic city after target excluding source and target,f11b278d4d4786ba879a3c1fd50707423d27df4d6be7f681f74b4606e41f2795
Los_Angeles,Mesa,Miami,first cyclic city after target excluding source and target,f11b278d4d4786ba879a3c1fd50707423d27df4d6be7f681f74b4606e41f2795
Los_Angeles,Miami,Milwaukee,first cyclic city after target excluding source and target,f11b278d4d4786ba879a3c1fd50707423d27df4d6be7f681f74b4606e41f2795
Los_Angeles,Milwaukee,Minneapolis,first cyclic city after target excluding source and target,f11b278d4d4786ba879a3c1fd50707423d27df4d6be7f681f74b4606e41f2795
Los_Angeles,Minneapolis,Nashville,first cyclic city after target excluding source and target,f11b278d4d4786ba879a3c1fd50707423d27df4d6be7f681f74b4606e41f2795
Los_Angeles,Nashville,New_York,first cyclic city after target excluding source and target,f11b278d4d4786ba879a3c1fd50707423d27df4d6be7f681f74b4606e41f2795
Los_Angeles,New_York,Oakland,first cyclic city after target excluding source and target,f11b278d4d4786ba879a3c1fd50707423d27df4d6be7f681f74b4606e41f2795
Los_Angeles,Oakland,Oklahoma_City,first cyclic city after target excluding source and target,f11b278d4d4786ba879a3c1fd50707423d27df4d6be7f681f74b4606e41f2795
Los_Angeles,Oklahoma_City,Omaha,first cyclic city after target excluding source and target,f11b278d4d4786ba879a3c1fd50707423d27df4d6be7f681f74b4606e41f2795
Los_Angeles,Omaha,Philadelphia,first cyclic city after target excluding source and target,f11b278d4d4786ba879a3c1fd50707423d27df4d6be7f681f74b4606e41f2795
Los_Angeles,Philadelphia,Phoenix,first cyclic city after target excluding source and target,f11b278d4d4786ba879a3c1fd50707423d27df4d6be7f681f74b4606e41f2795
Los_Angeles,Phoenix,Portland,first cyclic city after target excluding source and target,f11b278d4d4786ba879a3c1fd50707423d27df4d6be7f681f74b4606e41f2795
Los_Angeles,Portland,Raleigh,first cyclic city after target excluding source and target,f11b278d4d4786ba879a3c1fd50707423d27df4d6be7f681f74b4606e41f2795
Los_Angeles,Raleigh,Sacramento,first cyclic city after target excluding source and target,f11b278d4d4786ba879a3c1fd50707423d27df4d6be7f681f74b4606e41f2795
Los_Angeles,Sacramento,San_Antonio,first cyclic city after target excluding source and target,f11b278d4d4786ba879a3c1fd50707423d27df4d6be7f681f74b4606e41f2795
Los_Angeles,San_Antonio,San_Diego,first cyclic city after target excluding source and target,f11b278d4d4786ba879a3c1fd50707423d27df4d6be7f681f74b4606e41f2795
Los_Angeles,San_Diego,San_Francisco,first cyclic city after target excluding source and target,f11b278d4d4786ba879a3c1fd50707423d27df4d6be7f681f74b4606e41f2795
Los_Angeles,San_Francisco,San_Jose,first cyclic city after target excluding source and target,f11b278d4d4786ba879a3c1fd50707423d27df4d6be7f681f74b4606e41f2795
Los_Angeles,San_Jose,Seattle,first cyclic city after target excluding source and target,f11b278d4d4786ba879a3c1fd50707423d27df4d6be7f681f74b4606e41f2795
Los_Angeles,Seattle,Tampa,first cyclic city after target excluding source and target,f11b278d4d4786ba879a3c1fd50707423d27df4d6be7f681f74b4606e41f2795
Los_Angeles,Tampa,Tucson,first cyclic city after target excluding source and target,f11b278d4d4786ba879a3c1fd50707423d27df4d6be7f681f74b4606e41f2795
Los_Angeles,Tucson,Tulsa,first cyclic city after target excluding source and target,f11b278d4d4786ba879a3c1fd50707423d27df4d6be7f681f74b4606e41f2795
Los_Angeles,Tulsa,Virginia_Beach,first cyclic city after target excluding source and target,f11b278d4d4786ba879a3c1fd50707423d27df4d6be7f681f74b4606e41f2795
Los_Angeles,Virginia_Beach,Washington_DC,first cyclic city after target excluding source and target,f11b278d4d4786ba879a3c1fd50707423d27df4d6be7f681f74b4606e41f2795
Los_Angeles,Washington_DC,Wichita,first cyclic city after target excluding source and target,f11b278d4d4786ba879a3c1fd50707423d27df4d6be7f681f74b4606e41f2795
Los_Angeles,Wichita,Albuquerque,first cyclic city after target excluding source and target,f11b278d4d4786ba879a3c1fd50707423d27df4d6be7f681f74b4606e41f2795
Louisville,Albuquerque,Arlington,first cyclic city after target excluding source and target,f11b278d4d4786ba879a3c1fd50707423d27df4d6be7f681f74b4606e41f2795
Louisville,Arlington,Atlanta,first cyclic city after target excluding source and target,f11b278d4d4786ba879a3c1fd50707423d27df4d6be7f681f74b4606e41f2795
Louisville,Atlanta,Austin,first cyclic city after target excluding source and target,f11b278d4d4786ba879a3c1fd50707423d27df4d6be7f681f74b4606e41f2795
Louisville,Austin,Baltimore,first cyclic city after target excluding source and target,f11b278d4d4786ba879a3c1fd50707423d27df4d6be7f681f74b4606e41f2795
Louisville,Baltimore,Boston,first cyclic city after target excluding source and target,f11b278d4d4786ba879a3c1fd50707423d27df4d6be7f681f74b4606e41f2795
Louisville,Boston,Charlotte,first cyclic city after target excluding source and target,f11b278d4d4786ba879a3c1fd50707423d27df4d6be7f681f74b4606e41f2795
Louisville,Charlotte,Chicago,first cyclic city after target excluding source and target,f11b278d4d4786ba879a3c1fd50707423d27df4d6be7f681f74b4606e41f2795
Louisville,Chicago,Colorado_Springs,first cyclic city after target excluding source and target,f11b278d4d4786ba879a3c1fd50707423d27df4d6be7f681f74b4606e41f2795
Louisville,Colorado_Springs,Columbus,first cyclic city after target excluding source and target,f11b278d4d4786ba879a3c1fd50707423d27df4d6be7f681f74b4606e41f2795
Louisville,Columbus,Dallas,first cyclic city after target excluding source and target,f11b278d4d4786ba879a3c1fd50707423d27df4d6be7f681f74b4606e41f2795
Louisville,Dallas,Denver,first cyclic city after target excluding source and target,f11b278d4d4786ba879a3c1fd50707423d27df4d6be7f681f74b4606e41f2795
Louisville,Denver,Detroit,first cyclic city after target excluding source and target,f11b278d4d4786ba879a3c1fd50707423d27df4d6be7f681f74b4606e41f2795
Louisville,Detroit,El_Paso,first cyclic city after target excluding source and target,f11b278d4d4786ba879a3c1fd50707423d27df4d6be7f681f74b4606e41f2795
Louisville,El_Paso,Fort_Worth,first cyclic city after target excluding source and target,f11b278d4d4786ba879a3c1fd50707423d27df4d6be7f681f74b4606e41f2795
Louisville,Fort_Worth,Fresno,first cyclic city after target excluding source and target,f11b278d4d4786ba879a3c1fd50707423d27df4d6be7f681f74b4606e41f2795
Louisville,Fresno,Houston,first cyclic city after target excluding source and target,f11b278d4d4786ba879a3c1fd50707423d27df4d6be7f681f74b4606e41f2795
Louisville,Houston,Indianapolis,first cyclic city after target excluding source and target,f11b278d4d4786ba879a3c1fd50707423d27df4d6be7f681f74b4606e41f2795
Louisville,Indianapolis,Jacksonville,first cyclic city after target excluding source and target,f11b278d4d4786ba879a3c1fd50707423d27df4d6be7f681f74b4606e41f2795
Louisville,Jacksonville,Kansas_City,first cyclic city after target excluding source and target,f11b278d4d4786ba879a3c1fd50707423d27df4d6be7f681f74b4606e41f2795
Louisville,Kansas_City,Las_Vegas,first cyclic city after target excluding source and target,f11b278d4d4786ba879a3c1fd50707423d27df4d6be7f681f74b4606e41f2795
Louisville,Las_Vegas,Long_Beach,first cyclic city after target excluding source and target,f11b278d4d4786ba879a3c1fd50707423d27df4d6be7f681f74b4606e41f2795
Louisville,Long_Beach,Los_Angeles,first cyclic city after target excluding source and target,f11b278d4d4786ba879a3c1fd50707423d27df4d6be7f681f74b4606e41f2795
Louisville,Los_Angeles,Memphis,first cyclic city after target excluding source and target,f11b278d4d4786ba879a3c1fd50707423d27df4d6be7f681f74b4606e41f2795
Louisville,Memphis,Mesa,first cyclic city after target excluding source and target,f11b278d4d4786ba879a3c1fd50707423d27df4d6be7f681f74b4606e41f2795
Louisville,Mesa,Miami,first cyclic city after target excluding source and target,f11b278d4d4786ba879a3c1fd50707423d27df4d6be7f681f74b4606e41f2795
Louisville,Miami,Milwaukee,first cyclic city after target excluding source and target,f11b278d4d4786ba879a3c1fd50707423d27df4d6be7f681f74b4606e41f2795
Louisville,Milwaukee,Minneapolis,first cyclic city after target excluding source and target,f11b278d4d4786ba879a3c1fd50707423d27df4d6be7f681f74b4606e41f2795
Louisville,Minneapolis,Nashville,first cyclic city after target excluding source and target,f11b278d4d4786ba879a3c1fd50707423d27df4d6be7f681f74b4606e41f2795
Louisville,Nashville,New_York,first cyclic city after target excluding source and target,f11b278d4d4786ba879a3c1fd50707423d27df4d6be7f681f74b4606e41f2795
Louisville,New_York,Oakland,first cyclic city after target excluding source and target,f11b278d4d4786ba879a3c1fd50707423d27df4d6be7f681f74b4606e41f2795
Louisville,Oakland,Oklahoma_City,first cyclic city after target excluding source and target,f11b278d4d4786ba879a3c1fd50707423d27df4d6be7f681f74b4606e41f2795
Louisville,Oklahoma_City,Omaha,first cyclic city after target excluding source and target,f11b278d4d4786ba879a3c1fd50707423d27df4d6be7f681f74b4606e41f2795
Louisville,Omaha,Philadelphia,first cyclic city after target excluding source and target,f11b278d4d4786ba879a3c1fd50707423d27df4d6be7f681f74b4606e41f2795
Louisville,Philadelphia,Phoenix,first cyclic city after target excluding source and target,f11b278d4d4786ba879a3c1fd50707423d27df4d6be7f681f74b4606e41f2795
Louisville,Phoenix,Portland,first cyclic city after target excluding source and target,f11b278d4d4786ba879a3c1fd50707423d27df4d6be7f681f74b4606e41f2795
Louisville,Portland,Raleigh,first cyclic city after target excluding source and target,f11b278d4d4786ba879a3c1fd50707423d27df4d6be7f681f74b4606e41f2795
Louisville,Raleigh,Sacramento,first cyclic city after target excluding source and target,f11b278d4d4786ba879a3c1fd50707423d27df4d6be7f681f74b4606e41f2795
Louisville,Sacramento,San_Antonio,first cyclic city after target excluding source and target,f11b278d4d4786ba879a3c1fd50707423d27df4d6be7f681f74b4606e41f2795
Louisville,San_Antonio,San_Diego,first cyclic city after target excluding source and target,f11b278d4d4786ba879a3c1fd50707423d27df4d6be7f681f74b4606e41f2795
Louisville,San_Diego,San_Francisco,first cyclic city after target excluding source and target,f11b278d4d4786ba879a3c1fd50707423d27df4d6be7f681f74b4606e41f2795
Louisville,San_Francisco,San_Jose,first cyclic city after target excluding source and target,f11b278d4d4786ba879a3c1fd50707423d27df4d6be7f681f74b4606e41f2795
Louisville,San_Jose,Seattle,first cyclic city after target excluding source and target,f11b278d4d4786ba879a3c1fd50707423d27df4d6be7f681f74b4606e41f2795
Louisville,Seattle,Tampa,first cyclic city after target excluding source and target,f11b278d4d4786ba879a3c1fd50707423d27df4d6be7f681f74b4606e41f2795
Louisville,Tampa,Tucson,first cyclic city after target excluding source and target,f11b278d4d4786ba879a3c1fd50707423d27df4d6be7f681f74b4606e41f2795
Louisville,Tucson,Tulsa,first cyclic city after target excluding source and target,f11b278d4d4786ba879a3c1fd50707423d27df4d6be7f681f74b4606e41f2795
Louisville,Tulsa,Virginia_Beach,first cyclic city after target excluding source and target,f11b278d4d4786ba879a3c1fd50707423d27df4d6be7f681f74b4606e41f2795
Louisville,Virginia_Beach,Washington_DC,first cyclic city after target excluding source and target,f11b278d4d4786ba879a3c1fd50707423d27df4d6be7f681f74b4606e41f2795
Louisville,Washington_DC,Wichita,first cyclic city after target excluding source and target,f11b278d4d4786ba879a3c1fd50707423d27df4d6be7f681f74b4606e41f2795
Louisville,Wichita,Albuquerque,first cyclic city after target excluding source and target,f11b278d4d4786ba879a3c1fd50707423d27df4d6be7f681f74b4606e41f2795
Memphis,Albuquerque,Arlington,first cyclic city after target excluding source and target,f11b278d4d4786ba879a3c1fd50707423d27df4d6be7f681f74b4606e41f2795
Memphis,Arlington,Atlanta,first cyclic city after target excluding source and target,f11b278d4d4786ba879a3c1fd50707423d27df4d6be7f681f74b4606e41f2795
Memphis,Atlanta,Austin,first cyclic city after target excluding source and target,f11b278d4d4786ba879a3c1fd50707423d27df4d6be7f681f74b4606e41f2795
Memphis,Austin,Baltimore,first cyclic city after target excluding source and target,f11b278d4d4786ba879a3c1fd50707423d27df4d6be7f681f74b4606e41f2795
Memphis,Baltimore,Boston,first cyclic city after target excluding source and target,f11b278d4d4786ba879a3c1fd50707423d27df4d6be7f681f74b4606e41f2795
Memphis,Boston,Charlotte,first cyclic city after target excluding source and target,f11b278d4d4786ba879a3c1fd50707423d27df4d6be7f681f74b4606e41f2795
Memphis,Charlotte,Chicago,first cyclic city after target excluding source and target,f11b278d4d4786ba879a3c1fd50707423d27df4d6be7f681f74b4606e41f2795
Memphis,Chicago,Colorado_Springs,first cyclic city after target excluding source and target,f11b278d4d4786ba879a3c1fd50707423d27df4d6be7f681f74b4606e41f2795
Memphis,Colorado_Springs,Columbus,first cyclic city after target excluding source and target,f11b278d4d4786ba879a3c1fd50707423d27df4d6be7f681f74b4606e41f2795
Memphis,Columbus,Dallas,first cyclic city after target excluding source and target,f11b278d4d4786ba879a3c1fd50707423d27df4d6be7f681f74b4606e41f2795
Memphis,Dallas,Denver,first cyclic city after target excluding source and target,f11b278d4d4786ba879a3c1fd50707423d27df4d6be7f681f74b4606e41f2795
Memphis,Denver,Detroit,first cyclic city after target excluding source and target,f11b278d4d4786ba879a3c1fd50707423d27df4d6be7f681f74b4606e41f2795
Memphis,Detroit,El_Paso,first cyclic city after target excluding source and target,f11b278d4d4786ba879a3c1fd50707423d27df4d6be7f681f74b4606e41f2795
Memphis,El_Paso,Fort_Worth,first cyclic city after target excluding source and target,f11b278d4d4786ba879a3c1fd50707423d27df4d6be7f681f74b4606e41f2795
Memphis,Fort_Worth,Fresno,first cyclic city after target excluding source and target,f11b278d4d4786ba879a3c1fd50707423d27df4d6be7f681f74b4606e41f2795
Memphis,Fresno,Houston,first cyclic city after target excluding source and target,f11b278d4d4786ba879a3c1fd50707423d27df4d6be7f681f74b4606e41f2795
Memphis,Houston,Indianapolis,first cyclic city after target excluding source and target,f11b278d4d4786ba879a3c1fd50707423d27df4d6be7f681f74b4606e41f2795
Memphis,Indianapolis,Jacksonville,first cyclic city after target excluding source and target,f11b278d4d4786ba879a3c1fd50707423d27df4d6be7f681f74b4606e41f2795
Memphis,Jacksonville,Kansas_City,first cyclic city after target excluding source and target,f11b278d4d4786ba879a3c1fd50707423d27df4d6be7f681f74b4606e41f2795
Memphis,Kansas_City,Las_Vegas,first cyclic city after target excluding source and target,f11b278d4d4786ba879a3c1fd50707423d27df4d6be7f681f74b4606e41f2795
Memphis,Las_Vegas,Long_Beach,first cyclic city after target excluding source and target,f11b278d4d4786ba879a3c1fd50707423d27df4d6be7f681f74b4606e41f2795
Memphis,Long_Beach,Los_Angeles,first cyclic city after target excluding source and target,f11b278d4d4786ba879a3c1fd50707423d27df4d6be7f681f74b4606e41f2795
Memphis,Los_Angeles,Louisville,first cyclic city after target excluding source and target,f11b278d4d4786ba879a3c1fd50707423d27df4d6be7f681f74b4606e41f2795
Memphis,Louisville,Mesa,first cyclic city after target excluding source and target,f11b278d4d4786ba879a3c1fd50707423d27df4d6be7f681f74b4606e41f2795
Memphis,Mesa,Miami,first cyclic city after target excluding source and target,f11b278d4d4786ba879a3c1fd50707423d27df4d6be7f681f74b4606e41f2795
Memphis,Miami,Milwaukee,first cyclic city after target excluding source and target,f11b278d4d4786ba879a3c1fd50707423d27df4d6be7f681f74b4606e41f2795
Memphis,Milwaukee,Minneapolis,first cyclic city after target excluding source and target,f11b278d4d4786ba879a3c1fd50707423d27df4d6be7f681f74b4606e41f2795
Memphis,Minneapolis,Nashville,first cyclic city after target excluding source and target,f11b278d4d4786ba879a3c1fd50707423d27df4d6be7f681f74b4606e41f2795
Memphis,Nashville,New_York,first cyclic city after target excluding source and target,f11b278d4d4786ba879a3c1fd50707423d27df4d6be7f681f74b4606e41f2795
Memphis,New_York,Oakland,first cyclic city after target excluding source and target,f11b278d4d4786ba879a3c1fd50707423d27df4d6be7f681f74b4606e41f2795
Memphis,Oakland,Oklahoma_City,first cyclic city after target excluding source and target,f11b278d4d4786ba879a3c1fd50707423d27df4d6be7f681f74b4606e41f2795
Memphis,Oklahoma_City,Omaha,first cyclic city after target excluding source and target,f11b278d4d4786ba879a3c1fd50707423d27df4d6be7f681f74b4606e41f2795
Memphis,Omaha,Philadelphia,first cyclic city after target excluding source and target,f11b278d4d4786ba879a3c1fd50707423d27df4d6be7f681f74b4606e41f2795
Memphis,Philadelphia,Phoenix,first cyclic city after target excluding source and target,f11b278d4d4786ba879a3c1fd50707423d27df4d6be7f681f74b4606e41f2795
Memphis,Phoenix,Portland,first cyclic city after target excluding source and target,f11b278d4d4786ba879a3c1fd50707423d27df4d6be7f681f74b4606e41f2795
Memphis,Portland,Raleigh,first cyclic city after target excluding source and target,f11b278d4d4786ba879a3c1fd50707423d27df4d6be7f681f74b4606e41f2795
Memphis,Raleigh,Sacramento,first cyclic city after target excluding source and target,f11b278d4d4786ba879a3c1fd50707423d27df4d6be7f681f74b4606e41f2795
Memphis,Sacramento,San_Antonio,first cyclic city after target excluding source and target,f11b278d4d4786ba879a3c1fd50707423d27df4d6be7f681f74b4606e41f2795
Memphis,San_Antonio,San_Diego,first cyclic city after target excluding source and target,f11b278d4d4786ba879a3c1fd50707423d27df4d6be7f681f74b4606e41f2795
Memphis,San_Diego,San_Francisco,first cyclic city after target excluding source and target,f11b278d4d4786ba879a3c1fd50707423d27df4d6be7f681f74b4606e41f2795
Memphis,San_Francisco,San_Jose,first cyclic city after target excluding source and target,f11b278d4d4786ba879a3c1fd50707423d27df4d6be7f681f74b4606e41f2795
Memphis,San_Jose,Seattle,first cyclic city after target excluding source and target,f11b278d4d4786ba879a3c1fd50707423d27df4d6be7f681f74b4606e41f2795
Memphis,Seattle,Tampa,first cyclic city after target excluding source and target,f11b278d4d4786ba879a3c1fd50707423d27df4d6be7f681f74b4606e41f2795
Memphis,Tampa,Tucson,first cyclic city after target excluding source and target,f11b278d4d4786ba879a3c1fd50707423d27df4d6be7f681f74b4606e41f2795
Memphis,Tucson,Tulsa,first cyclic city after target excluding source and target,f11b278d4d4786ba879a3c1fd50707423d27df4d6be7f681f74b4606e41f2795
Memphis,Tulsa,Virginia_Beach,first cyclic city after target excluding source and target,f11b278d4d4786ba879a3c1fd50707423d27df4d6be7f681f74b4606e41f2795
Memphis,Virginia_Beach,Washington_DC,first cyclic city after target excluding source and target,f11b278d4d4786ba879a3c1fd50707423d27df4d6be7f681f74b4606e41f2795
Memphis,Washington_DC,Wichita,first cyclic city after target excluding source and target,f11b278d4d4786ba879a3c1fd50707423d27df4d6be7f681f74b4606e41f2795
Memphis,Wichita,Albuquerque,first cyclic city after target excluding source and target,f11b278d4d4786ba879a3c1fd50707423d27df4d6be7f681f74b4606e41f2795
Mesa,Albuquerque,Arlington,first cyclic city after target excluding source and target,f11b278d4d4786ba879a3c1fd50707423d27df4d6be7f681f74b4606e41f2795
Mesa,Arlington,Atlanta,first cyclic city after target excluding source and target,f11b278d4d4786ba879a3c1fd50707423d27df4d6be7f681f74b4606e41f2795
Mesa,Atlanta,Austin,first cyclic city after target excluding source and target,f11b278d4d4786ba879a3c1fd50707423d27df4d6be7f681f74b4606e41f2795
Mesa,Austin,Baltimore,first cyclic city after target excluding source and target,f11b278d4d4786ba879a3c1fd50707423d27df4d6be7f681f74b4606e41f2795
Mesa,Baltimore,Boston,first cyclic city after target excluding source and target,f11b278d4d4786ba879a3c1fd50707423d27df4d6be7f681f74b4606e41f2795
Mesa,Boston,Charlotte,first cyclic city after target excluding source and target,f11b278d4d4786ba879a3c1fd50707423d27df4d6be7f681f74b4606e41f2795
Mesa,Charlotte,Chicago,first cyclic city after target excluding source and target,f11b278d4d4786ba879a3c1fd50707423d27df4d6be7f681f74b4606e41f2795
Mesa,Chicago,Colorado_Springs,first cyclic city after target excluding source and target,f11b278d4d4786ba879a3c1fd50707423d27df4d6be7f681f74b4606e41f2795
Mesa,Colorado_Springs,Columbus,first cyclic city after target excluding source and target,f11b278d4d4786ba879a3c1fd50707423d27df4d6be7f681f74b4606e41f2795
Mesa,Columbus,Dallas,first cyclic city after target excluding source and target,f11b278d4d4786ba879a3c1fd50707423d27df4d6be7f681f74b4606e41f2795
Mesa,Dallas,Denver,first cyclic city after target excluding source and target,f11b278d4d4786ba879a3c1fd50707423d27df4d6be7f681f74b4606e41f2795
Mesa,Denver,Detroit,first cyclic city after target excluding source and target,f11b278d4d4786ba879a3c1fd50707423d27df4d6be7f681f74b4606e41f2795
Mesa,Detroit,El_Paso,first cyclic city after target excluding source and target,f11b278d4d4786ba879a3c1fd50707423d27df4d6be7f681f74b4606e41f2795
Mesa,El_Paso,Fort_Worth,first cyclic city after target excluding source and target,f11b278d4d4786ba879a3c1fd50707423d27df4d6be7f681f74b4606e41f2795
Mesa,Fort_Worth,Fresno,first cyclic city after target excluding source and target,f11b278d4d4786ba879a3c1fd50707423d27df4d6be7f681f74b4606e41f2795
Mesa,Fresno,Houston,first cyclic city after target excluding source and target,f11b278d4d4786ba879a3c1fd50707423d27df4d6be7f681f74b4606e41f2795
Mesa,Houston,Indianapolis,first cyclic city after target excluding source and target,f11b278d4d4786ba879a3c1fd50707423d27df4d6be7f681f74b4606e41f2795
Mesa,Indianapolis,Jacksonville,first cyclic city after target excluding source and target,f11b278d4d4786ba879a3c1fd50707423d27df4d6be7f681f74b4606e41f2795
Mesa,Jacksonville,Kansas_City,first cyclic city after target excluding source and target,f11b278d4d4786ba879a3c1fd50707423d27df4d6be7f681f74b4606e41f2795
Mesa,Kansas_City,Las_Vegas,first cyclic city after target excluding source and target,f11b278d4d4786ba879a3c1fd50707423d27df4d6be7f681f74b4606e41f2795
Mesa,Las_Vegas,Long_Beach,first cyclic city after target excluding source and target,f11b278d4d4786ba879a3c1fd50707423d27df4d6be7f681f74b4606e41f2795
Mesa,Long_Beach,Los_Angeles,first cyclic city after target excluding source and target,f11b278d4d4786ba879a3c1fd50707423d27df4d6be7f681f74b4606e41f2795
Mesa,Los_Angeles,Louisville,first cyclic city after target excluding source and target,f11b278d4d4786ba879a3c1fd50707423d27df4d6be7f681f74b4606e41f2795
Mesa,Louisville,Memphis,first cyclic city after target excluding source and target,f11b278d4d4786ba879a3c1fd50707423d27df4d6be7f681f74b4606e41f2795
Mesa,Memphis,Miami,first cyclic city after target excluding source and target,f11b278d4d4786ba879a3c1fd50707423d27df4d6be7f681f74b4606e41f2795
Mesa,Miami,Milwaukee,first cyclic city after target excluding source and target,f11b278d4d4786ba879a3c1fd50707423d27df4d6be7f681f74b4606e41f2795
Mesa,Milwaukee,Minneapolis,first cyclic city after target excluding source and target,f11b278d4d4786ba879a3c1fd50707423d27df4d6be7f681f74b4606e41f2795
Mesa,Minneapolis,Nashville,first cyclic city after target excluding source and target,f11b278d4d4786ba879a3c1fd50707423d27df4d6be7f681f74b4606e41f2795
Mesa,Nashville,New_York,first cyclic city after target excluding source and target,f11b278d4d4786ba879a3c1fd50707423d27df4d6be7f681f74b4606e41f2795
Mesa,New_York,Oakland,first cyclic city after target excluding source and target,f11b278d4d4786ba879a3c1fd50707423d27df4d6be7f681f74b4606e41f2795
Mesa,Oakland,Oklahoma_City,first cyclic city after target excluding source and target,f11b278d4d4786ba879a3c1fd50707423d27df4d6be7f681f74b4606e41f2795
Mesa,Oklahoma_City,Omaha,first cyclic city after target excluding source and target,f11b278d4d4786ba879a3c1fd50707423d27df4d6be7f681f74b4606e41f2795
Mesa,Omaha,Philadelphia,first cyclic city after target excluding source and target,f11b278d4d4786ba879a3c1fd50707423d27df4d6be7f681f74b4606e41f2795
Mesa,Philadelphia,Phoenix,first cyclic city after target excluding source and target,f11b278d4d4786ba879a3c1fd50707423d27df4d6be7f681f74b4606e41f2795
Mesa,Phoenix,Portland,first cyclic city after target excluding source and target,f11b278d4d4786ba879a3c1fd50707423d27df4d6be7f681f74b4606e41f2795
Mesa,Portland,Raleigh,first cyclic city after target excluding source and target,f11b278d4d4786ba879a3c1fd50707423d27df4d6be7f681f74b4606e41f2795
Mesa,Raleigh,Sacramento,first cyclic city after target excluding source and target,f11b278d4d4786ba879a3c1fd50707423d27df4d6be7f681f74b4606e41f2795
Mesa,Sacramento,San_Antonio,first cyclic city after target excluding source and target,f11b278d4d4786ba879a3c1fd50707423d27df4d6be7f681f74b4606e41f2795
Mesa,San_Antonio,San_Diego,first cyclic city after target excluding source and target,f11b278d4d4786ba879a3c1fd50707423d27df4d6be7f681f74b4606e41f2795
Mesa,San_Diego,San_Francisco,first cyclic city after target excluding source and target,f11b278d4d4786ba879a3c1fd50707423d27df4d6be7f681f74b4606e41f2795
Mesa,San_Francisco,San_Jose,first cyclic city after target excluding source and target,f11b278d4d4786ba879a3c1fd50707423d27df4d6be7f681f74b4606e41f2795
Mesa,San_Jose,Seattle,first cyclic city after target excluding source and target,f11b278d4d4786ba879a3c1fd50707423d27df4d6be7f681f74b4606e41f2795
Mesa,Seattle,Tampa,first cyclic city after target excluding source and target,f11b278d4d4786ba879a3c1fd50707423d27df4d6be7f681f74b4606e41f2795
Mesa,Tampa,Tucson,first cyclic city after target excluding source and target,f11b278d4d4786ba879a3c1fd50707423d27df4d6be7f681f74b4606e41f2795
Mesa,Tucson,Tulsa,first cyclic city after target excluding source and target,f11b278d4d4786ba879a3c1fd50707423d27df4d6be7f681f74b4606e41f2795
Mesa,Tulsa,Virginia_Beach,first cyclic city after target excluding source and target,f11b278d4d4786ba879a3c1fd50707423d27df4d6be7f681f74b4606e41f2795
Mesa,Virginia_Beach,Washington_DC,first cyclic city after target excluding source and target,f11b278d4d4786ba879a3c1fd50707423d27df4d6be7f681f74b4606e41f2795
Mesa,Washington_DC,Wichita,first cyclic city after target excluding source and target,f11b278d4d4786ba879a3c1fd50707423d27df4d6be7f681f74b4606e41f2795
Mesa,Wichita,Albuquerque,first cyclic city after target excluding source and target,f11b278d4d4786ba879a3c1fd50707423d27df4d6be7f681f74b4606e41f2795
Miami,Albuquerque,Arlington,first cyclic city after target excluding source and target,f11b278d4d4786ba879a3c1fd50707423d27df4d6be7f681f74b4606e41f2795
Miami,Arlington,Atlanta,first cyclic city after target excluding source and target,f11b278d4d4786ba879a3c1fd50707423d27df4d6be7f681f74b4606e41f2795
Miami,Atlanta,Austin,first cyclic city after target excluding source and target,f11b278d4d4786ba879a3c1fd50707423d27df4d6be7f681f74b4606e41f2795
Miami,Austin,Baltimore,first cyclic city after target excluding source and target,f11b278d4d4786ba879a3c1fd50707423d27df4d6be7f681f74b4606e41f2795
Miami,Baltimore,Boston,first cyclic city after target excluding source and target,f11b278d4d4786ba879a3c1fd50707423d27df4d6be7f681f74b4606e41f2795
Miami,Boston,Charlotte,first cyclic city after target excluding source and target,f11b278d4d4786ba879a3c1fd50707423d27df4d6be7f681f74b4606e41f2795
Miami,Charlotte,Chicago,first cyclic city after target excluding source and target,f11b278d4d4786ba879a3c1fd50707423d27df4d6be7f681f74b4606e41f2795
Miami,Chicago,Colorado_Springs,first cyclic city after target excluding source and target,f11b278d4d4786ba879a3c1fd50707423d27df4d6be7f681f74b4606e41f2795
Miami,Colorado_Springs,Columbus,first cyclic city after target excluding source and target,f11b278d4d4786ba879a3c1fd50707423d27df4d6be7f681f74b4606e41f2795
Miami,Columbus,Dallas,first cyclic city after target excluding source and target,f11b278d4d4786ba879a3c1fd50707423d27df4d6be7f681f74b4606e41f2795
Miami,Dallas,Denver,first cyclic city after target excluding source and target,f11b278d4d4786ba879a3c1fd50707423d27df4d6be7f681f74b4606e41f2795
Miami,Denver,Detroit,first cyclic city after target excluding source and target,f11b278d4d4786ba879a3c1fd50707423d27df4d6be7f681f74b4606e41f2795
Miami,Detroit,El_Paso,first cyclic city after target excluding source and target,f11b278d4d4786ba879a3c1fd50707423d27df4d6be7f681f74b4606e41f2795
Miami,El_Paso,Fort_Worth,first cyclic city after target excluding source and target,f11b278d4d4786ba879a3c1fd50707423d27df4d6be7f681f74b4606e41f2795
Miami,Fort_Worth,Fresno,first cyclic city after target excluding source and target,f11b278d4d4786ba879a3c1fd50707423d27df4d6be7f681f74b4606e41f2795
Miami,Fresno,Houston,first cyclic city after target excluding source and target,f11b278d4d4786ba879a3c1fd50707423d27df4d6be7f681f74b4606e41f2795
Miami,Houston,Indianapolis,first cyclic city after target excluding source and target,f11b278d4d4786ba879a3c1fd50707423d27df4d6be7f681f74b4606e41f2795
Miami,Indianapolis,Jacksonville,first cyclic city after target excluding source and target,f11b278d4d4786ba879a3c1fd50707423d27df4d6be7f681f74b4606e41f2795
Miami,Jacksonville,Kansas_City,first cyclic city after target excluding source and target,f11b278d4d4786ba879a3c1fd50707423d27df4d6be7f681f74b4606e41f2795
Miami,Kansas_City,Las_Vegas,first cyclic city after target excluding source and target,f11b278d4d4786ba879a3c1fd50707423d27df4d6be7f681f74b4606e41f2795
Miami,Las_Vegas,Long_Beach,first cyclic city after target excluding source and target,f11b278d4d4786ba879a3c1fd50707423d27df4d6be7f681f74b4606e41f2795
Miami,Long_Beach,Los_Angeles,first cyclic city after target excluding source and target,f11b278d4d4786ba879a3c1fd50707423d27df4d6be7f681f74b4606e41f2795
Miami,Los_Angeles,Louisville,first cyclic city after target excluding source and target,f11b278d4d4786ba879a3c1fd50707423d27df4d6be7f681f74b4606e41f2795
Miami,Louisville,Memphis,first cyclic city after target excluding source and target,f11b278d4d4786ba879a3c1fd50707423d27df4d6be7f681f74b4606e41f2795
Miami,Memphis,Mesa,first cyclic city after target excluding source and target,f11b278d4d4786ba879a3c1fd50707423d27df4d6be7f681f74b4606e41f2795
Miami,Mesa,Milwaukee,first cyclic city after target excluding source and target,f11b278d4d4786ba879a3c1fd50707423d27df4d6be7f681f74b4606e41f2795
Miami,Milwaukee,Minneapolis,first cyclic city after target excluding source and target,f11b278d4d4786ba879a3c1fd50707423d27df4d6be7f681f74b4606e41f2795
Miami,Minneapolis,Nashville,first cyclic city after target excluding source and target,f11b278d4d4786ba879a3c1fd50707423d27df4d6be7f681f74b4606e41f2795
Miami,Nashville,New_York,first cyclic city after target excluding source and target,f11b278d4d4786ba879a3c1fd50707423d27df4d6be7f681f74b4606e41f2795
Miami,New_York,Oakland,first cyclic city after target excluding source and target,f11b278d4d4786ba879a3c1fd50707423d27df4d6be7f681f74b4606e41f2795
Miami,Oakland,Oklahoma_City,first cyclic city after target excluding source and target,f11b278d4d4786ba879a3c1fd50707423d27df4d6be7f681f74b4606e41f2795
Miami,Oklahoma_City,Omaha,first cyclic city after target excluding source and target,f11b278d4d4786ba879a3c1fd50707423d27df4d6be7f681f74b4606e41f2795
Miami,Omaha,Philadelphia,first cyclic city after target excluding source and target,f11b278d4d4786ba879a3c1fd50707423d27df4d6be7f681f74b4606e41f2795
Miami,Philadelphia,Phoenix,first cyclic city after target excluding source and target,f11b278d4d4786ba879a3c1fd50707423d27df4d6be7f681f74b4606e41f2795
Miami,Phoenix,Portland,first cyclic city after target excluding source and target,f11b278d4d4786ba879a3c1fd50707423d27df4d6be7f681f74b4606e41f2795
Miami,Portland,Raleigh,first cyclic city after target excluding source and target,f11b278d4d4786ba879a3c1fd50707423d27df4d6be7f681f74b4606e41f2795
Miami,Raleigh,Sacramento,first cyclic city after target excluding source and target,f11b278d4d4786ba879a3c1fd50707423d27df4d6be7f681f74b4606e41f2795
Miami,Sacramento,San_Antonio,first cyclic city after target excluding source and target,f11b278d4d4786ba879a3c1fd50707423d27df4d6be7f681f74b4606e41f2795
Miami,San_Antonio,San_Diego,first cyclic city after target excluding source and target,f11b278d4d4786ba879a3c1fd50707423d27df4d6be7f681f74b4606e41f2795
Miami,San_Diego,San_Francisco,first cyclic city after target excluding source and target,f11b278d4d4786ba879a3c1fd50707423d27df4d6be7f681f74b4606e41f2795
Miami,San_Francisco,San_Jose,first cyclic city after target excluding source and target,f11b278d4d4786ba879a3c1fd50707423d27df4d6be7f681f74b4606e41f2795
Miami,San_Jose,Seattle,first cyclic city after target excluding source and target,f11b278d4d4786ba879a3c1fd50707423d27df4d6be7f681f74b4606e41f2795
Miami,Seattle,Tampa,first cyclic city after target excluding source and target,f11b278d4d4786ba879a3c1fd50707423d27df4d6be7f681f74b4606e41f2795
Miami,Tampa,Tucson,first cyclic city after target excluding source and target,f11b278d4d4786ba879a3c1fd50707423d27df4d6be7f681f74b4606e41f2795
Miami,Tucson,Tulsa,first cyclic city after target excluding source and target,f11b278d4d4786ba879a3c1fd50707423d27df4d6be7f681f74b4606e41f2795
Miami,Tulsa,Virginia_Beach,first cyclic city after target excluding source and target,f11b278d4d4786ba879a3c1fd50707423d27df4d6be7f681f74b4606e41f2795
Miami,Virginia_Beach,Washington_DC,first cyclic city after target excluding source and target,f11b278d4d4786ba879a3c1fd50707423d27df4d6be7f681f74b4606e41f2795
Miami,Washington_DC,Wichita,first cyclic city after target excluding source and target,f11b278d4d4786ba879a3c1fd50707423d27df4d6be7f681f74b4606e41f2795
Miami,Wichita,Albuquerque,first cyclic city after target excluding source and target,f11b278d4d4786ba879a3c1fd50707423d27df4d6be7f681f74b4606e41f2795
Milwaukee,Albuquerque,Arlington,first cyclic city after target excluding source and target,f11b278d4d4786ba879a3c1fd50707423d27df4d6be7f681f74b4606e41f2795
Milwaukee,Arlington,Atlanta,first cyclic city after target excluding source and target,f11b278d4d4786ba879a3c1fd50707423d27df4d6be7f681f74b4606e41f2795
Milwaukee,Atlanta,Austin,first cyclic city after target excluding source and target,f11b278d4d4786ba879a3c1fd50707423d27df4d6be7f681f74b4606e41f2795
Milwaukee,Austin,Baltimore,first cyclic city after target excluding source and target,f11b278d4d4786ba879a3c1fd50707423d27df4d6be7f681f74b4606e41f2795
Milwaukee,Baltimore,Boston,first cyclic city after target excluding source and target,f11b278d4d4786ba879a3c1fd50707423d27df4d6be7f681f74b4606e41f2795
Milwaukee,Boston,Charlotte,first cyclic city after target excluding source and target,f11b278d4d4786ba879a3c1fd50707423d27df4d6be7f681f74b4606e41f2795
Milwaukee,Charlotte,Chicago,first cyclic city after target excluding source and target,f11b278d4d4786ba879a3c1fd50707423d27df4d6be7f681f74b4606e41f2795
Milwaukee,Chicago,Colorado_Springs,first cyclic city after target excluding source and target,f11b278d4d4786ba879a3c1fd50707423d27df4d6be7f681f74b4606e41f2795
Milwaukee,Colorado_Springs,Columbus,first cyclic city after target excluding source and target,f11b278d4d4786ba879a3c1fd50707423d27df4d6be7f681f74b4606e41f2795
Milwaukee,Columbus,Dallas,first cyclic city after target excluding source and target,f11b278d4d4786ba879a3c1fd50707423d27df4d6be7f681f74b4606e41f2795
Milwaukee,Dallas,Denver,first cyclic city after target excluding source and target,f11b278d4d4786ba879a3c1fd50707423d27df4d6be7f681f74b4606e41f2795
Milwaukee,Denver,Detroit,first cyclic city after target excluding source and target,f11b278d4d4786ba879a3c1fd50707423d27df4d6be7f681f74b4606e41f2795
Milwaukee,Detroit,El_Paso,first cyclic city after target excluding source and target,f11b278d4d4786ba879a3c1fd50707423d27df4d6be7f681f74b4606e41f2795
Milwaukee,El_Paso,Fort_Worth,first cyclic city after target excluding source and target,f11b278d4d4786ba879a3c1fd50707423d27df4d6be7f681f74b4606e41f2795
Milwaukee,Fort_Worth,Fresno,first cyclic city after target excluding source and target,f11b278d4d4786ba879a3c1fd50707423d27df4d6be7f681f74b4606e41f2795
Milwaukee,Fresno,Houston,first cyclic city after target excluding source and target,f11b278d4d4786ba879a3c1fd50707423d27df4d6be7f681f74b4606e41f2795
Milwaukee,Houston,Indianapolis,first cyclic city after target excluding source and target,f11b278d4d4786ba879a3c1fd50707423d27df4d6be7f681f74b4606e41f2795
Milwaukee,Indianapolis,Jacksonville,first cyclic city after target excluding source and target,f11b278d4d4786ba879a3c1fd50707423d27df4d6be7f681f74b4606e41f2795
Milwaukee,Jacksonville,Kansas_City,first cyclic city after target excluding source and target,f11b278d4d4786ba879a3c1fd50707423d27df4d6be7f681f74b4606e41f2795
Milwaukee,Kansas_City,Las_Vegas,first cyclic city after target excluding source and target,f11b278d4d4786ba879a3c1fd50707423d27df4d6be7f681f74b4606e41f2795
Milwaukee,Las_Vegas,Long_Beach,first cyclic city after target excluding source and target,f11b278d4d4786ba879a3c1fd50707423d27df4d6be7f681f74b4606e41f2795
Milwaukee,Long_Beach,Los_Angeles,first cyclic city after target excluding source and target,f11b278d4d4786ba879a3c1fd50707423d27df4d6be7f681f74b4606e41f2795
Milwaukee,Los_Angeles,Louisville,first cyclic city after target excluding source and target,f11b278d4d4786ba879a3c1fd50707423d27df4d6be7f681f74b4606e41f2795
Milwaukee,Louisville,Memphis,first cyclic city after target excluding source and target,f11b278d4d4786ba879a3c1fd50707423d27df4d6be7f681f74b4606e41f2795
Milwaukee,Memphis,Mesa,first cyclic city after target excluding source and target,f11b278d4d4786ba879a3c1fd50707423d27df4d6be7f681f74b4606e41f2795
Milwaukee,Mesa,Miami,first cyclic city after target excluding source and target,f11b278d4d4786ba879a3c1fd50707423d27df4d6be7f681f74b4606e41f2795
Milwaukee,Miami,Minneapolis,first cyclic city after target excluding source and target,f11b278d4d4786ba879a3c1fd50707423d27df4d6be7f681f74b4606e41f2795
Milwaukee,Minneapolis,Nashville,first cyclic city after target excluding source and target,f11b278d4d4786ba879a3c1fd50707423d27df4d6be7f681f74b4606e41f2795
Milwaukee,Nashville,New_York,first cyclic city after target excluding source and target,f11b278d4d4786ba879a3c1fd50707423d27df4d6be7f681f74b4606e41f2795
Milwaukee,New_York,Oakland,first cyclic city after target excluding source and target,f11b278d4d4786ba879a3c1fd50707423d27df4d6be7f681f74b4606e41f2795
Milwaukee,Oakland,Oklahoma_City,first cyclic city after target excluding source and target,f11b278d4d4786ba879a3c1fd50707423d27df4d6be7f681f74b4606e41f2795
Milwaukee,Oklahoma_City,Omaha,first cyclic city after target excluding source and target,f11b278d4d4786ba879a3c1fd50707423d27df4d6be7f681f74b4606e41f2795
Milwaukee,Omaha,Philadelphia,first cyclic city after target excluding source and target,f11b278d4d4786ba879a3c1fd50707423d27df4d6be7f681f74b4606e41f2795
Milwaukee,Philadelphia,Phoenix,first cyclic city after target excluding source and target,f11b278d4d4786ba879a3c1fd50707423d27df4d6be7f681f74b4606e41f2795
Milwaukee,Phoenix,Portland,first cyclic city after target excluding source and target,f11b278d4d4786ba879a3c1fd50707423d27df4d6be7f681f74b4606e41f2795
Milwaukee,Portland,Raleigh,first cyclic city after target excluding source and target,f11b278d4d4786ba879a3c1fd50707423d27df4d6be7f681f74b4606e41f2795
Milwaukee,Raleigh,Sacramento,first cyclic city after target excluding source and target,f11b278d4d4786ba879a3c1fd50707423d27df4d6be7f681f74b4606e41f2795
Milwaukee,Sacramento,San_Antonio,first cyclic city after target excluding source and target,f11b278d4d4786ba879a3c1fd50707423d27df4d6be7f681f74b4606e41f2795
Milwaukee,San_Antonio,San_Diego,first cyclic city after target excluding source and target,f11b278d4d4786ba879a3c1fd50707423d27df4d6be7f681f74b4606e41f2795
Milwaukee,San_Diego,San_Francisco,first cyclic city after target excluding source and target,f11b278d4d4786ba879a3c1fd50707423d27df4d6be7f681f74b4606e41f2795
Milwaukee,San_Francisco,San_Jose,first cyclic city after target excluding source and target,f11b278d4d4786ba879a3c1fd50707423d27df4d6be7f681f74b4606e41f2795
Milwaukee,San_Jose,Seattle,first cyclic city after target excluding source and target,f11b278d4d4786ba879a3c1fd50707423d27df4d6be7f681f74b4606e41f2795
Milwaukee,Seattle,Tampa,first cyclic city after target excluding source and target,f11b278d4d4786ba879a3c1fd50707423d27df4d6be7f681f74b4606e41f2795
Milwaukee,Tampa,Tucson,first cyclic city after target excluding source and target,f11b278d4d4786ba879a3c1fd50707423d27df4d6be7f681f74b4606e41f2795
Milwaukee,Tucson,Tulsa,first cyclic city after target excluding source and target,f11b278d4d4786ba879a3c1fd50707423d27df4d6be7f681f74b4606e41f2795
Milwaukee,Tulsa,Virginia_Beach,first cyclic city after target excluding source and target,f11b278d4d4786ba879a3c1fd50707423d27df4d6be7f681f74b4606e41f2795
Milwaukee,Virginia_Beach,Washington_DC,first cyclic city after target excluding source and target,f11b278d4d4786ba879a3c1fd50707423d27df4d6be7f681f74b4606e41f2795
Milwaukee,Washington_DC,Wichita,first cyclic city after target excluding source and target,f11b278d4d4786ba879a3c1fd50707423d27df4d6be7f681f74b4606e41f2795
Milwaukee,Wichita,Albuquerque,first cyclic city after target excluding source and target,f11b278d4d4786ba879a3c1fd50707423d27df4d6be7f681f74b4606e41f2795
Minneapolis,Albuquerque,Arlington,first cyclic city after target excluding source and target,f11b278d4d4786ba879a3c1fd50707423d27df4d6be7f681f74b4606e41f2795
Minneapolis,Arlington,Atlanta,first cyclic city after target excluding source and target,f11b278d4d4786ba879a3c1fd50707423d27df4d6be7f681f74b4606e41f2795
Minneapolis,Atlanta,Austin,first cyclic city after target excluding source and target,f11b278d4d4786ba879a3c1fd50707423d27df4d6be7f681f74b4606e41f2795
Minneapolis,Austin,Baltimore,first cyclic city after target excluding source and target,f11b278d4d4786ba879a3c1fd50707423d27df4d6be7f681f74b4606e41f2795
Minneapolis,Baltimore,Boston,first cyclic city after target excluding source and target,f11b278d4d4786ba879a3c1fd50707423d27df4d6be7f681f74b4606e41f2795
Minneapolis,Boston,Charlotte,first cyclic city after target excluding source and target,f11b278d4d4786ba879a3c1fd50707423d27df4d6be7f681f74b4606e41f2795
Minneapolis,Charlotte,Chicago,first cyclic city after target excluding source and target,f11b278d4d4786ba879a3c1fd50707423d27df4d6be7f681f74b4606e41f2795
Minneapolis,Chicago,Colorado_Springs,first cyclic city after target excluding source and target,f11b278d4d4786ba879a3c1fd50707423d27df4d6be7f681f74b4606e41f2795
Minneapolis,Colorado_Springs,Columbus,first cyclic city after target excluding source and target,f11b278d4d4786ba879a3c1fd50707423d27df4d6be7f681f74b4606e41f2795
Minneapolis,Columbus,Dallas,first cyclic city after target excluding source and target,f11b278d4d4786ba879a3c1fd50707423d27df4d6be7f681f74b4606e41f2795
Minneapolis,Dallas,Denver,first cyclic city after target excluding source and target,f11b278d4d4786ba879a3c1fd50707423d27df4d6be7f681f74b4606e41f2795
Minneapolis,Denver,Detroit,first cyclic city after target excluding source and target,f11b278d4d4786ba879a3c1fd50707423d27df4d6be7f681f74b4606e41f2795
Minneapolis,Detroit,El_Paso,first cyclic city after target excluding source and target,f11b278d4d4786ba879a3c1fd50707423d27df4d6be7f681f74b4606e41f2795
Minneapolis,El_Paso,Fort_Worth,first cyclic city after target excluding source and target,f11b278d4d4786ba879a3c1fd50707423d27df4d6be7f681f74b4606e41f2795
Minneapolis,Fort_Worth,Fresno,first cyclic city after target excluding source and target,f11b278d4d4786ba879a3c1fd50707423d27df4d6be7f681f74b4606e41f2795
Minneapolis,Fresno,Houston,first cyclic city after target excluding source and target,f11b278d4d4786ba879a3c1fd50707423d27df4d6be7f681f74b4606e41f2795
Minneapolis,Houston,Indianapolis,first cyclic city after target excluding source and target,f11b278d4d4786ba879a3c1fd50707423d27df4d6be7f681f74b4606e41f2795
Minneapolis,Indianapolis,Jacksonville,first cyclic city after target excluding source and target,f11b278d4d4786ba879a3c1fd50707423d27df4d6be7f681f74b4606e41f2795
Minneapolis,Jacksonville,Kansas_City,first cyclic city after target excluding source and target,f11b278d4d4786ba879a3c1fd50707423d27df4d6be7f681f74b4606e41f2795
Minneapolis,Kansas_City,Las_Vegas,first cyclic city after target excluding source and target,f11b278d4d4786ba879a3c1fd50707423d27df4d6be7f681f74b4606e41f2795
Minneapolis,Las_Vegas,Long_Beach,first cyclic city after target excluding source and target,f11b278d4d4786ba879a3c1fd50707423d27df4d6be7f681f74b4606e41f2795
Minneapolis,Long_Beach,Los_Angeles,first cyclic city after target excluding source and target,f11b278d4d4786ba879a3c1fd50707423d27df4d6be7f681f74b4606e41f2795
Minneapolis,Los_Angeles,Louisville,first cyclic city after target excluding source and target,f11b278d4d4786ba879a3c1fd50707423d27df4d6be7f681f74b4606e41f2795
Minneapolis,Louisville,Memphis,first cyclic city after target excluding source and target,f11b278d4d4786ba879a3c1fd50707423d27df4d6be7f681f74b4606e41f2795
Minneapolis,Memphis,Mesa,first cyclic city after target excluding source and target,f11b278d4d4786ba879a3c1fd50707423d27df4d6be7f681f74b4606e41f2795
Minneapolis,Mesa,Miami,first cyclic city after target excluding source and target,f11b278d4d4786ba879a3c1fd50707423d27df4d6be7f681f74b4606e41f2795
Minneapolis,Miami,Milwaukee,first cyclic city after target excluding source and target,f11b278d4d4786ba879a3c1fd50707423d27df4d6be7f681f74b4606e41f2795
Minneapolis,Milwaukee,Nashville,first cyclic city after target excluding source and target,f11b278d4d4786ba879a3c1fd50707423d27df4d6be7f681f74b4606e41f2795
Minneapolis,Nashville,New_York,first cyclic city after target excluding source and target,f11b278d4d4786ba879a3c1fd50707423d27df4d6be7f681f74b4606e41f2795
Minneapolis,New_York,Oakland,first cyclic city after target excluding source and target,f11b278d4d4786ba879a3c1fd50707423d27df4d6be7f681f74b4606e41f2795
Minneapolis,Oakland,Oklahoma_City,first cyclic city after target excluding source and target,f11b278d4d4786ba879a3c1fd50707423d27df4d6be7f681f74b4606e41f2795
Minneapolis,Oklahoma_City,Omaha,first cyclic city after target excluding source and target,f11b278d4d4786ba879a3c1fd50707423d27df4d6be7f681f74b4606e41f2795
Minneapolis,Omaha,Philadelphia,first cyclic city after target excluding source and target,f11b278d4d4786ba879a3c1fd50707423d27df4d6be7f681f74b4606e41f2795
Minneapolis,Philadelphia,Phoenix,first cyclic city after target excluding source and target,f11b278d4d4786ba879a3c1fd50707423d27df4d6be7f681f74b4606e41f2795
Minneapolis,Phoenix,Portland,first cyclic city after target excluding source and target,f11b278d4d4786ba879a3c1fd50707423d27df4d6be7f681f74b4606e41f2795
Minneapolis,Portland,Raleigh,first cyclic city after target excluding source and target,f11b278d4d4786ba879a3c1fd50707423d27df4d6be7f681f74b4606e41f2795
Minneapolis,Raleigh,Sacramento,first cyclic city after target excluding source and target,f11b278d4d4786ba879a3c1fd50707423d27df4d6be7f681f74b4606e41f2795
Minneapolis,Sacramento,San_Antonio,first cyclic city after target excluding source and target,f11b278d4d4786ba879a3c1fd50707423d27df4d6be7f681f74b4606e41f2795
Minneapolis,San_Antonio,San_Diego,first cyclic city after target excluding source and target,f11b278d4d4786ba879a3c1fd50707423d27df4d6be7f681f74b4606e41f2795
Minneapolis,San_Diego,San_Francisco,first cyclic city after target excluding source and target,f11b278d4d4786ba879a3c1fd50707423d27df4d6be7f681f74b4606e41f2795
Minneapolis,San_Francisco,San_Jose,first cyclic city after target excluding source and target,f11b278d4d4786ba879a3c1fd50707423d27df4d6be7f681f74b4606e41f2795
Minneapolis,San_Jose,Seattle,first cyclic city after target excluding source and target,f11b278d4d4786ba879a3c1fd50707423d27df4d6be7f681f74b4606e41f2795
Minneapolis,Seattle,Tampa,first cyclic city after target excluding source and target,f11b278d4d4786ba879a3c1fd50707423d27df4d6be7f681f74b4606e41f2795
Minneapolis,Tampa,Tucson,first cyclic city after target excluding source and target,f11b278d4d4786ba879a3c1fd50707423d27df4d6be7f681f74b4606e41f2795
Minneapolis,Tucson,Tulsa,first cyclic city after target excluding source and target,f11b278d4d4786ba879a3c1fd50707423d27df4d6be7f681f74b4606e41f2795
Minneapolis,Tulsa,Virginia_Beach,first cyclic city after target excluding source and target,f11b278d4d4786ba879a3c1fd50707423d27df4d6be7f681f74b4606e41f2795
Minneapolis,Virginia_Beach,Washington_DC,first cyclic city after target excluding source and target,f11b278d4d4786ba879a3c1fd50707423d27df4d6be7f681f74b4606e41f2795
Minneapolis,Washington_DC,Wichita,first cyclic city after target excluding source and target,f11b278d4d4786ba879a3c1fd50707423d27df4d6be7f681f74b4606e41f2795
Minneapolis,Wichita,Albuquerque,first cyclic city after target excluding source and target,f11b278d4d4786ba879a3c1fd50707423d27df4d6be7f681f74b4606e41f2795
Nashville,Albuquerque,Arlington,first cyclic city after target excluding source and target,f11b278d4d4786ba879a3c1fd50707423d27df4d6be7f681f74b4606e41f2795
Nashville,Arlington,Atlanta,first cyclic city after target excluding source and target,f11b278d4d4786ba879a3c1fd50707423d27df4d6be7f681f74b4606e41f2795
Nashville,Atlanta,Austin,first cyclic city after target excluding source and target,f11b278d4d4786ba879a3c1fd50707423d27df4d6be7f681f74b4606e41f2795
Nashville,Austin,Baltimore,first cyclic city after target excluding source and target,f11b278d4d4786ba879a3c1fd50707423d27df4d6be7f681f74b4606e41f2795
Nashville,Baltimore,Boston,first cyclic city after target excluding source and target,f11b278d4d4786ba879a3c1fd50707423d27df4d6be7f681f74b4606e41f2795
Nashville,Boston,Charlotte,first cyclic city after target excluding source and target,f11b278d4d4786ba879a3c1fd50707423d27df4d6be7f681f74b4606e41f2795
Nashville,Charlotte,Chicago,first cyclic city after target excluding source and target,f11b278d4d4786ba879a3c1fd50707423d27df4d6be7f681f74b4606e41f2795
Nashville,Chicago,Colorado_Springs,first cyclic city after target excluding source and target,f11b278d4d4786ba879a3c1fd50707423d27df4d6be7f681f74b4606e41f2795
Nashville,Colorado_Springs,Columbus,first cyclic city after target excluding source and target,f11b278d4d4786ba879a3c1fd50707423d27df4d6be7f681f74b4606e41f2795
Nashville,Columbus,Dallas,first cyclic city after target excluding source and target,f11b278d4d4786ba879a3c1fd50707423d27df4d6be7f681f74b4606e41f2795
Nashville,Dallas,Denver,first cyclic city after target excluding source and target,f11b278d4d4786ba879a3c1fd50707423d27df4d6be7f681f74b4606e41f2795
Nashville,Denver,Detroit,first cyclic city after target excluding source and target,f11b278d4d4786ba879a3c1fd50707423d27df4d6be7f681f74b4606e41f2795
Nashville,Detroit,El_Paso,first cyclic city after target excluding source and target,f11b278d4d4786ba879a3c1fd50707423d27df4d6be7f681f74b4606e41f2795
Nashville,El_Paso,Fort_Worth,first cyclic city after target excluding source and target,f11b278d4d4786ba879a3c1fd50707423d27df4d6be7f681f74b4606e41f2795
Nashville,Fort_Worth,Fresno,first cyclic city after target excluding source and target,f11b278d4d4786ba879a3c1fd50707423d27df4d6be7f681f74b4606e41f2795
Nashville,Fresno,Houston,first cyclic city after target excluding source and target,f11b278d4d4786ba879a3c1fd50707423d27df4d6be7f681f74b4606e41f2795
Nashville,Houston,Indianapolis,first cyclic city after target excluding source and target,f11b278d4d4786ba879a3c1fd50707423d27df4d6be7f681f74b4606e41f2795
Nashville,Indianapolis,Jacksonville,first cyclic city after target excluding source and target,f11b278d4d4786ba879a3c1fd50707423d27df4d6be7f681f74b4606e41f2795
Nashville,Jacksonville,Kansas_City,first cyclic city after target excluding source and target,f11b278d4d4786ba879a3c1fd50707423d27df4d6be7f681f74b4606e41f2795
Nashville,Kansas_City,Las_Vegas,first cyclic city after target excluding source and target,f11b278d4d4786ba879a3c1fd50707423d27df4d6be7f681f74b4606e41f2795
Nashville,Las_Vegas,Long_Beach,first cyclic city after target excluding source and target,f11b278d4d4786ba879a3c1fd50707423d27df4d6be7f681f74b4606e41f2795
Nashville,Long_Beach,Los_Angeles,first cyclic city after target excluding source and target,f11b278d4d4786ba879a3c1fd50707423d27df4d6be7f681f74b4606e41f2795
Nashville,Los_Angeles,Louisville,first cyclic city after target excluding source and target,f11b278d4d4786ba879a3c1fd50707423d27df4d6be7f681f74b4606e41f2795
Nashville,Louisville,Memphis,first cyclic city after target excluding source and target,f11b278d4d4786ba879a3c1fd50707423d27df4d6be7f681f74b4606e41f2795
Nashville,Memphis,Mesa,first cyclic city after target excluding source and target,f11b278d4d4786ba879a3c1fd50707423d27df4d6be7f681f74b4606e41f2795
Nashville,Mesa,Miami,first cyclic city after target excluding source and target,f11b278d4d4786ba879a3c1fd50707423d27df4d6be7f681f74b4606e41f2795
Nashville,Miami,Milwaukee,first cyclic city after target excluding source and target,f11b278d4d4786ba879a3c1fd50707423d27df4d6be7f681f74b4606e41f2795
Nashville,Milwaukee,Minneapolis,first cyclic city after target excluding source and target,f11b278d4d4786ba879a3c1fd50707423d27df4d6be7f681f74b4606e41f2795
Nashville,Minneapolis,New_York,first cyclic city after target excluding source and target,f11b278d4d4786ba879a3c1fd50707423d27df4d6be7f681f74b4606e41f2795
Nashville,New_York,Oakland,first cyclic city after target excluding source and target,f11b278d4d4786ba879a3c1fd50707423d27df4d6be7f681f74b4606e41f2795
Nashville,Oakland,Oklahoma_City,first cyclic city after target excluding source and target,f11b278d4d4786ba879a3c1fd50707423d27df4d6be7f681f74b4606e41f2795
Nashville,Oklahoma_City,Omaha,first cyclic city after target excluding source and target,f11b278d4d4786ba879a3c1fd50707423d27df4d6be7f681f74b4606e41f2795
Nashville,Omaha,Philadelphia,first cyclic city after target excluding source and target,f11b278d4d4786ba879a3c1fd50707423d27df4d6be7f681f74b4606e41f2795
Nashville,Philadelphia,Phoenix,first cyclic city after target excluding source and target,f11b278d4d4786ba879a3c1fd50707423d27df4d6be7f681f74b4606e41f2795
Nashville,Phoenix,Portland,first cyclic city after target excluding source and target,f11b278d4d4786ba879a3c1fd50707423d27df4d6be7f681f74b4606e41f2795
Nashville,Portland,Raleigh,first cyclic city after target excluding source and target,f11b278d4d4786ba879a3c1fd50707423d27df4d6be7f681f74b4606e41f2795
Nashville,Raleigh,Sacramento,first cyclic city after target excluding source and target,f11b278d4d4786ba879a3c1fd50707423d27df4d6be7f681f74b4606e41f2795
Nashville,Sacramento,San_Antonio,first cyclic city after target excluding source and target,f11b278d4d4786ba879a3c1fd50707423d27df4d6be7f681f74b4606e41f2795
Nashville,San_Antonio,San_Diego,first cyclic city after target excluding source and target,f11b278d4d4786ba879a3c1fd50707423d27df4d6be7f681f74b4606e41f2795
Nashville,San_Diego,San_Francisco,first cyclic city after target excluding source and target,f11b278d4d4786ba879a3c1fd50707423d27df4d6be7f681f74b4606e41f2795
Nashville,San_Francisco,San_Jose,first cyclic city after target excluding source and target,f11b278d4d4786ba879a3c1fd50707423d27df4d6be7f681f74b4606e41f2795
Nashville,San_Jose,Seattle,first cyclic city after target excluding source and target,f11b278d4d4786ba879a3c1fd50707423d27df4d6be7f681f74b4606e41f2795
Nashville,Seattle,Tampa,first cyclic city after target excluding source and target,f11b278d4d4786ba879a3c1fd50707423d27df4d6be7f681f74b4606e41f2795
Nashville,Tampa,Tucson,first cyclic city after target excluding source and target,f11b278d4d4786ba879a3c1fd50707423d27df4d6be7f681f74b4606e41f2795
Nashville,Tucson,Tulsa,first cyclic city after target excluding source and target,f11b278d4d4786ba879a3c1fd50707423d27df4d6be7f681f74b4606e41f2795
Nashville,Tulsa,Virginia_Beach,first cyclic city after target excluding source and target,f11b278d4d4786ba879a3c1fd50707423d27df4d6be7f681f74b4606e41f2795
Nashville,Virginia_Beach,Washington_DC,first cyclic city after target excluding source and target,f11b278d4d4786ba879a3c1fd50707423d27df4d6be7f681f74b4606e41f2795
Nashville,Washington_DC,Wichita,first cyclic city after target excluding source and target,f11b278d4d4786ba879a3c1fd50707423d27df4d6be7f681f74b4606e41f2795
Nashville,Wichita,Albuquerque,first cyclic city after target excluding source and target,f11b278d4d4786ba879a3c1fd50707423d27df4d6be7f681f74b4606e41f2795
New_York,Albuquerque,Arlington,first cyclic city after target excluding source and target,f11b278d4d4786ba879a3c1fd50707423d27df4d6be7f681f74b4606e41f2795
New_York,Arlington,Atlanta,first cyclic city after target excluding source and target,f11b278d4d4786ba879a3c1fd50707423d27df4d6be7f681f74b4606e41f2795
New_York,Atlanta,Austin,first cyclic city after target excluding source and target,f11b278d4d4786ba879a3c1fd50707423d27df4d6be7f681f74b4606e41f2795
New_York,Austin,Baltimore,first cyclic city after target excluding source and target,f11b278d4d4786ba879a3c1fd50707423d27df4d6be7f681f74b4606e41f2795
New_York,Baltimore,Boston,first cyclic city after target excluding source and target,f11b278d4d4786ba879a3c1fd50707423d27df4d6be7f681f74b4606e41f2795
New_York,Boston,Charlotte,first cyclic city after target excluding source and target,f11b278d4d4786ba879a3c1fd50707423d27df4d6be7f681f74b4606e41f2795
New_York,Charlotte,Chicago,first cyclic city after target excluding source and target,f11b278d4d4786ba879a3c1fd50707423d27df4d6be7f681f74b4606e41f2795
New_York,Chicago,Colorado_Springs,first cyclic city after target excluding source and target,f11b278d4d4786ba879a3c1fd50707423d27df4d6be7f681f74b4606e41f2795
New_York,Colorado_Springs,Columbus,first cyclic city after target excluding source and target,f11b278d4d4786ba879a3c1fd50707423d27df4d6be7f681f74b4606e41f2795
New_York,Columbus,Dallas,first cyclic city after target excluding source and target,f11b278d4d4786ba879a3c1fd50707423d27df4d6be7f681f74b4606e41f2795
New_York,Dallas,Denver,first cyclic city after target excluding source and target,f11b278d4d4786ba879a3c1fd50707423d27df4d6be7f681f74b4606e41f2795
New_York,Denver,Detroit,first cyclic city after target excluding source and target,f11b278d4d4786ba879a3c1fd50707423d27df4d6be7f681f74b4606e41f2795
New_York,Detroit,El_Paso,first cyclic city after target excluding source and target,f11b278d4d4786ba879a3c1fd50707423d27df4d6be7f681f74b4606e41f2795
New_York,El_Paso,Fort_Worth,first cyclic city after target excluding source and target,f11b278d4d4786ba879a3c1fd50707423d27df4d6be7f681f74b4606e41f2795
New_York,Fort_Worth,Fresno,first cyclic city after target excluding source and target,f11b278d4d4786ba879a3c1fd50707423d27df4d6be7f681f74b4606e41f2795
New_York,Fresno,Houston,first cyclic city after target excluding source and target,f11b278d4d4786ba879a3c1fd50707423d27df4d6be7f681f74b4606e41f2795
New_York,Houston,Indianapolis,first cyclic city after target excluding source and target,f11b278d4d4786ba879a3c1fd50707423d27df4d6be7f681f74b4606e41f2795
New_York,Indianapolis,Jacksonville,first cyclic city after target excluding source and target,f11b278d4d4786ba879a3c1fd50707423d27df4d6be7f681f74b4606e41f2795
New_York,Jacksonville,Kansas_City,first cyclic city after target excluding source and target,f11b278d4d4786ba879a3c1fd50707423d27df4d6be7f681f74b4606e41f2795
New_York,Kansas_City,Las_Vegas,first cyclic city after target excluding source and target,f11b278d4d4786ba879a3c1fd50707423d27df4d6be7f681f74b4606e41f2795
New_York,Las_Vegas,Long_Beach,first cyclic city after target excluding source and target,f11b278d4d4786ba879a3c1fd50707423d27df4d6be7f681f74b4606e41f2795
New_York,Long_Beach,Los_Angeles,first cyclic city after target excluding source and target,f11b278d4d4786ba879a3c1fd50707423d27df4d6be7f681f74b4606e41f2795
New_York,Los_Angeles,Louisville,first cyclic city after target excluding source and target,f11b278d4d4786ba879a3c1fd50707423d27df4d6be7f681f74b4606e41f2795
New_York,Louisville,Memphis,first cyclic city after target excluding source and target,f11b278d4d4786ba879a3c1fd50707423d27df4d6be7f681f74b4606e41f2795
New_York,Memphis,Mesa,first cyclic city after target excluding source and target,f11b278d4d4786ba879a3c1fd50707423d27df4d6be7f681f74b4606e41f2795
New_York,Mesa,Miami,first cyclic city after target excluding source and target,f11b278d4d4786ba879a3c1fd50707423d27df4d6be7f681f74b4606e41f2795
New_York,Miami,Milwaukee,first cyclic city after target excluding source and target,f11b278d4d4786ba879a3c1fd50707423d27df4d6be7f681f74b4606e41f2795
New_York,Milwaukee,Minneapolis,first cyclic city after target excluding source and target,f11b278d4d4786ba879a3c1fd50707423d27df4d6be7f681f74b4606e41f2795
New_York,Minneapolis,Nashville,first cyclic city after target excluding source and target,f11b278d4d4786ba879a3c1fd50707423d27df4d6be7f681f74b4606e41f2795
New_York,Nashville,Oakland,first cyclic city after target excluding source and target,f11b278d4d4786ba879a3c1fd50707423d27df4d6be7f681f74b4606e41f2795
New_York,Oakland,Oklahoma_City,first cyclic city after target excluding source and target,f11b278d4d4786ba879a3c1fd50707423d27df4d6be7f681f74b4606e41f2795
New_York,Oklahoma_City,Omaha,first cyclic city after target excluding source and target,f11b278d4d4786ba879a3c1fd50707423d27df4d6be7f681f74b4606e41f2795
New_York,Omaha,Philadelphia,first cyclic city after target excluding source and target,f11b278d4d4786ba879a3c1fd50707423d27df4d6be7f681f74b4606e41f2795
New_York,Philadelphia,Phoenix,first cyclic city after target excluding source and target,f11b278d4d4786ba879a3c1fd50707423d27df4d6be7f681f74b4606e41f2795
New_York,Phoenix,Portland,first cyclic city after target excluding source and target,f11b278d4d4786ba879a3c1fd50707423d27df4d6be7f681f74b4606e41f2795
New_York,Portland,Raleigh,first cyclic city after target excluding source and target,f11b278d4d4786ba879a3c1fd50707423d27df4d6be7f681f74b4606e41f2795
New_York,Raleigh,Sacramento,first cyclic city after target excluding source and target,f11b278d4d4786ba879a3c1fd50707423d27df4d6be7f681f74b4606e41f2795
New_York,Sacramento,San_Antonio,first cyclic city after target excluding source and target,f11b278d4d4786ba879a3c1fd50707423d27df4d6be7f681f74b4606e41f2795
New_York,San_Antonio,San_Diego,first cyclic city after target excluding source and target,f11b278d4d4786ba879a3c1fd50707423d27df4d6be7f681f74b4606e41f2795
New_York,San_Diego,San_Francisco,first cyclic city after target excluding source and target,f11b278d4d4786ba879a3c1fd50707423d27df4d6be7f681f74b4606e41f2795
New_York,San_Francisco,San_Jose,first cyclic city after target excluding source and target,f11b278d4d4786ba879a3c1fd50707423d27df4d6be7f681f74b4606e41f2795
New_York,San_Jose,Seattle,first cyclic city after target excluding source and target,f11b278d4d4786ba879a3c1fd50707423d27df4d6be7f681f74b4606e41f2795
New_York,Seattle,Tampa,first cyclic city after target excluding source and target,f11b278d4d4786ba879a3c1fd50707423d27df4d6be7f681f74b4606e41f2795
New_York,Tampa,Tucson,first cyclic city after target excluding source and target,f11b278d4d4786ba879a3c1fd50707423d27df4d6be7f681f74b4606e41f2795
New_York,Tucson,Tulsa,first cyclic city after target excluding source and target,f11b278d4d4786ba879a3c1fd50707423d27df4d6be7f681f74b4606e41f2795
New_York,Tulsa,Virginia_Beach,first cyclic city after target excluding source and target,f11b278d4d4786ba879a3c1fd50707423d27df4d6be7f681f74b4606e41f2795
New_York,Virginia_Beach,Washington_DC,first cyclic city after target excluding source and target,f11b278d4d4786ba879a3c1fd50707423d27df4d6be7f681f74b4606e41f2795
New_York,Washington_DC,Wichita,first cyclic city after target excluding source and target,f11b278d4d4786ba879a3c1fd50707423d27df4d6be7f681f74b4606e41f2795
New_York,Wichita,Albuquerque,first cyclic city after target excluding source and target,f11b278d4d4786ba879a3c1fd50707423d27df4d6be7f681f74b4606e41f2795
Oakland,Albuquerque,Arlington,first cyclic city after target excluding source and target,f11b278d4d4786ba879a3c1fd50707423d27df4d6be7f681f74b4606e41f2795
Oakland,Arlington,Atlanta,first cyclic city after target excluding source and target,f11b278d4d4786ba879a3c1fd50707423d27df4d6be7f681f74b4606e41f2795
Oakland,Atlanta,Austin,first cyclic city after target excluding source and target,f11b278d4d4786ba879a3c1fd50707423d27df4d6be7f681f74b4606e41f2795
Oakland,Austin,Baltimore,first cyclic city after target excluding source and target,f11b278d4d4786ba879a3c1fd50707423d27df4d6be7f681f74b4606e41f2795
Oakland,Baltimore,Boston,first cyclic city after target excluding source and target,f11b278d4d4786ba879a3c1fd50707423d27df4d6be7f681f74b4606e41f2795
Oakland,Boston,Charlotte,first cyclic city after target excluding source and target,f11b278d4d4786ba879a3c1fd50707423d27df4d6be7f681f74b4606e41f2795
Oakland,Charlotte,Chicago,first cyclic city after target excluding source and target,f11b278d4d4786ba879a3c1fd50707423d27df4d6be7f681f74b4606e41f2795
Oakland,Chicago,Colorado_Springs,first cyclic city after target excluding source and target,f11b278d4d4786ba879a3c1fd50707423d27df4d6be7f681f74b4606e41f2795
Oakland,Colorado_Springs,Columbus,first cyclic city after target excluding source and target,f11b278d4d4786ba879a3c1fd50707423d27df4d6be7f681f74b4606e41f2795
Oakland,Columbus,Dallas,first cyclic city after target excluding source and target,f11b278d4d4786ba879a3c1fd50707423d27df4d6be7f681f74b4606e41f2795
Oakland,Dallas,Denver,first cyclic city after target excluding source and target,f11b278d4d4786ba879a3c1fd50707423d27df4d6be7f681f74b4606e41f2795
Oakland,Denver,Detroit,first cyclic city after target excluding source and target,f11b278d4d4786ba879a3c1fd50707423d27df4d6be7f681f74b4606e41f2795
Oakland,Detroit,El_Paso,first cyclic city after target excluding source and target,f11b278d4d4786ba879a3c1fd50707423d27df4d6be7f681f74b4606e41f2795
Oakland,El_Paso,Fort_Worth,first cyclic city after target excluding source and target,f11b278d4d4786ba879a3c1fd50707423d27df4d6be7f681f74b4606e41f2795
Oakland,Fort_Worth,Fresno,first cyclic city after target excluding source and target,f11b278d4d4786ba879a3c1fd50707423d27df4d6be7f681f74b4606e41f2795
Oakland,Fresno,Houston,first cyclic city after target excluding source and target,f11b278d4d4786ba879a3c1fd50707423d27df4d6be7f681f74b4606e41f2795
Oakland,Houston,Indianapolis,first cyclic city after target excluding source and target,f11b278d4d4786ba879a3c1fd50707423d27df4d6be7f681f74b4606e41f2795
Oakland,Indianapolis,Jacksonville,first cyclic city after target excluding source and target,f11b278d4d4786ba879a3c1fd50707423d27df4d6be7f681f74b4606e41f2795
Oakland,Jacksonville,Kansas_City,first cyclic city after target excluding source and target,f11b278d4d4786ba879a3c1fd50707423d27df4d6be7f681f74b4606e41f2795
Oakland,Kansas_City,Las_Vegas,first cyclic city after target excluding source and target,f11b278d4d4786ba879a3c1fd50707423d27df4d6be7f681f74b4606e41f2795
Oakland,Las_Vegas,Long_Beach,first cyclic city after target excluding source and target,f11b278d4d4786ba879a3c1fd50707423d27df4d6be7f681f74b4606e41f2795
Oakland,Long_Beach,Los_Angeles,first cyclic city after target excluding source and target,f11b278d4d4786ba879a3c1fd50707423d27df4d6be7f681f74b4606e41f2795
Oakland,Los_Angeles,Louisville,first cyclic city after target excluding source and target,f11b278d4d4786ba879a3c1fd50707423d27df4d6be7f681f74b4606e41f2795
Oakland,Louisville,Memphis,first cyclic city after target excluding source and target,f11b278d4d4786ba879a3c1fd50707423d27df4d6be7f681f74b4606e41f2795
Oakland,Memphis,Mesa,first cyclic city after target excluding source and target,f11b278d4d4786ba879a3c1fd50707423d27df4d6be7f681f74b4606e41f2795
Oakland,Mesa,Miami,first cyclic city after target excluding source and target,f11b278d4d4786ba879a3c1fd50707423d27df4d6be7f681f74b4606e41f2795
Oakland,Miami,Milwaukee,first cyclic city after target excluding source and target,f11b278d4d4786ba879a3c1fd50707423d27df4d6be7f681f74b4606e41f2795
Oakland,Milwaukee,Minneapolis,first cyclic city after target excluding source and target,f11b278d4d4786ba879a3c1fd50707423d27df4d6be7f681f74b4606e41f2795
Oakland,Minneapolis,Nashville,first cyclic city after target excluding source and target,f11b278d4d4786ba879a3c1fd50707423d27df4d6be7f681f74b4606e41f2795
Oakland,Nashville,New_York,first cyclic city after target excluding source and target,f11b278d4d4786ba879a3c1fd50707423d27df4d6be7f681f74b4606e41f2795
Oakland,New_York,Oklahoma_City,first cyclic city after target excluding source and target,f11b278d4d4786ba879a3c1fd50707423d27df4d6be7f681f74b4606e41f2795
Oakland,Oklahoma_City,Omaha,first cyclic city after target excluding source and target,f11b278d4d4786ba879a3c1fd50707423d27df4d6be7f681f74b4606e41f2795
Oakland,Omaha,Philadelphia,first cyclic city after target excluding source and target,f11b278d4d4786ba879a3c1fd50707423d27df4d6be7f681f74b4606e41f2795
Oakland,Philadelphia,Phoenix,first cyclic city after target excluding source and target,f11b278d4d4786ba879a3c1fd50707423d27df4d6be7f681f74b4606e41f2795
Oakland,Phoenix,Portland,first cyclic city after target excluding source and target,f11b278d4d4786ba879a3c1fd50707423d27df4d6be7f681f74b4606e41f2795
Oakland,Portland,Raleigh,first cyclic city after target excluding source and target,f11b278d4d4786ba879a3c1fd50707423d27df4d6be7f681f74b4606e41f2795
Oakland,Raleigh,Sacramento,first cyclic city after target excluding source and target,f11b278d4d4786ba879a3c1fd50707423d27df4d6be7f681f74b4606e41f2795
Oakland,Sacramento,San_Antonio,first cyclic city after target excluding source and target,f11b278d4d4786ba879a3c1fd50707423d27df4d6be7f681f74b4606e41f2795
Oakland,San_Antonio,San_Diego,first cyclic city after target excluding source and target,f11b278d4d4786ba879a3c1fd50707423d27df4d6be7f681f74b4606e41f2795
Oakland,San_Diego,San_Francisco,first cyclic city after target excluding source and target,f11b278d4d4786ba879a3c1fd50707423d27df4d6be7f681f74b4606e41f2795
Oakland,San_Francisco,San_Jose,first cyclic city after target excluding source and target,f11b278d4d4786ba879a3c1fd50707423d27df4d6be7f681f74b4606e41f2795
Oakland,San_Jose,Seattle,first cyclic city after target excluding source and target,f11b278d4d4786ba879a3c1fd50707423d27df4d6be7f681f74b4606e41f2795
Oakland,Seattle,Tampa,first cyclic city after target excluding source and target,f11b278d4d4786ba879a3c1fd50707423d27df4d6be7f681f74b4606e41f2795
Oakland,Tampa,Tucson,first cyclic city after target excluding source and target,f11b278d4d4786ba879a3c1fd50707423d27df4d6be7f681f74b4606e41f2795
Oakland,Tucson,Tulsa,first cyclic city after target excluding source and target,f11b278d4d4786ba879a3c1fd50707423d27df4d6be7f681f74b4606e41f2795
Oakland,Tulsa,Virginia_Beach,first cyclic city after target excluding source and target,f11b278d4d4786ba879a3c1fd50707423d27df4d6be7f681f74b4606e41f2795
Oakland,Virginia_Beach,Washington_DC,first cyclic city after target excluding source and target,f11b278d4d4786ba879a3c1fd50707423d27df4d6be7f681f74b4606e41f2795
Oakland,Washington_DC,Wichita,first cyclic city after target excluding source and target,f11b278d4d4786ba879a3c1fd50707423d27df4d6be7f681f74b4606e41f2795
Oakland,Wichita,Albuquerque,first cyclic city after target excluding source and target,f11b278d4d4786ba879a3c1fd50707423d27df4d6be7f681f74b4606e41f2795
Oklahoma_City,Albuquerque,Arlington,first cyclic city after target excluding source and target,f11b278d4d4786ba879a3c1fd50707423d27df4d6be7f681f74b4606e41f2795
Oklahoma_City,Arlington,Atlanta,first cyclic city after target excluding source and target,f11b278d4d4786ba879a3c1fd50707423d27df4d6be7f681f74b4606e41f2795
Oklahoma_City,Atlanta,Austin,first cyclic city after target excluding source and target,f11b278d4d4786ba879a3c1fd50707423d27df4d6be7f681f74b4606e41f2795
Oklahoma_City,Austin,Baltimore,first cyclic city after target excluding source and target,f11b278d4d4786ba879a3c1fd50707423d27df4d6be7f681f74b4606e41f2795
Oklahoma_City,Baltimore,Boston,first cyclic city after target excluding source and target,f11b278d4d4786ba879a3c1fd50707423d27df4d6be7f681f74b4606e41f2795
Oklahoma_City,Boston,Charlotte,first cyclic city after target excluding source and target,f11b278d4d4786ba879a3c1fd50707423d27df4d6be7f681f74b4606e41f2795
Oklahoma_City,Charlotte,Chicago,first cyclic city after target excluding source and target,f11b278d4d4786ba879a3c1fd50707423d27df4d6be7f681f74b4606e41f2795
Oklahoma_City,Chicago,Colorado_Springs,first cyclic city after target excluding source and target,f11b278d4d4786ba879a3c1fd50707423d27df4d6be7f681f74b4606e41f2795
Oklahoma_City,Colorado_Springs,Columbus,first cyclic city after target excluding source and target,f11b278d4d4786ba879a3c1fd50707423d27df4d6be7f681f74b4606e41f2795
Oklahoma_City,Columbus,Dallas,first cyclic city after target excluding source and target,f11b278d4d4786ba879a3c1fd50707423d27df4d6be7f681f74b4606e41f2795
Oklahoma_City,Dallas,Denver,first cyclic city after target excluding source and target,f11b278d4d4786ba879a3c1fd50707423d27df4d6be7f681f74b4606e41f2795
Oklahoma_City,Denver,Detroit,first cyclic city after target excluding source and target,f11b278d4d4786ba879a3c1fd50707423d27df4d6be7f681f74b4606e41f2795
Oklahoma_City,Detroit,El_Paso,first cyclic city after target excluding source and target,f11b278d4d4786ba879a3c1fd50707423d27df4d6be7f681f74b4606e41f2795
Oklahoma_City,El_Paso,Fort_Worth,first cyclic city after target excluding source and target,f11b278d4d4786ba879a3c1fd50707423d27df4d6be7f681f74b4606e41f2795
Oklahoma_City,Fort_Worth,Fresno,first cyclic city after target excluding source and target,f11b278d4d4786ba879a3c1fd50707423d27df4d6be7f681f74b4606e41f2795
Oklahoma_City,Fresno,Houston,first cyclic city after target excluding source and target,f11b278d4d4786ba879a3c1fd50707423d27df4d6be7f681f74b4606e41f2795
Oklahoma_City,Houston,Indianapolis,first cyclic city after target excluding source and target,f11b278d4d4786ba879a3c1fd50707423d27df4d6be7f681f74b4606e41f2795
Oklahoma_City,Indianapolis,Jacksonville,first cyclic city after target excluding source and target,f11b278d4d4786ba879a3c1fd50707423d27df4d6be7f681f74b4606e41f2795
Oklahoma_City,Jacksonville,Kansas_City,first cyclic city after target excluding source and target,f11b278d4d4786ba879a3c1fd50707423d27df4d6be7f681f74b4606e41f2795
Oklahoma_City,Kansas_City,Las_Vegas,first cyclic city after target excluding source and target,f11b278d4d4786ba879a3c1fd50707423d27df4d6be7f681f74b4606e41f2795
Oklahoma_City,Las_Vegas,Long_Beach,first cyclic city after target excluding source and target,f11b278d4d4786ba879a3c1fd50707423d27df4d6be7f681f74b4606e41f2795
Oklahoma_City,Long_Beach,Los_Angeles,first cyclic city after target excluding source and target,f11b278d4d4786ba879a3c1fd50707423d27df4d6be7f681f74b4606e41f2795
Oklahoma_City,Los_Angeles,Louisville,first cyclic city after target excluding source and target,f11b278d4d4786ba879a3c1fd50707423d27df4d6be7f681f74b4606e41f2795
Oklahoma_City,Louisville,Memphis,first cyclic city after target excluding source and target,f11b278d4d4786ba879a3c1fd50707423d27df4d6be7f681f74b4606e41f2795
Oklahoma_City,Memphis,Mesa,first cyclic city after target excluding source and target,f11b278d4d4786ba879a3c1fd50707423d27df4d6be7f681f74b4606e41f2795
Oklahoma_City,Mesa,Miami,first cyclic city after target excluding source and target,f11b278d4d4786ba879a3c1fd50707423d27df4d6be7f681f74b4606e41f2795
Oklahoma_City,Miami,Milwaukee,first cyclic city after target excluding source and target,f11b278d4d4786ba879a3c1fd50707423d27df4d6be7f681f74b4606e41f2795
Oklahoma_City,Milwaukee,Minneapolis,first cyclic city after target excluding source and target,f11b278d4d4786ba879a3c1fd50707423d27df4d6be7f681f74b4606e41f2795
Oklahoma_City,Minneapolis,Nashville,first cyclic city after target excluding source and target,f11b278d4d4786ba879a3c1fd50707423d27df4d6be7f681f74b4606e41f2795
Oklahoma_City,Nashville,New_York,first cyclic city after target excluding source and target,f11b278d4d4786ba879a3c1fd50707423d27df4d6be7f681f74b4606e41f2795
Oklahoma_City,New_York,Oakland,first cyclic city after target excluding source and target,f11b278d4d4786ba879a3c1fd50707423d27df4d6be7f681f74b4606e41f2795
Oklahoma_City,Oakland,Omaha,first cyclic city after target excluding source and target,f11b278d4d4786ba879a3c1fd50707423d27df4d6be7f681f74b4606e41f2795
Oklahoma_City,Omaha,Philadelphia,first cyclic city after target excluding source and target,f11b278d4d4786ba879a3c1fd50707423d27df4d6be7f681f74b4606e41f2795
Oklahoma_City,Philadelphia,Phoenix,first cyclic city after target excluding source and target,f11b278d4d4786ba879a3c1fd50707423d27df4d6be7f681f74b4606e41f2795
Oklahoma_City,Phoenix,Portland,first cyclic city after target excluding source and target,f11b278d4d4786ba879a3c1fd50707423d27df4d6be7f681f74b4606e41f2795
Oklahoma_City,Portland,Raleigh,first cyclic city after target excluding source and target,f11b278d4d4786ba879a3c1fd50707423d27df4d6be7f681f74b4606e41f2795
Oklahoma_City,Raleigh,Sacramento,first cyclic city after target excluding source and target,f11b278d4d4786ba879a3c1fd50707423d27df4d6be7f681f74b4606e41f2795
Oklahoma_City,Sacramento,San_Antonio,first cyclic city after target excluding source and target,f11b278d4d4786ba879a3c1fd50707423d27df4d6be7f681f74b4606e41f2795
Oklahoma_City,San_Antonio,San_Diego,first cyclic city after target excluding source and target,f11b278d4d4786ba879a3c1fd50707423d27df4d6be7f681f74b4606e41f2795
Oklahoma_City,San_Diego,San_Francisco,first cyclic city after target excluding source and target,f11b278d4d4786ba879a3c1fd50707423d27df4d6be7f681f74b4606e41f2795
Oklahoma_City,San_Francisco,San_Jose,first cyclic city after target excluding source and target,f11b278d4d4786ba879a3c1fd50707423d27df4d6be7f681f74b4606e41f2795
Oklahoma_City,San_Jose,Seattle,first cyclic city after target excluding source and target,f11b278d4d4786ba879a3c1fd50707423d27df4d6be7f681f74b4606e41f2795
Oklahoma_City,Seattle,Tampa,first cyclic city after target excluding source and target,f11b278d4d4786ba879a3c1fd50707423d27df4d6be7f681f74b4606e41f2795
Oklahoma_City,Tampa,Tucson,first cyclic city after target excluding source and target,f11b278d4d4786ba879a3c1fd50707423d27df4d6be7f681f74b4606e41f2795
Oklahoma_City,Tucson,Tulsa,first cyclic city after target excluding source and target,f11b278d4d4786ba879a3c1fd50707423d27df4d6be7f681f74b4606e41f2795
Oklahoma_City,Tulsa,Virginia_Beach,first cyclic city after target excluding source and target,f11b278d4d4786ba879a3c1fd50707423d27df4d6be7f681f74b4606e41f2795
Oklahoma_City,Virginia_Beach,Washington_DC,first cyclic city after target excluding source and target,f11b278d4d4786ba879a3c1fd50707423d27df4d6be7f681f74b4606e41f2795
Oklahoma_City,Washington_DC,Wichita,first cyclic city after target excluding source and target,f11b278d4d4786ba879a3c1fd50707423d27df4d6be7f681f74b4606e41f2795
Oklahoma_City,Wichita,Albuquerque,first cyclic city after target excluding source and target,f11b278d4d4786ba879a3c1fd50707423d27df4d6be7f681f74b4606e41f2795
Omaha,Albuquerque,Arlington,first cyclic city after target excluding source and target,f11b278d4d4786ba879a3c1fd50707423d27df4d6be7f681f74b4606e41f2795
Omaha,Arlington,Atlanta,first cyclic city after target excluding source and target,f11b278d4d4786ba879a3c1fd50707423d27df4d6be7f681f74b4606e41f2795
Omaha,Atlanta,Austin,first cyclic city after target excluding source and target,f11b278d4d4786ba879a3c1fd50707423d27df4d6be7f681f74b4606e41f2795
Omaha,Austin,Baltimore,first cyclic city after target excluding source and target,f11b278d4d4786ba879a3c1fd50707423d27df4d6be7f681f74b4606e41f2795
Omaha,Baltimore,Boston,first cyclic city after target excluding source and target,f11b278d4d4786ba879a3c1fd50707423d27df4d6be7f681f74b4606e41f2795
Omaha,Boston,Charlotte,first cyclic city after target excluding source and target,f11b278d4d4786ba879a3c1fd50707423d27df4d6be7f681f74b4606e41f2795
Omaha,Charlotte,Chicago,first cyclic city after target excluding source and target,f11b278d4d4786ba879a3c1fd50707423d27df4d6be7f681f74b4606e41f2795
Omaha,Chicago,Colorado_Springs,first cyclic city after target excluding source and target,f11b278d4d4786ba879a3c1fd50707423d27df4d6be7f681f74b4606e41f2795
Omaha,Colorado_Springs,Columbus,first cyclic city after target excluding source and target,f11b278d4d4786ba879a3c1fd50707423d27df4d6be7f681f74b4606e41f2795
Omaha,Columbus,Dallas,first cyclic city after target excluding source and target,f11b278d4d4786ba879a3c1fd50707423d27df4d6be7f681f74b4606e41f2795
Omaha,Dallas,Denver,first cyclic city after target excluding source and target,f11b278d4d4786ba879a3c1fd50707423d27df4d6be7f681f74b4606e41f2795
Omaha,Denver,Detroit,first cyclic city after target excluding source and target,f11b278d4d4786ba879a3c1fd50707423d27df4d6be7f681f74b4606e41f2795
Omaha,Detroit,El_Paso,first cyclic city after target excluding source and target,f11b278d4d4786ba879a3c1fd50707423d27df4d6be7f681f74b4606e41f2795
Omaha,El_Paso,Fort_Worth,first cyclic city after target excluding source and target,f11b278d4d4786ba879a3c1fd50707423d27df4d6be7f681f74b4606e41f2795
Omaha,Fort_Worth,Fresno,first cyclic city after target excluding source and target,f11b278d4d4786ba879a3c1fd50707423d27df4d6be7f681f74b4606e41f2795
Omaha,Fresno,Houston,first cyclic city after target excluding source and target,f11b278d4d4786ba879a3c1fd50707423d27df4d6be7f681f74b4606e41f2795
Omaha,Houston,Indianapolis,first cyclic city after target excluding source and target,f11b278d4d4786ba879a3c1fd50707423d27df4d6be7f681f74b4606e41f2795
Omaha,Indianapolis,Jacksonville,first cyclic city after target excluding source and target,f11b278d4d4786ba879a3c1fd50707423d27df4d6be7f681f74b4606e41f2795
Omaha,Jacksonville,Kansas_City,first cyclic city after target excluding source and target,f11b278d4d4786ba879a3c1fd50707423d27df4d6be7f681f74b4606e41f2795
Omaha,Kansas_City,Las_Vegas,first cyclic city after target excluding source and target,f11b278d4d4786ba879a3c1fd50707423d27df4d6be7f681f74b4606e41f2795
Omaha,Las_Vegas,Long_Beach,first cyclic city after target excluding source and target,f11b278d4d4786ba879a3c1fd50707423d27df4d6be7f681f74b4606e41f2795
Omaha,Long_Beach,Los_Angeles,first cyclic city after target excluding source and target,f11b278d4d4786ba879a3c1fd50707423d27df4d6be7f681f74b4606e41f2795
Omaha,Los_Angeles,Louisville,first cyclic city after target excluding source and target,f11b278d4d4786ba879a3c1fd50707423d27df4d6be7f681f74b4606e41f2795
Omaha,Louisville,Memphis,first cyclic city after target excluding source and target,f11b278d4d4786ba879a3c1fd50707423d27df4d6be7f681f74b4606e41f2795
Omaha,Memphis,Mesa,first cyclic city after target excluding source and target,f11b278d4d4786ba879a3c1fd50707423d27df4d6be7f681f74b4606e41f2795
Omaha,Mesa,Miami,first cyclic city after target excluding source and target,f11b278d4d4786ba879a3c1fd50707423d27df4d6be7f681f74b4606e41f2795
Omaha,Miami,Milwaukee,first cyclic city after target excluding source and target,f11b278d4d4786ba879a3c1fd50707423d27df4d6be7f681f74b4606e41f2795
Omaha,Milwaukee,Minneapolis,first cyclic city after target excluding source and target,f11b278d4d4786ba879a3c1fd50707423d27df4d6be7f681f74b4606e41f2795
Omaha,Minneapolis,Nashville,first cyclic city after target excluding source and target,f11b278d4d4786ba879a3c1fd50707423d27df4d6be7f681f74b4606e41f2795
Omaha,Nashville,New_York,first cyclic city after target excluding source and target,f11b278d4d4786ba879a3c1fd50707423d27df4d6be7f681f74b4606e41f2795
Omaha,New_York,Oakland,first cyclic city after target excluding source and target,f11b278d4d4786ba879a3c1fd50707423d27df4d6be7f681f74b4606e41f2795
Omaha,Oakland,Oklahoma_City,first cyclic city after target excluding source and target,f11b278d4d4786ba879a3c1fd50707423d27df4d6be7f681f74b4606e41f2795
Omaha,Oklahoma_City,Philadelphia,first cyclic city after target excluding source and target,f11b278d4d4786ba879a3c1fd50707423d27df4d6be7f681f74b4606e41f2795
Omaha,Philadelphia,Phoenix,first cyclic city after target excluding source and target,f11b278d4d4786ba879a3c1fd50707423d27df4d6be7f681f74b4606e41f2795
Omaha,Phoenix,Portland,first cyclic city after target excluding source and target,f11b278d4d4786ba879a3c1fd50707423d27df4d6be7f681f74b4606e41f2795
Omaha,Portland,Raleigh,first cyclic city after target excluding source and target,f11b278d4d4786ba879a3c1fd50707423d27df4d6be7f681f74b4606e41f2795
Omaha,Raleigh,Sacramento,first cyclic city after target excluding source and target,f11b278d4d4786ba879a3c1fd50707423d27df4d6be7f681f74b4606e41f2795
Omaha,Sacramento,San_Antonio,first cyclic city after target excluding source and target,f11b278d4d4786ba879a3c1fd50707423d27df4d6be7f681f74b4606e41f2795
Omaha,San_Antonio,San_Diego,first cyclic city after target excluding source and target,f11b278d4d4786ba879a3c1fd50707423d27df4d6be7f681f74b4606e41f2795
Omaha,San_Diego,San_Francisco,first cyclic city after target excluding source and target,f11b278d4d4786ba879a3c1fd50707423d27df4d6be7f681f74b4606e41f2795
Omaha,San_Francisco,San_Jose,first cyclic city after target excluding source and target,f11b278d4d4786ba879a3c1fd50707423d27df4d6be7f681f74b4606e41f2795
Omaha,San_Jose,Seattle,first cyclic city after target excluding source and target,f11b278d4d4786ba879a3c1fd50707423d27df4d6be7f681f74b4606e41f2795
Omaha,Seattle,Tampa,first cyclic city after target excluding source and target,f11b278d4d4786ba879a3c1fd50707423d27df4d6be7f681f74b4606e41f2795
Omaha,Tampa,Tucson,first cyclic city after target excluding source and target,f11b278d4d4786ba879a3c1fd50707423d27df4d6be7f681f74b4606e41f2795
Omaha,Tucson,Tulsa,first cyclic city after target excluding source and target,f11b278d4d4786ba879a3c1fd50707423d27df4d6be7f681f74b4606e41f2795
Omaha,Tulsa,Virginia_Beach,first cyclic city after target excluding source and target,f11b278d4d4786ba879a3c1fd50707423d27df4d6be7f681f74b4606e41f2795
Omaha,Virginia_Beach,Washington_DC,first cyclic city after target excluding source and target,f11b278d4d4786ba879a3c1fd50707423d27df4d6be7f681f74b4606e41f2795
Omaha,Washington_DC,Wichita,first cyclic city after target excluding source and target,f11b278d4d4786ba879a3c1fd50707423d27df4d6be7f681f74b4606e41f2795
Omaha,Wichita,Albuquerque,first cyclic city after target excluding source and target,f11b278d4d4786ba879a3c1fd50707423d27df4d6be7f681f74b4606e41f2795
Philadelphia,Albuquerque,Arlington,first cyclic city after target excluding source and target,f11b278d4d4786ba879a3c1fd50707423d27df4d6be7f681f74b4606e41f2795
Philadelphia,Arlington,Atlanta,first cyclic city after target excluding source and target,f11b278d4d4786ba879a3c1fd50707423d27df4d6be7f681f74b4606e41f2795
Philadelphia,Atlanta,Austin,first cyclic city after target excluding source and target,f11b278d4d4786ba879a3c1fd50707423d27df4d6be7f681f74b4606e41f2795
Philadelphia,Austin,Baltimore,first cyclic city after target excluding source and target,f11b278d4d4786ba879a3c1fd50707423d27df4d6be7f681f74b4606e41f2795
Philadelphia,Baltimore,Boston,first cyclic city after target excluding source and target,f11b278d4d4786ba879a3c1fd50707423d27df4d6be7f681f74b4606e41f2795
Philadelphia,Boston,Charlotte,first cyclic city after target excluding source and target,f11b278d4d4786ba879a3c1fd50707423d27df4d6be7f681f74b4606e41f2795
Philadelphia,Charlotte,Chicago,first cyclic city after target excluding source and target,f11b278d4d4786ba879a3c1fd50707423d27df4d6be7f681f74b4606e41f2795
Philadelphia,Chicago,Colorado_Springs,first cyclic city after target excluding source and target,f11b278d4d4786ba879a3c1fd50707423d27df4d6be7f681f74b4606e41f2795
Philadelphia,Colorado_Springs,Columbus,first cyclic city after target excluding source and target,f11b278d4d4786ba879a3c1fd50707423d27df4d6be7f681f74b4606e41f2795
Philadelphia,Columbus,Dallas,first cyclic city after target excluding source and target,f11b278d4d4786ba879a3c1fd50707423d27df4d6be7f681f74b4606e41f2795
Philadelphia,Dallas,Denver,first cyclic city after target excluding source and target,f11b278d4d4786ba879a3c1fd50707423d27df4d6be7f681f74b4606e41f2795
Philadelphia,Denver,Detroit,first cyclic city after target excluding source and target,f11b278d4d4786ba879a3c1fd50707423d27df4d6be7f681f74b4606e41f2795
Philadelphia,Detroit,El_Paso,first cyclic city after target excluding source and target,f11b278d4d4786ba879a3c1fd50707423d27df4d6be7f681f74b4606e41f2795
Philadelphia,El_Paso,Fort_Worth,first cyclic city after target excluding source and target,f11b278d4d4786ba879a3c1fd50707423d27df4d6be7f681f74b4606e41f2795
Philadelphia,Fort_Worth,Fresno,first cyclic city after target excluding source and target,f11b278d4d4786ba879a3c1fd50707423d27df4d6be7f681f74b4606e41f2795
Philadelphia,Fresno,Houston,first cyclic city after target excluding source and target,f11b278d4d4786ba879a3c1fd50707423d27df4d6be7f681f74b4606e41f2795
Philadelphia,Houston,Indianapolis,first cyclic city after target excluding source and target,f11b278d4d4786ba879a3c1fd50707423d27df4d6be7f681f74b4606e41f2795
Philadelphia,Indianapolis,Jacksonville,first cyclic city after target excluding source and target,f11b278d4d4786ba879a3c1fd50707423d27df4d6be7f681f74b4606e41f2795
Philadelphia,Jacksonville,Kansas_City,first cyclic city after target excluding source and target,f11b278d4d4786ba879a3c1fd50707423d27df4d6be7f681f74b4606e41f2795
Philadelphia,Kansas_City,Las_Vegas,first cyclic city after target excluding source and target,f11b278d4d4786ba879a3c1fd50707423d27df4d6be7f681f74b4606e41f2795
Philadelphia,Las_Vegas,Long_Beach,first cyclic city after target excluding source and target,f11b278d4d4786ba879a3c1fd50707423d27df4d6be7f681f74b4606e41f2795
Philadelphia,Long_Beach,Los_Angeles,first cyclic city after target excluding source and target,f11b278d4d4786ba879a3c1fd50707423d27df4d6be7f681f74b4606e41f2795
Philadelphia,Los_Angeles,Louisville,first cyclic city after target excluding source and target,f11b278d4d4786ba879a3c1fd50707423d27df4d6be7f681f74b4606e41f2795
Philadelphia,Louisville,Memphis,first cyclic city after target excluding source and target,f11b278d4d4786ba879a3c1fd50707423d27df4d6be7f681f74b4606e41f2795
Philadelphia,Memphis,Mesa,first cyclic city after target excluding source and target,f11b278d4d4786ba879a3c1fd50707423d27df4d6be7f681f74b4606e41f2795
Philadelphia,Mesa,Miami,first cyclic city after target excluding source and target,f11b278d4d4786ba879a3c1fd50707423d27df4d6be7f681f74b4606e41f2795
Philadelphia,Miami,Milwaukee,first cyclic city after target excluding source and target,f11b278d4d4786ba879a3c1fd50707423d27df4d6be7f681f74b4606e41f2795
Philadelphia,Milwaukee,Minneapolis,first cyclic city after target excluding source and target,f11b278d4d4786ba879a3c1fd50707423d27df4d6be7f681f74b4606e41f2795
Philadelphia,Minneapolis,Nashville,first cyclic city after target excluding source and target,f11b278d4d4786ba879a3c1fd50707423d27df4d6be7f681f74b4606e41f2795
Philadelphia,Nashville,New_York,first cyclic city after target excluding source and target,f11b278d4d4786ba879a3c1fd50707423d27df4d6be7f681f74b4606e41f2795
Philadelphia,New_York,Oakland,first cyclic city after target excluding source and target,f11b278d4d4786ba879a3c1fd50707423d27df4d6be7f681f74b4606e41f2795
Philadelphia,Oakland,Oklahoma_City,first cyclic city after target excluding source and target,f11b278d4d4786ba879a3c1fd50707423d27df4d6be7f681f74b4606e41f2795
Philadelphia,Oklahoma_City,Omaha,first cyclic city after target excluding source and target,f11b278d4d4786ba879a3c1fd50707423d27df4d6be7f681f74b4606e41f2795
Philadelphia,Omaha,Phoenix,first cyclic city after target excluding source and target,f11b278d4d4786ba879a3c1fd50707423d27df4d6be7f681f74b4606e41f2795
Philadelphia,Phoenix,Portland,first cyclic city after target excluding source and target,f11b278d4d4786ba879a3c1fd50707423d27df4d6be7f681f74b4606e41f2795
Philadelphia,Portland,Raleigh,first cyclic city after target excluding source and target,f11b278d4d4786ba879a3c1fd50707423d27df4d6be7f681f74b4606e41f2795
Philadelphia,Raleigh,Sacramento,first cyclic city after target excluding source and target,f11b278d4d4786ba879a3c1fd50707423d27df4d6be7f681f74b4606e41f2795
Philadelphia,Sacramento,San_Antonio,first cyclic city after target excluding source and target,f11b278d4d4786ba879a3c1fd50707423d27df4d6be7f681f74b4606e41f2795
Philadelphia,San_Antonio,San_Diego,first cyclic city after target excluding source and target,f11b278d4d4786ba879a3c1fd50707423d27df4d6be7f681f74b4606e41f2795
Philadelphia,San_Diego,San_Francisco,first cyclic city after target excluding source and target,f11b278d4d4786ba879a3c1fd50707423d27df4d6be7f681f74b4606e41f2795
Philadelphia,San_Francisco,San_Jose,first cyclic city after target excluding source and target,f11b278d4d4786ba879a3c1fd50707423d27df4d6be7f681f74b4606e41f2795
Philadelphia,San_Jose,Seattle,first cyclic city after target excluding source and target,f11b278d4d4786ba879a3c1fd50707423d27df4d6be7f681f74b4606e41f2795
Philadelphia,Seattle,Tampa,first cyclic city after target excluding source and target,f11b278d4d4786ba879a3c1fd50707423d27df4d6be7f681f74b4606e41f2795
Philadelphia,Tampa,Tucson,first cyclic city after target excluding source and target,f11b278d4d4786ba879a3c1fd50707423d27df4d6be7f681f74b4606e41f2795
Philadelphia,Tucson,Tulsa,first cyclic city after target excluding source and target,f11b278d4d4786ba879a3c1fd50707423d27df4d6be7f681f74b4606e41f2795
Philadelphia,Tulsa,Virginia_Beach,first cyclic city after target excluding source and target,f11b278d4d4786ba879a3c1fd50707423d27df4d6be7f681f74b4606e41f2795
Philadelphia,Virginia_Beach,Washington_DC,first cyclic city after target excluding source and target,f11b278d4d4786ba879a3c1fd50707423d27df4d6be7f681f74b4606e41f2795
Philadelphia,Washington_DC,Wichita,first cyclic city after target excluding source and target,f11b278d4d4786ba879a3c1fd50707423d27df4d6be7f681f74b4606e41f2795
Philadelphia,Wichita,Albuquerque,first cyclic city after target excluding source and target,f11b278d4d4786ba879a3c1fd50707423d27df4d6be7f681f74b4606e41f2795
Phoenix,Albuquerque,Arlington,first cyclic city after target excluding source and target,f11b278d4d4786ba879a3c1fd50707423d27df4d6be7f681f74b4606e41f2795
Phoenix,Arlington,Atlanta,first cyclic city after target excluding source and target,f11b278d4d4786ba879a3c1fd50707423d27df4d6be7f681f74b4606e41f2795
Phoenix,Atlanta,Austin,first cyclic city after target excluding source and target,f11b278d4d4786ba879a3c1fd50707423d27df4d6be7f681f74b4606e41f2795
Phoenix,Austin,Baltimore,first cyclic city after target excluding source and target,f11b278d4d4786ba879a3c1fd50707423d27df4d6be7f681f74b4606e41f2795
Phoenix,Baltimore,Boston,first cyclic city after target excluding source and target,f11b278d4d4786ba879a3c1fd50707423d27df4d6be7f681f74b4606e41f2795
Phoenix,Boston,Charlotte,first cyclic city after target excluding source and target,f11b278d4d4786ba879a3c1fd50707423d27df4d6be7f681f74b4606e41f2795
Phoenix,Charlotte,Chicago,first cyclic city after target excluding source and target,f11b278d4d4786ba879a3c1fd50707423d27df4d6be7f681f74b4606e41f2795
Phoenix,Chicago,Colorado_Springs,first cyclic city after target excluding source and target,f11b278d4d4786ba879a3c1fd50707423d27df4d6be7f681f74b4606e41f2795
Phoenix,Colorado_Springs,Columbus,first cyclic city after target excluding source and target,f11b278d4d4786ba879a3c1fd50707423d27df4d6be7f681f74b4606e41f2795
Phoenix,Columbus,Dallas,first cyclic city after target excluding source and target,f11b278d4d4786ba879a3c1fd50707423d27df4d6be7f681f74b4606e41f2795
Phoenix,Dallas,Denver,first cyclic city after target excluding source and target,f11b278d4d4786ba879a3c1fd50707423d27df4d6be7f681f74b4606e41f2795
Phoenix,Denver,Detroit,first cyclic city after target excluding source and target,f11b278d4d4786ba879a3c1fd50707423d27df4d6be7f681f74b4606e41f2795
Phoenix,Detroit,El_Paso,first cyclic city after target excluding source and target,f11b278d4d4786ba879a3c1fd50707423d27df4d6be7f681f74b4606e41f2795
Phoenix,El_Paso,Fort_Worth,first cyclic city after target excluding source and target,f11b278d4d4786ba879a3c1fd50707423d27df4d6be7f681f74b4606e41f2795
Phoenix,Fort_Worth,Fresno,first cyclic city after target excluding source and target,f11b278d4d4786ba879a3c1fd50707423d27df4d6be7f681f74b4606e41f2795
Phoenix,Fresno,Houston,first cyclic city after target excluding source and target,f11b278d4d4786ba879a3c1fd50707423d27df4d6be7f681f74b4606e41f2795
Phoenix,Houston,Indianapolis,first cyclic city after target excluding source and target,f11b278d4d4786ba879a3c1fd50707423d27df4d6be7f681f74b4606e41f2795
Phoenix,Indianapolis,Jacksonville,first cyclic city after target excluding source and target,f11b278d4d4786ba879a3c1fd50707423d27df4d6be7f681f74b4606e41f2795
Phoenix,Jacksonville,Kansas_City,first cyclic city after target excluding source and target,f11b278d4d4786ba879a3c1fd50707423d27df4d6be7f681f74b4606e41f2795
Phoenix,Kansas_City,Las_Vegas,first cyclic city after target excluding source and target,f11b278d4d4786ba879a3c1fd50707423d27df4d6be7f681f74b4606e41f2795
Phoenix,Las_Vegas,Long_Beach,first cyclic city after target excluding source and target,f11b278d4d4786ba879a3c1fd50707423d27df4d6be7f681f74b4606e41f2795
Phoenix,Long_Beach,Los_Angeles,first cyclic city after target excluding source and target,f11b278d4d4786ba879a3c1fd50707423d27df4d6be7f681f74b4606e41f2795
Phoenix,Los_Angeles,Louisville,first cyclic city after target excluding source and target,f11b278d4d4786ba879a3c1fd50707423d27df4d6be7f681f74b4606e41f2795
Phoenix,Louisville,Memphis,first cyclic city after target excluding source and target,f11b278d4d4786ba879a3c1fd50707423d27df4d6be7f681f74b4606e41f2795
Phoenix,Memphis,Mesa,first cyclic city after target excluding source and target,f11b278d4d4786ba879a3c1fd50707423d27df4d6be7f681f74b4606e41f2795
Phoenix,Mesa,Miami,first cyclic city after target excluding source and target,f11b278d4d4786ba879a3c1fd50707423d27df4d6be7f681f74b4606e41f2795
Phoenix,Miami,Milwaukee,first cyclic city after target excluding source and target,f11b278d4d4786ba879a3c1fd50707423d27df4d6be7f681f74b4606e41f2795
Phoenix,Milwaukee,Minneapolis,first cyclic city after target excluding source and target,f11b278d4d4786ba879a3c1fd50707423d27df4d6be7f681f74b4606e41f2795
Phoenix,Minneapolis,Nashville,first cyclic city after target excluding source and target,f11b278d4d4786ba879a3c1fd50707423d27df4d6be7f681f74b4606e41f2795
Phoenix,Nashville,New_York,first cyclic city after target excluding source and target,f11b278d4d4786ba879a3c1fd50707423d27df4d6be7f681f74b4606e41f2795
Phoenix,New_York,Oakland,first cyclic city after target excluding source and target,f11b278d4d4786ba879a3c1fd50707423d27df4d6be7f681f74b4606e41f2795
Phoenix,Oakland,Oklahoma_City,first cyclic city after target excluding source and target,f11b278d4d4786ba879a3c1fd50707423d27df4d6be7f681f74b4606e41f2795
Phoenix,Oklahoma_City,Omaha,first cyclic city after target excluding source and target,f11b278d4d4786ba879a3c1fd50707423d27df4d6be7f681f74b4606e41f2795
Phoenix,Omaha,Philadelphia,first cyclic city after target excluding source and target,f11b278d4d4786ba879a3c1fd50707423d27df4d6be7f681f74b4606e41f2795
Phoenix,Philadelphia,Portland,first cyclic city after target excluding source and target,f11b278d4d4786ba879a3c1fd50707423d27df4d6be7f681f74b4606e41f2795
Phoenix,Portland,Raleigh,first cyclic city after target excluding source and target,f11b278d4d4786ba879a3c1fd50707423d27df4d6be7f681f74b4606e41f2795
Phoenix,Raleigh,Sacramento,first cyclic city after target excluding source and target,f11b278d4d4786ba879a3c1fd50707423d27df4d6be7f681f74b4606e41f2795
Phoenix,Sacramento,San_Antonio,first cyclic city after target excluding source and target,f11b278d4d4786ba879a3c1fd50707423d27df4d6be7f681f74b4606e41f2795
Phoenix,San_Antonio,San_Diego,first cyclic city after target excluding source and target,f11b278d4d4786ba879a3c1fd50707423d27df4d6be7f681f74b4606e41f2795
Phoenix,San_Diego,San_Francisco,first cyclic city after target excluding source and target,f11b278d4d4786ba879a3c1fd50707423d27df4d6be7f681f74b4606e41f2795
Phoenix,San_Francisco,San_Jose,first cyclic city after target excluding source and target,f11b278d4d4786ba879a3c1fd50707423d27df4d6be7f681f74b4606e41f2795
Phoenix,San_Jose,Seattle,first cyclic city after target excluding source and target,f11b278d4d4786ba879a3c1fd50707423d27df4d6be7f681f74b4606e41f2795
Phoenix,Seattle,Tampa,first cyclic city after target excluding source and target,f11b278d4d4786ba879a3c1fd50707423d27df4d6be7f681f74b4606e41f2795
Phoenix,Tampa,Tucson,first cyclic city after target excluding source and target,f11b278d4d4786ba879a3c1fd50707423d27df4d6be7f681f74b4606e41f2795
Phoenix,Tucson,Tulsa,first cyclic city after target excluding source and target,f11b278d4d4786ba879a3c1fd50707423d27df4d6be7f681f74b4606e41f2795
Phoenix,Tulsa,Virginia_Beach,first cyclic city after target excluding source and target,f11b278d4d4786ba879a3c1fd50707423d27df4d6be7f681f74b4606e41f2795
Phoenix,Virginia_Beach,Washington_DC,first cyclic city after target excluding source and target,f11b278d4d4786ba879a3c1fd50707423d27df4d6be7f681f74b4606e41f2795
Phoenix,Washington_DC,Wichita,first cyclic city after target excluding source and target,f11b278d4d4786ba879a3c1fd50707423d27df4d6be7f681f74b4606e41f2795
Phoenix,Wichita,Albuquerque,first cyclic city after target excluding source and target,f11b278d4d4786ba879a3c1fd50707423d27df4d6be7f681f74b4606e41f2795
Portland,Albuquerque,Arlington,first cyclic city after target excluding source and target,f11b278d4d4786ba879a3c1fd50707423d27df4d6be7f681f74b4606e41f2795
Portland,Arlington,Atlanta,first cyclic city after target excluding source and target,f11b278d4d4786ba879a3c1fd50707423d27df4d6be7f681f74b4606e41f2795
Portland,Atlanta,Austin,first cyclic city after target excluding source and target,f11b278d4d4786ba879a3c1fd50707423d27df4d6be7f681f74b4606e41f2795
Portland,Austin,Baltimore,first cyclic city after target excluding source and target,f11b278d4d4786ba879a3c1fd50707423d27df4d6be7f681f74b4606e41f2795
Portland,Baltimore,Boston,first cyclic city after target excluding source and target,f11b278d4d4786ba879a3c1fd50707423d27df4d6be7f681f74b4606e41f2795
Portland,Boston,Charlotte,first cyclic city after target excluding source and target,f11b278d4d4786ba879a3c1fd50707423d27df4d6be7f681f74b4606e41f2795
Portland,Charlotte,Chicago,first cyclic city after target excluding source and target,f11b278d4d4786ba879a3c1fd50707423d27df4d6be7f681f74b4606e41f2795
Portland,Chicago,Colorado_Springs,first cyclic city after target excluding source and target,f11b278d4d4786ba879a3c1fd50707423d27df4d6be7f681f74b4606e41f2795
Portland,Colorado_Springs,Columbus,first cyclic city after target excluding source and target,f11b278d4d4786ba879a3c1fd50707423d27df4d6be7f681f74b4606e41f2795
Portland,Columbus,Dallas,first cyclic city after target excluding source and target,f11b278d4d4786ba879a3c1fd50707423d27df4d6be7f681f74b4606e41f2795
Portland,Dallas,Denver,first cyclic city after target excluding source and target,f11b278d4d4786ba879a3c1fd50707423d27df4d6be7f681f74b4606e41f2795
Portland,Denver,Detroit,first cyclic city after target excluding source and target,f11b278d4d4786ba879a3c1fd50707423d27df4d6be7f681f74b4606e41f2795
Portland,Detroit,El_Paso,first cyclic city after target excluding source and target,f11b278d4d4786ba879a3c1fd50707423d27df4d6be7f681f74b4606e41f2795
Portland,El_Paso,Fort_Worth,first cyclic city after target excluding source and target,f11b278d4d4786ba879a3c1fd50707423d27df4d6be7f681f74b4606e41f2795
Portland,Fort_Worth,Fresno,first cyclic city after target excluding source and target,f11b278d4d4786ba879a3c1fd50707423d27df4d6be7f681f74b4606e41f2795
Portland,Fresno,Houston,first cyclic city after target excluding source and target,f11b278d4d4786ba879a3c1fd50707423d27df4d6be7f681f74b4606e41f2795
Portland,Houston,Indianapolis,first cyclic city after target excluding source and target,f11b278d4d4786ba879a3c1fd50707423d27df4d6be7f681f74b4606e41f2795
Portland,Indianapolis,Jacksonville,first cyclic city after target excluding source and target,f11b278d4d4786ba879a3c1fd50707423d27df4d6be7f681f74b4606e41f2795
Portland,Jacksonville,Kansas_City,first cyclic city after target excluding source and target,f11b278d4d4786ba879a3c1fd50707423d27df4d6be7f681f74b4606e41f2795
Portland,Kansas_City,Las_Vegas,first cyclic city after target excluding source and target,f11b278d4d4786ba879a3c1fd50707423d27df4d6be7f681f74b4606e41f2795
Portland,Las_Vegas,Long_Beach,first cyclic city after target excluding source and target,f11b278d4d4786ba879a3c1fd50707423d27df4d6be7f681f74b4606e41f2795
Portland,Long_Beach,Los_Angeles,first cyclic city after target excluding source and target,f11b278d4d4786ba879a3c1fd50707423d27df4d6be7f681f74b4606e41f2795
Portland,Los_Angeles,Louisville,first cyclic city after target excluding source and target,f11b278d4d4786ba879a3c1fd50707423d27df4d6be7f681f74b4606e41f2795
Portland,Louisville,Memphis,first cyclic city after target excluding source and target,f11b278d4d4786ba879a3c1fd50707423d27df4d6be7f681f74b4606e41f2795
Portland,Memphis,Mesa,first cyclic city after target excluding source and target,f11b278d4d4786ba879a3c1fd50707423d27df4d6be7f681f74b4606e41f2795
Portland,Mesa,Miami,first cyclic city after target excluding source and target,f11b278d4d4786ba879a3c1fd50707423d27df4d6be7f681f74b4606e41f2795
Portland,Miami,Milwaukee,first cyclic city after target excluding source and target,f11b278d4d4786ba879a3c1fd50707423d27df4d6be7f681f74b4606e41f2795
Portland,Milwaukee,Minneapolis,first cyclic city after target excluding source and target,f11b278d4d4786ba879a3c1fd50707423d27df4d6be7f681f74b4606e41f2795
Portland,Minneapolis,Nashville,first cyclic city after target excluding source and target,f11b278d4d4786ba879a3c1fd50707423d27df4d6be7f681f74b4606e41f2795
Portland,Nashville,New_York,first cyclic city after target excluding source and target,f11b278d4d4786ba879a3c1fd50707423d27df4d6be7f681f74b4606e41f2795
Portland,New_York,Oakland,first cyclic city after target excluding source and target,f11b278d4d4786ba879a3c1fd50707423d27df4d6be7f681f74b4606e41f2795
Portland,Oakland,Oklahoma_City,first cyclic city after target excluding source and target,f11b278d4d4786ba879a3c1fd50707423d27df4d6be7f681f74b4606e41f2795
Portland,Oklahoma_City,Omaha,first cyclic city after target excluding source and target,f11b278d4d4786ba879a3c1fd50707423d27df4d6be7f681f74b4606e41f2795
Portland,Omaha,Philadelphia,first cyclic city after target excluding source and target,f11b278d4d4786ba879a3c1fd50707423d27df4d6be7f681f74b4606e41f2795
Portland,Philadelphia,Phoenix,first cyclic city after target excluding source and target,f11b278d4d4786ba879a3c1fd50707423d27df4d6be7f681f74b4606e41f2795
Portland,Phoenix,Raleigh,first cyclic city after target excluding source and target,f11b278d4d4786ba879a3c1fd50707423d27df4d6be7f681f74b4606e41f2795
Portland,Raleigh,Sacramento,first cyclic city after target excluding source and target,f11b278d4d4786ba879a3c1fd50707423d27df4d6be7f681f74b4606e41f2795
Portland,Sacramento,San_Antonio,first cyclic city after target excluding source and target,f11b278d4d4786ba879a3c1fd50707423d27df4d6be7f681f74b4606e41f2795
Portland,San_Antonio,San_Diego,first cyclic city after target excluding source and target,f11b278d4d4786ba879a3c1fd50707423d27df4d6be7f681f74b4606e41f2795
Portland,San_Diego,San_Francisco,first cyclic city after target excluding source and target,f11b278d4d4786ba879a3c1fd50707423d27df4d6be7f681f74b4606e41f2795
Portland,San_Francisco,San_Jose,first cyclic city after target excluding source and target,f11b278d4d4786ba879a3c1fd50707423d27df4d6be7f681f74b4606e41f2795
Portland,San_Jose,Seattle,first cyclic city after target excluding source and target,f11b278d4d4786ba879a3c1fd50707423d27df4d6be7f681f74b4606e41f2795
Portland,Seattle,Tampa,first cyclic city after target excluding source and target,f11b278d4d4786ba879a3c1fd50707423d27df4d6be7f681f74b4606e41f2795
Portland,Tampa,Tucson,first cyclic city after target excluding source and target,f11b278d4d4786ba879a3c1fd50707423d27df4d6be7f681f74b4606e41f2795
Portland,Tucson,Tulsa,first cyclic city after target excluding source and target,f11b278d4d4786ba879a3c1fd50707423d27df4d6be7f681f74b4606e41f2795
Portland,Tulsa,Virginia_Beach,first cyclic city after target excluding source and target,f11b278d4d4786ba879a3c1fd50707423d27df4d6be7f681f74b4606e41f2795
Portland,Virginia_Beach,Washington_DC,first cyclic city after target excluding source and target,f11b278d4d4786ba879a3c1fd50707423d27df4d6be7f681f74b4606e41f2795
Portland,Washington_DC,Wichita,first cyclic city after target excluding source and target,f11b278d4d4786ba879a3c1fd50707423d27df4d6be7f681f74b4606e41f2795
Portland,Wichita,Albuquerque,first cyclic city after target excluding source and target,f11b278d4d4786ba879a3c1fd50707423d27df4d6be7f681f74b4606e41f2795
Raleigh,Albuquerque,Arlington,first cyclic city after target excluding source and target,f11b278d4d4786ba879a3c1fd50707423d27df4d6be7f681f74b4606e41f2795
Raleigh,Arlington,Atlanta,first cyclic city after target excluding source and target,f11b278d4d4786ba879a3c1fd50707423d27df4d6be7f681f74b4606e41f2795
Raleigh,Atlanta,Austin,first cyclic city after target excluding source and target,f11b278d4d4786ba879a3c1fd50707423d27df4d6be7f681f74b4606e41f2795
Raleigh,Austin,Baltimore,first cyclic city after target excluding source and target,f11b278d4d4786ba879a3c1fd50707423d27df4d6be7f681f74b4606e41f2795
Raleigh,Baltimore,Boston,first cyclic city after target excluding source and target,f11b278d4d4786ba879a3c1fd50707423d27df4d6be7f681f74b4606e41f2795
Raleigh,Boston,Charlotte,first cyclic city after target excluding source and target,f11b278d4d4786ba879a3c1fd50707423d27df4d6be7f681f74b4606e41f2795
Raleigh,Charlotte,Chicago,first cyclic city after target excluding source and target,f11b278d4d4786ba879a3c1fd50707423d27df4d6be7f681f74b4606e41f2795
Raleigh,Chicago,Colorado_Springs,first cyclic city after target excluding source and target,f11b278d4d4786ba879a3c1fd50707423d27df4d6be7f681f74b4606e41f2795
Raleigh,Colorado_Springs,Columbus,first cyclic city after target excluding source and target,f11b278d4d4786ba879a3c1fd50707423d27df4d6be7f681f74b4606e41f2795
Raleigh,Columbus,Dallas,first cyclic city after target excluding source and target,f11b278d4d4786ba879a3c1fd50707423d27df4d6be7f681f74b4606e41f2795
Raleigh,Dallas,Denver,first cyclic city after target excluding source and target,f11b278d4d4786ba879a3c1fd50707423d27df4d6be7f681f74b4606e41f2795
Raleigh,Denver,Detroit,first cyclic city after target excluding source and target,f11b278d4d4786ba879a3c1fd50707423d27df4d6be7f681f74b4606e41f2795
Raleigh,Detroit,El_Paso,first cyclic city after target excluding source and target,f11b278d4d4786ba879a3c1fd50707423d27df4d6be7f681f74b4606e41f2795
Raleigh,El_Paso,Fort_Worth,first cyclic city after target excluding source and target,f11b278d4d4786ba879a3c1fd50707423d27df4d6be7f681f74b4606e41f2795
Raleigh,Fort_Worth,Fresno,first cyclic city after target excluding source and target,f11b278d4d4786ba879a3c1fd50707423d27df4d6be7f681f74b4606e41f2795
Raleigh,Fresno,Houston,first cyclic city after target excluding source and target,f11b278d4d4786ba879a3c1fd50707423d27df4d6be7f681f74b4606e41f2795
Raleigh,Houston,Indianapolis,first cyclic city after target excluding source and target,f11b278d4d4786ba879a3c1fd50707423d27df4d6be7f681f74b4606e41f2795
Raleigh,Indianapolis,Jacksonville,first cyclic city after target excluding source and target,f11b278d4d4786ba879a3c1fd50707423d27df4d6be7f681f74b4606e41f2795
Raleigh,Jacksonville,Kansas_City,first cyclic city after target excluding source and target,f11b278d4d4786ba879a3c1fd50707423d27df4d6be7f681f74b4606e41f2795
Raleigh,Kansas_City,Las_Vegas,first cyclic city after target excluding source and target,f11b278d4d4786ba879a3c1fd50707423d27df4d6be7f681f74b4606e41f2795
Raleigh,Las_Vegas,Long_Beach,first cyclic city after target excluding source and target,f11b278d4d4786ba879a3c1fd50707423d27df4d6be7f681f74b4606e41f2795
Raleigh,Long_Beach,Los_Angeles,first cyclic city after target excluding source and target,f11b278d4d4786ba879a3c1fd50707423d27df4d6be7f681f74b4606e41f2795
Raleigh,Los_Angeles,Louisville,first cyclic city after target excluding source and target,f11b278d4d4786ba879a3c1fd50707423d27df4d6be7f681f74b4606e41f2795
Raleigh,Louisville,Memphis,first cyclic city after target excluding source and target,f11b278d4d4786ba879a3c1fd50707423d27df4d6be7f681f74b4606e41f2795
Raleigh,Memphis,Mesa,first cyclic city after target excluding source and target,f11b278d4d4786ba879a3c1fd50707423d27df4d6be7f681f74b4606e41f2795
Raleigh,Mesa,Miami,first cyclic city after target excluding source and target,f11b278d4d4786ba879a3c1fd50707423d27df4d6be7f681f74b4606e41f2795
Raleigh,Miami,Milwaukee,first cyclic city after target excluding source and target,f11b278d4d4786ba879a3c1fd50707423d27df4d6be7f681f74b4606e41f2795
Raleigh,Milwaukee,Minneapolis,first cyclic city after target excluding source and target,f11b278d4d4786ba879a3c1fd50707423d27df4d6be7f681f74b4606e41f2795
Raleigh,Minneapolis,Nashville,first cyclic city after target excluding source and target,f11b278d4d4786ba879a3c1fd50707423d27df4d6be7f681f74b4606e41f2795
Raleigh,Nashville,New_York,first cyclic city after target excluding source and target,f11b278d4d4786ba879a3c1fd50707423d27df4d6be7f681f74b4606e41f2795
Raleigh,New_York,Oakland,first cyclic city after target excluding source and target,f11b278d4d4786ba879a3c1fd50707423d27df4d6be7f681f74b4606e41f2795
Raleigh,Oakland,Oklahoma_City,first cyclic city after target excluding source and target,f11b278d4d4786ba879a3c1fd50707423d27df4d6be7f681f74b4606e41f2795
Raleigh,Oklahoma_City,Omaha,first cyclic city after target excluding source and target,f11b278d4d4786ba879a3c1fd50707423d27df4d6be7f681f74b4606e41f2795
Raleigh,Omaha,Philadelphia,first cyclic city after target excluding source and target,f11b278d4d4786ba879a3c1fd50707423d27df4d6be7f681f74b4606e41f2795
Raleigh,Philadelphia,Phoenix,first cyclic city after target excluding source and target,f11b278d4d4786ba879a3c1fd50707423d27df4d6be7f681f74b4606e41f2795
Raleigh,Phoenix,Portland,first cyclic city after target excluding source and target,f11b278d4d4786ba879a3c1fd50707423d27df4d6be7f681f74b4606e41f2795
Raleigh,Portland,Sacramento,first cyclic city after target excluding source and target,f11b278d4d4786ba879a3c1fd50707423d27df4d6be7f681f74b4606e41f2795
Raleigh,Sacramento,San_Antonio,first cyclic city after target excluding source and target,f11b278d4d4786ba879a3c1fd50707423d27df4d6be7f681f74b4606e41f2795
Raleigh,San_Antonio,San_Diego,first cyclic city after target excluding source and target,f11b278d4d4786ba879a3c1fd50707423d27df4d6be7f681f74b4606e41f2795
Raleigh,San_Diego,San_Francisco,first cyclic city after target excluding source and target,f11b278d4d4786ba879a3c1fd50707423d27df4d6be7f681f74b4606e41f2795
Raleigh,San_Francisco,San_Jose,first cyclic city after target excluding source and target,f11b278d4d4786ba879a3c1fd50707423d27df4d6be7f681f74b4606e41f2795
Raleigh,San_Jose,Seattle,first cyclic city after target excluding source and target,f11b278d4d4786ba879a3c1fd50707423d27df4d6be7f681f74b4606e41f2795
Raleigh,Seattle,Tampa,first cyclic city after target excluding source and target,f11b278d4d4786ba879a3c1fd50707423d27df4d6be7f681f74b4606e41f2795
Raleigh,Tampa,Tucson,first cyclic city after target excluding source and target,f11b278d4d4786ba879a3c1fd50707423d27df4d6be7f681f74b4606e41f2795
Raleigh,Tucson,Tulsa,first cyclic city after target excluding source and target,f11b278d4d4786ba879a3c1fd50707423d27df4d6be7f681f74b4606e41f2795
Raleigh,Tulsa,Virginia_Beach,first cyclic city after target excluding source and target,f11b278d4d4786ba879a3c1fd50707423d27df4d6be7f681f74b4606e41f2795
Raleigh,Virginia_Beach,Washington_DC,first cyclic city after target excluding source and target,f11b278d4d4786ba879a3c1fd50707423d27df4d6be7f681f74b4606e41f2795
Raleigh,Washington_DC,Wichita,first cyclic city after target excluding source and target,f11b278d4d4786ba879a3c1fd50707423d27df4d6be7f681f74b4606e41f2795
Raleigh,Wichita,Albuquerque,first cyclic city after target excluding source and target,f11b278d4d4786ba879a3c1fd50707423d27df4d6be7f681f74b4606e41f2795
Sacramento,Albuquerque,Arlington,first cyclic city after target excluding source and target,f11b278d4d4786ba879a3c1fd50707423d27df4d6be7f681f74b4606e41f2795
Sacramento,Arlington,Atlanta,first cyclic city after target excluding source and target,f11b278d4d4786ba879a3c1fd50707423d27df4d6be7f681f74b4606e41f2795
Sacramento,Atlanta,Austin,first cyclic city after target excluding source and target,f11b278d4d4786ba879a3c1fd50707423d27df4d6be7f681f74b4606e41f2795
Sacramento,Austin,Baltimore,first cyclic city after target excluding source and target,f11b278d4d4786ba879a3c1fd50707423d27df4d6be7f681f74b4606e41f2795
Sacramento,Baltimore,Boston,first cyclic city after target excluding source and target,f11b278d4d4786ba879a3c1fd50707423d27df4d6be7f681f74b4606e41f2795
Sacramento,Boston,Charlotte,first cyclic city after target excluding source and target,f11b278d4d4786ba879a3c1fd50707423d27df4d6be7f681f74b4606e41f2795
Sacramento,Charlotte,Chicago,first cyclic city after target excluding source and target,f11b278d4d4786ba879a3c1fd50707423d27df4d6be7f681f74b4606e41f2795
Sacramento,Chicago,Colorado_Springs,first cyclic city after target excluding source and target,f11b278d4d4786ba879a3c1fd50707423d27df4d6be7f681f74b4606e41f2795
Sacramento,Colorado_Springs,Columbus,first cyclic city after target excluding source and target,f11b278d4d4786ba879a3c1fd50707423d27df4d6be7f681f74b4606e41f2795
Sacramento,Columbus,Dallas,first cyclic city after target excluding source and target,f11b278d4d4786ba879a3c1fd50707423d27df4d6be7f681f74b4606e41f2795
Sacramento,Dallas,Denver,first cyclic city after target excluding source and target,f11b278d4d4786ba879a3c1fd50707423d27df4d6be7f681f74b4606e41f2795
Sacramento,Denver,Detroit,first cyclic city after target excluding source and target,f11b278d4d4786ba879a3c1fd50707423d27df4d6be7f681f74b4606e41f2795
Sacramento,Detroit,El_Paso,first cyclic city after target excluding source and target,f11b278d4d4786ba879a3c1fd50707423d27df4d6be7f681f74b4606e41f2795
Sacramento,El_Paso,Fort_Worth,first cyclic city after target excluding source and target,f11b278d4d4786ba879a3c1fd50707423d27df4d6be7f681f74b4606e41f2795
Sacramento,Fort_Worth,Fresno,first cyclic city after target excluding source and target,f11b278d4d4786ba879a3c1fd50707423d27df4d6be7f681f74b4606e41f2795
Sacramento,Fresno,Houston,first cyclic city after target excluding source and target,f11b278d4d4786ba879a3c1fd50707423d27df4d6be7f681f74b4606e41f2795
Sacramento,Houston,Indianapolis,first cyclic city after target excluding source and target,f11b278d4d4786ba879a3c1fd50707423d27df4d6be7f681f74b4606e41f2795
Sacramento,Indianapolis,Jacksonville,first cyclic city after target excluding source and target,f11b278d4d4786ba879a3c1fd50707423d27df4d6be7f681f74b4606e41f2795
Sacramento,Jacksonville,Kansas_City,first cyclic city after target excluding source and target,f11b278d4d4786ba879a3c1fd50707423d27df4d6be7f681f74b4606e41f2795
Sacramento,Kansas_City,Las_Vegas,first cyclic city after target excluding source and target,f11b278d4d4786ba879a3c1fd50707423d27df4d6be7f681f74b4606e41f2795
Sacramento,Las_Vegas,Long_Beach,first cyclic city after target excluding source and target,f11b278d4d4786ba879a3c1fd50707423d27df4d6be7f681f74b4606e41f2795
Sacramento,Long_Beach,Los_Angeles,first cyclic city after target excluding source and target,f11b278d4d4786ba879a3c1fd50707423d27df4d6be7f681f74b4606e41f2795
Sacramento,Los_Angeles,Louisville,first cyclic city after target excluding source and target,f11b278d4d4786ba879a3c1fd50707423d27df4d6be7f681f74b4606e41f2795
Sacramento,Louisville,Memphis,first cyclic city after target excluding source and target,f11b278d4d4786ba879a3c1fd50707423d27df4d6be7f681f74b4606e41f2795
Sacramento,Memphis,Mesa,first cyclic city after target excluding source and target,f11b278d4d4786ba879a3c1fd50707423d27df4d6be7f681f74b4606e41f2795
Sacramento,Mesa,Miami,first cyclic city after target excluding source and target,f11b278d4d4786ba879a3c1fd50707423d27df4d6be7f681f74b4606e41f2795
Sacramento,Miami,Milwaukee,first cyclic city after target excluding source and target,f11b278d4d4786ba879a3c1fd50707423d27df4d6be7f681f74b4606e41f2795
Sacramento,Milwaukee,Minneapolis,first cyclic city after target excluding source and target,f11b278d4d4786ba879a3c1fd50707423d27df4d6be7f681f74b4606e41f2795
Sacramento,Minneapolis,Nashville,first cyclic city after target excluding source and target,f11b278d4d4786ba879a3c1fd50707423d27df4d6be7f681f74b4606e41f2795
Sacramento,Nashville,New_York,first cyclic city after target excluding source and target,f11b278d4d4786ba879a3c1fd50707423d27df4d6be7f681f74b4606e41f2795
Sacramento,New_York,Oakland,first cyclic city after target excluding source and target,f11b278d4d4786ba879a3c1fd50707423d27df4d6be7f681f74b4606e41f2795
Sacramento,Oakland,Oklahoma_City,first cyclic city after target excluding source and target,f11b278d4d4786ba879a3c1fd50707423d27df4d6be7f681f74b4606e41f2795
Sacramento,Oklahoma_City,Omaha,first cyclic city after target excluding source and target,f11b278d4d4786ba879a3c1fd50707423d27df4d6be7f681f74b4606e41f2795
Sacramento,Omaha,Philadelphia,first cyclic city after target excluding source and target,f11b278d4d4786ba879a3c1fd50707423d27df4d6be7f681f74b4606e41f2795
Sacramento,Philadelphia,Phoenix,first cyclic city after target excluding source and target,f11b278d4d4786ba879a3c1fd50707423d27df4d6be7f681f74b4606e41f2795
Sacramento,Phoenix,Portland,first cyclic city after target excluding source and target,f11b278d4d4786ba879a3c1fd50707423d27df4d6be7f681f74b4606e41f2795
Sacramento,Portland,Raleigh,first cyclic city after target excluding source and target,f11b278d4d4786ba879a3c1fd50707423d27df4d6be7f681f74b4606e41f2795
Sacramento,Raleigh,San_Antonio,first cyclic city after target excluding source and target,f11b278d4d4786ba879a3c1fd50707423d27df4d6be7f681f74b4606e41f2795
Sacramento,San_Antonio,San_Diego,first cyclic city after target excluding source and target,f11b278d4d4786ba879a3c1fd50707423d27df4d6be7f681f74b4606e41f2795
Sacramento,San_Diego,San_Francisco,first cyclic city after target excluding source and target,f11b278d4d4786ba879a3c1fd50707423d27df4d6be7f681f74b4606e41f2795
Sacramento,San_Francisco,San_Jose,first cyclic city after target excluding source and target,f11b278d4d4786ba879a3c1fd50707423d27df4d6be7f681f74b4606e41f2795
Sacramento,San_Jose,Seattle,first cyclic city after target excluding source and target,f11b278d4d4786ba879a3c1fd50707423d27df4d6be7f681f74b4606e41f2795
Sacramento,Seattle,Tampa,first cyclic city after target excluding source and target,f11b278d4d4786ba879a3c1fd50707423d27df4d6be7f681f74b4606e41f2795
Sacramento,Tampa,Tucson,first cyclic city after target excluding source and target,f11b278d4d4786ba879a3c1fd50707423d27df4d6be7f681f74b4606e41f2795
Sacramento,Tucson,Tulsa,first cyclic city after target excluding source and target,f11b278d4d4786ba879a3c1fd50707423d27df4d6be7f681f74b4606e41f2795
Sacramento,Tulsa,Virginia_Beach,first cyclic city after target excluding source and target,f11b278d4d4786ba879a3c1fd50707423d27df4d6be7f681f74b4606e41f2795
Sacramento,Virginia_Beach,Washington_DC,first cyclic city after target excluding source and target,f11b278d4d4786ba879a3c1fd50707423d27df4d6be7f681f74b4606e41f2795
Sacramento,Washington_DC,Wichita,first cyclic city after target excluding source and target,f11b278d4d4786ba879a3c1fd50707423d27df4d6be7f681f74b4606e41f2795
Sacramento,Wichita,Albuquerque,first cyclic city after target excluding source and target,f11b278d4d4786ba879a3c1fd50707423d27df4d6be7f681f74b4606e41f2795
San_Antonio,Albuquerque,Arlington,first cyclic city after target excluding source and target,f11b278d4d4786ba879a3c1fd50707423d27df4d6be7f681f74b4606e41f2795
San_Antonio,Arlington,Atlanta,first cyclic city after target excluding source and target,f11b278d4d4786ba879a3c1fd50707423d27df4d6be7f681f74b4606e41f2795
San_Antonio,Atlanta,Austin,first cyclic city after target excluding source and target,f11b278d4d4786ba879a3c1fd50707423d27df4d6be7f681f74b4606e41f2795
San_Antonio,Austin,Baltimore,first cyclic city after target excluding source and target,f11b278d4d4786ba879a3c1fd50707423d27df4d6be7f681f74b4606e41f2795
San_Antonio,Baltimore,Boston,first cyclic city after target excluding source and target,f11b278d4d4786ba879a3c1fd50707423d27df4d6be7f681f74b4606e41f2795
San_Antonio,Boston,Charlotte,first cyclic city after target excluding source and target,f11b278d4d4786ba879a3c1fd50707423d27df4d6be7f681f74b4606e41f2795
San_Antonio,Charlotte,Chicago,first cyclic city after target excluding source and target,f11b278d4d4786ba879a3c1fd50707423d27df4d6be7f681f74b4606e41f2795
San_Antonio,Chicago,Colorado_Springs,first cyclic city after target excluding source and target,f11b278d4d4786ba879a3c1fd50707423d27df4d6be7f681f74b4606e41f2795
San_Antonio,Colorado_Springs,Columbus,first cyclic city after target excluding source and target,f11b278d4d4786ba879a3c1fd50707423d27df4d6be7f681f74b4606e41f2795
San_Antonio,Columbus,Dallas,first cyclic city after target excluding source and target,f11b278d4d4786ba879a3c1fd50707423d27df4d6be7f681f74b4606e41f2795
San_Antonio,Dallas,Denver,first cyclic city after target excluding source and target,f11b278d4d4786ba879a3c1fd50707423d27df4d6be7f681f74b4606e41f2795
San_Antonio,Denver,Detroit,first cyclic city after target excluding source and target,f11b278d4d4786ba879a3c1fd50707423d27df4d6be7f681f74b4606e41f2795
San_Antonio,Detroit,El_Paso,first cyclic city after target excluding source and target,f11b278d4d4786ba879a3c1fd50707423d27df4d6be7f681f74b4606e41f2795
San_Antonio,El_Paso,Fort_Worth,first cyclic city after target excluding source and target,f11b278d4d4786ba879a3c1fd50707423d27df4d6be7f681f74b4606e41f2795
San_Antonio,Fort_Worth,Fresno,first cyclic city after target excluding source and target,f11b278d4d4786ba879a3c1fd50707423d27df4d6be7f681f74b4606e41f2795
San_Antonio,Fresno,Houston,first cyclic city after target excluding source and target,f11b278d4d4786ba879a3c1fd50707423d27df4d6be7f681f74b4606e41f2795
San_Antonio,Houston,Indianapolis,first cyclic city after target excluding source and target,f11b278d4d4786ba879a3c1fd50707423d27df4d6be7f681f74b4606e41f2795
San_Antonio,Indianapolis,Jacksonville,first cyclic city after target excluding source and target,f11b278d4d4786ba879a3c1fd50707423d27df4d6be7f681f74b4606e41f2795
San_Antonio,Jacksonville,Kansas_City,first cyclic city after target excluding source and target,f11b278d4d4786ba879a3c1fd50707423d27df4d6be7f681f74b4606e41f2795
San_Antonio,Kansas_City,Las_Vegas,first cyclic city after target excluding source and target,f11b278d4d4786ba879a3c1fd50707423d27df4d6be7f681f74b4606e41f2795
San_Antonio,Las_Vegas,Long_Beach,first cyclic city after target excluding source and target,f11b278d4d4786ba879a3c1fd50707423d27df4d6be7f681f74b4606e41f2795
San_Antonio,Long_Beach,Los_Angeles,first cyclic city after target excluding source and target,f11b278d4d4786ba879a3c1fd50707423d27df4d6be7f681f74b4606e41f2795
San_Antonio,Los_Angeles,Louisville,first cyclic city after target excluding source and target,f11b278d4d4786ba879a3c1fd50707423d27df4d6be7f681f74b4606e41f2795
San_Antonio,Louisville,Memphis,first cyclic city after target excluding source and target,f11b278d4d4786ba879a3c1fd50707423d27df4d6be7f681f74b4606e41f2795
San_Antonio,Memphis,Mesa,first cyclic city after target excluding source and target,f11b278d4d4786ba879a3c1fd50707423d27df4d6be7f681f74b4606e41f2795
San_Antonio,Mesa,Miami,first cyclic city after target excluding source and target,f11b278d4d4786ba879a3c1fd50707423d27df4d6be7f681f74b4606e41f2795
San_Antonio,Miami,Milwaukee,first cyclic city after target excluding source and target,f11b278d4d4786ba879a3c1fd50707423d27df4d6be7f681f74b4606e41f2795
San_Antonio,Milwaukee,Minneapolis,first cyclic city after target excluding source and target,f11b278d4d4786ba879a3c1fd50707423d27df4d6be7f681f74b4606e41f2795
San_Antonio,Minneapolis,Nashville,first cyclic city after target excluding source and target,f11b278d4d4786ba879a3c1fd50707423d27df4d6be7f681f74b4606e41f2795
San_Antonio,Nashville,New_York,first cyclic city after target excluding source and target,f11b278d4d4786ba879a3c1fd50707423d27df4d6be7f681f74b4606e41f2795
San_Antonio,New_York,Oakland,first cyclic city after target excluding source and target,f11b278d4d4786ba879a3c1fd50707423d27df4d6be7f681f74b4606e41f2795
San_Antonio,Oakland,Oklahoma_City,first cyclic city after target excluding source and target,f11b278d4d4786ba879a3c1fd50707423d27df4d6be7f681f74b4606e41f2795
San_Antonio,Oklahoma_City,Omaha,first cyclic city after target excluding source and target,f11b278d4d4786ba879a3c1fd50707423d27df4d6be7f681f74b4606e41f2795
San_Antonio,Omaha,Philadelphia,first cyclic city after target excluding source and target,f11b278d4d4786ba879a3c1fd50707423d27df4d6be7f681f74b4606e41f2795
San_Antonio,Philadelphia,Phoenix,first cyclic city after target excluding source and target,f11b278d4d4786ba879a3c1fd50707423d27df4d6be7f681f74b4606e41f2795
San_Antonio,Phoenix,Portland,first cyclic city after target excluding source and target,f11b278d4d4786ba879a3c1fd50707423d27df4d6be7f681f74b4606e41f2795
San_Antonio,Portland,Raleigh,first cyclic city after target excluding source and target,f11b278d4d4786ba879a3c1fd50707423d27df4d6be7f681f74b4606e41f2795
San_Antonio,Raleigh,Sacramento,first cyclic city after target excluding source and target,f11b278d4d4786ba879a3c1fd50707423d27df4d6be7f681f74b4606e41f2795
San_Antonio,Sacramento,San_Diego,first cyclic city after target excluding source and target,f11b278d4d4786ba879a3c1fd50707423d27df4d6be7f681f74b4606e41f2795
San_Antonio,San_Diego,San_Francisco,first cyclic city after target excluding source and target,f11b278d4d4786ba879a3c1fd50707423d27df4d6be7f681f74b4606e41f2795
San_Antonio,San_Francisco,San_Jose,first cyclic city after target excluding source and target,f11b278d4d4786ba879a3c1fd50707423d27df4d6be7f681f74b4606e41f2795
San_Antonio,San_Jose,Seattle,first cyclic city after target excluding source and target,f11b278d4d4786ba879a3c1fd50707423d27df4d6be7f681f74b4606e41f2795
San_Antonio,Seattle,Tampa,first cyclic city after target excluding source and target,f11b278d4d4786ba879a3c1fd50707423d27df4d6be7f681f74b4606e41f2795
San_Antonio,Tampa,Tucson,first cyclic city after target excluding source and target,f11b278d4d4786ba879a3c1fd50707423d27df4d6be7f681f74b4606e41f2795
San_Antonio,Tucson,Tulsa,first cyclic city after target excluding source and target,f11b278d4d4786ba879a3c1fd50707423d27df4d6be7f681f74b4606e41f2795
San_Antonio,Tulsa,Virginia_Beach,first cyclic city after target excluding source and target,f11b278d4d4786ba879a3c1fd50707423d27df4d6be7f681f74b4606e41f2795
San_Antonio,Virginia_Beach,Washington_DC,first cyclic city after target excluding source and target,f11b278d4d4786ba879a3c1fd50707423d27df4d6be7f681f74b4606e41f2795
San_Antonio,Washington_DC,Wichita,first cyclic city after target excluding source and target,f11b278d4d4786ba879a3c1fd50707423d27df4d6be7f681f74b4606e41f2795
San_Antonio,Wichita,Albuquerque,first cyclic city after target excluding source and target,f11b278d4d4786ba879a3c1fd50707423d27df4d6be7f681f74b4606e41f2795
San_Diego,Albuquerque,Arlington,first cyclic city after target excluding source and target,f11b278d4d4786ba879a3c1fd50707423d27df4d6be7f681f74b4606e41f2795
San_Diego,Arlington,Atlanta,first cyclic city after target excluding source and target,f11b278d4d4786ba879a3c1fd50707423d27df4d6be7f681f74b4606e41f2795
San_Diego,Atlanta,Austin,first cyclic city after target excluding source and target,f11b278d4d4786ba879a3c1fd50707423d27df4d6be7f681f74b4606e41f2795
San_Diego,Austin,Baltimore,first cyclic city after target excluding source and target,f11b278d4d4786ba879a3c1fd50707423d27df4d6be7f681f74b4606e41f2795
San_Diego,Baltimore,Boston,first cyclic city after target excluding source and target,f11b278d4d4786ba879a3c1fd50707423d27df4d6be7f681f74b4606e41f2795
San_Diego,Boston,Charlotte,first cyclic city after target excluding source and target,f11b278d4d4786ba879a3c1fd50707423d27df4d6be7f681f74b4606e41f2795
San_Diego,Charlotte,Chicago,first cyclic city after target excluding source and target,f11b278d4d4786ba879a3c1fd50707423d27df4d6be7f681f74b4606e41f2795
San_Diego,Chicago,Colorado_Springs,first cyclic city after target excluding source and target,f11b278d4d4786ba879a3c1fd50707423d27df4d6be7f681f74b4606e41f2795
San_Diego,Colorado_Springs,Columbus,first cyclic city after target excluding source and target,f11b278d4d4786ba879a3c1fd50707423d27df4d6be7f681f74b4606e41f2795
San_Diego,Columbus,Dallas,first cyclic city after target excluding source and target,f11b278d4d4786ba879a3c1fd50707423d27df4d6be7f681f74b4606e41f2795
San_Diego,Dallas,Denver,first cyclic city after target excluding source and target,f11b278d4d4786ba879a3c1fd50707423d27df4d6be7f681f74b4606e41f2795
San_Diego,Denver,Detroit,first cyclic city after target excluding source and target,f11b278d4d4786ba879a3c1fd50707423d27df4d6be7f681f74b4606e41f2795
San_Diego,Detroit,El_Paso,first cyclic city after target excluding source and target,f11b278d4d4786ba879a3c1fd50707423d27df4d6be7f681f74b4606e41f2795
San_Diego,El_Paso,Fort_Worth,first cyclic city after target excluding source and target,f11b278d4d4786ba879a3c1fd50707423d27df4d6be7f681f74b4606e41f2795
San_Diego,Fort_Worth,Fresno,first cyclic city after target excluding source and target,f11b278d4d4786ba879a3c1fd50707423d27df4d6be7f681f74b4606e41f2795
San_Diego,Fresno,Houston,first cyclic city after target excluding source and target,f11b278d4d4786ba879a3c1fd50707423d27df4d6be7f681f74b4606e41f2795
San_Diego,Houston,Indianapolis,first cyclic city after target excluding source and target,f11b278d4d4786ba879a3c1fd50707423d27df4d6be7f681f74b4606e41f2795
San_Diego,Indianapolis,Jacksonville,first cyclic city after target excluding source and target,f11b278d4d4786ba879a3c1fd50707423d27df4d6be7f681f74b4606e41f2795
San_Diego,Jacksonville,Kansas_City,first cyclic city after target excluding source and target,f11b278d4d4786ba879a3c1fd50707423d27df4d6be7f681f74b4606e41f2795
San_Diego,Kansas_City,Las_Vegas,first cyclic city after target excluding source and target,f11b278d4d4786ba879a3c1fd50707423d27df4d6be7f681f74b4606e41f2795
San_Diego,Las_Vegas,Long_Beach,first cyclic city after target excluding source and target,f11b278d4d4786ba879a3c1fd50707423d27df4d6be7f681f74b4606e41f2795
San_Diego,Long_Beach,Los_Angeles,first cyclic city after target excluding source and target,f11b278d4d4786ba879a3c1fd50707423d27df4d6be7f681f74b4606e41f2795
San_Diego,Los_Angeles,Louisville,first cyclic city after target excluding source and target,f11b278d4d4786ba879a3c1fd50707423d27df4d6be7f681f74b4606e41f2795
San_Diego,Louisville,Memphis,first cyclic city after target excluding source and target,f11b278d4d4786ba879a3c1fd50707423d27df4d6be7f681f74b4606e41f2795
San_Diego,Memphis,Mesa,first cyclic city after target excluding source and target,f11b278d4d4786ba879a3c1fd50707423d27df4d6be7f681f74b4606e41f2795
San_Diego,Mesa,Miami,first cyclic city after target excluding source and target,f11b278d4d4786ba879a3c1fd50707423d27df4d6be7f681f74b4606e41f2795
San_Diego,Miami,Milwaukee,first cyclic city after target excluding source and target,f11b278d4d4786ba879a3c1fd50707423d27df4d6be7f681f74b4606e41f2795
San_Diego,Milwaukee,Minneapolis,first cyclic city after target excluding source and target,f11b278d4d4786ba879a3c1fd50707423d27df4d6be7f681f74b4606e41f2795
San_Diego,Minneapolis,Nashville,first cyclic city after target excluding source and target,f11b278d4d4786ba879a3c1fd50707423d27df4d6be7f681f74b4606e41f2795
San_Diego,Nashville,New_York,first cyclic city after target excluding source and target,f11b278d4d4786ba879a3c1fd50707423d27df4d6be7f681f74b4606e41f2795
San_Diego,New_York,Oakland,first cyclic city after target excluding source and target,f11b278d4d4786ba879a3c1fd50707423d27df4d6be7f681f74b4606e41f2795
San_Diego,Oakland,Oklahoma_City,first cyclic city after target excluding source and target,f11b278d4d4786ba879a3c1fd50707423d27df4d6be7f681f74b4606e41f2795
San_Diego,Oklahoma_City,Omaha,first cyclic city after target excluding source and target,f11b278d4d4786ba879a3c1fd50707423d27df4d6be7f681f74b4606e41f2795
San_Diego,Omaha,Philadelphia,first cyclic city after target excluding source and target,f11b278d4d4786ba879a3c1fd50707423d27df4d6be7f681f74b4606e41f2795
San_Diego,Philadelphia,Phoenix,first cyclic city after target excluding source and target,f11b278d4d4786ba879a3c1fd50707423d27df4d6be7f681f74b4606e41f2795
San_Diego,Phoenix,Portland,first cyclic city after target excluding source and target,f11b278d4d4786ba879a3c1fd50707423d27df4d6be7f681f74b4606e41f2795
San_Diego,Portland,Raleigh,first cyclic city after target excluding source and target,f11b278d4d4786ba879a3c1fd50707423d27df4d6be7f681f74b4606e41f2795
San_Diego,Raleigh,Sacramento,first cyclic city after target excluding source and target,f11b278d4d4786ba879a3c1fd50707423d27df4d6be7f681f74b4606e41f2795
San_Diego,Sacramento,San_Antonio,first cyclic city after target excluding source and target,f11b278d4d4786ba879a3c1fd50707423d27df4d6be7f681f74b4606e41f2795
San_Diego,San_Antonio,San_Francisco,first cyclic city after target excluding source and target,f11b278d4d4786ba879a3c1fd50707423d27df4d6be7f681f74b4606e41f2795
San_Diego,San_Francisco,San_Jose,first cyclic city after target excluding source and target,f11b278d4d4786ba879a3c1fd50707423d27df4d6be7f681f74b4606e41f2795
San_Diego,San_Jose,Seattle,first cyclic city after target excluding source and target,f11b278d4d4786ba879a3c1fd50707423d27df4d6be7f681f74b4606e41f2795
San_Diego,Seattle,Tampa,first cyclic city after target excluding source and target,f11b278d4d4786ba879a3c1fd50707423d27df4d6be7f681f74b4606e41f2795
San_Diego,Tampa,Tucson,first cyclic city after target excluding source and target,f11b278d4d4786ba879a3c1fd50707423d27df4d6be7f681f74b4606e41f2795
San_Diego,Tucson,Tulsa,first cyclic city after target excluding source and target,f11b278d4d4786ba879a3c1fd50707423d27df4d6be7f681f74b4606e41f2795
San_Diego,Tulsa,Virginia_Beach,first cyclic city after target excluding source and target,f11b278d4d4786ba879a3c1fd50707423d27df4d6be7f681f74b4606e41f2795
San_Diego,Virginia_Beach,Washington_DC,first cyclic city after target excluding source and target,f11b278d4d4786ba879a3c1fd50707423d27df4d6be7f681f74b4606e41f2795
San_Diego,Washington_DC,Wichita,first cyclic city after target excluding source and target,f11b278d4d4786ba879a3c1fd50707423d27df4d6be7f681f74b4606e41f2795
San_Diego,Wichita,Albuquerque,first cyclic city after target excluding source and target,f11b278d4d4786ba879a3c1fd50707423d27df4d6be7f681f74b4606e41f2795
San_Francisco,Albuquerque,Arlington,first cyclic city after target excluding source and target,f11b278d4d4786ba879a3c1fd50707423d27df4d6be7f681f74b4606e41f2795
San_Francisco,Arlington,Atlanta,first cyclic city after target excluding source and target,f11b278d4d4786ba879a3c1fd50707423d27df4d6be7f681f74b4606e41f2795
San_Francisco,Atlanta,Austin,first cyclic city after target excluding source and target,f11b278d4d4786ba879a3c1fd50707423d27df4d6be7f681f74b4606e41f2795
San_Francisco,Austin,Baltimore,first cyclic city after target excluding source and target,f11b278d4d4786ba879a3c1fd50707423d27df4d6be7f681f74b4606e41f2795
San_Francisco,Baltimore,Boston,first cyclic city after target excluding source and target,f11b278d4d4786ba879a3c1fd50707423d27df4d6be7f681f74b4606e41f2795
San_Francisco,Boston,Charlotte,first cyclic city after target excluding source and target,f11b278d4d4786ba879a3c1fd50707423d27df4d6be7f681f74b4606e41f2795
San_Francisco,Charlotte,Chicago,first cyclic city after target excluding source and target,f11b278d4d4786ba879a3c1fd50707423d27df4d6be7f681f74b4606e41f2795
San_Francisco,Chicago,Colorado_Springs,first cyclic city after target excluding source and target,f11b278d4d4786ba879a3c1fd50707423d27df4d6be7f681f74b4606e41f2795
San_Francisco,Colorado_Springs,Columbus,first cyclic city after target excluding source and target,f11b278d4d4786ba879a3c1fd50707423d27df4d6be7f681f74b4606e41f2795
San_Francisco,Columbus,Dallas,first cyclic city after target excluding source and target,f11b278d4d4786ba879a3c1fd50707423d27df4d6be7f681f74b4606e41f2795
San_Francisco,Dallas,Denver,first cyclic city after target excluding source and target,f11b278d4d4786ba879a3c1fd50707423d27df4d6be7f681f74b4606e41f2795
San_Francisco,Denver,Detroit,first cyclic city after target excluding source and target,f11b278d4d4786ba879a3c1fd50707423d27df4d6be7f681f74b4606e41f2795
San_Francisco,Detroit,El_Paso,first cyclic city after target excluding source and target,f11b278d4d4786ba879a3c1fd50707423d27df4d6be7f681f74b4606e41f2795
San_Francisco,El_Paso,Fort_Worth,first cyclic city after target excluding source and target,f11b278d4d4786ba879a3c1fd50707423d27df4d6be7f681f74b4606e41f2795
San_Francisco,Fort_Worth,Fresno,first cyclic city after target excluding source and target,f11b278d4d4786ba879a3c1fd50707423d27df4d6be7f681f74b4606e41f2795
San_Francisco,Fresno,Houston,first cyclic city after target excluding source and target,f11b278d4d4786ba879a3c1fd50707423d27df4d6be7f681f74b4606e41f2795
San_Francisco,Houston,Indianapolis,first cyclic city after target excluding source and target,f11b278d4d4786ba879a3c1fd50707423d27df4d6be7f681f74b4606e41f2795
San_Francisco,Indianapolis,Jacksonville,first cyclic city after target excluding source and target,f11b278d4d4786ba879a3c1fd50707423d27df4d6be7f681f74b4606e41f2795
San_Francisco,Jacksonville,Kansas_City,first cyclic city after target excluding source and target,f11b278d4d4786ba879a3c1fd50707423d27df4d6be7f681f74b4606e41f2795
San_Francisco,Kansas_City,Las_Vegas,first cyclic city after target excluding source and target,f11b278d4d4786ba879a3c1fd50707423d27df4d6be7f681f74b4606e41f2795
San_Francisco,Las_Vegas,Long_Beach,first cyclic city after target excluding source and target,f11b278d4d4786ba879a3c1fd50707423d27df4d6be7f681f74b4606e41f2795
San_Francisco,Long_Beach,Los_Angeles,first cyclic city after target excluding source and target,f11b278d4d4786ba879a3c1fd50707423d27df4d6be7f681f74b4606e41f2795
San_Francisco,Los_Angeles,Louisville,first cyclic city after target excluding source and target,f11b278d4d4786ba879a3c1fd50707423d27df4d6be7f681f74b4606e41f2795
San_Francisco,Louisville,Memphis,first cyclic city after target excluding source and target,f11b278d4d4786ba879a3c1fd50707423d27df4d6be7f681f74b4606e41f2795
San_Francisco,Memphis,Mesa,first cyclic city after target excluding source and target,f11b278d4d4786ba879a3c1fd50707423d27df4d6be7f681f74b4606e41f2795
San_Francisco,Mesa,Miami,first cyclic city after target excluding source and target,f11b278d4d4786ba879a3c1fd50707423d27df4d6be7f681f74b4606e41f2795
San_Francisco,Miami,Milwaukee,first cyclic city after target excluding source and target,f11b278d4d4786ba879a3c1fd50707423d27df4d6be7f681f74b4606e41f2795
San_Francisco,Milwaukee,Minneapolis,first cyclic city after target excluding source and target,f11b278d4d4786ba879a3c1fd50707423d27df4d6be7f681f74b4606e41f2795
San_Francisco,Minneapolis,Nashville,first cyclic city after target excluding source and target,f11b278d4d4786ba879a3c1fd50707423d27df4d6be7f681f74b4606e41f2795
San_Francisco,Nashville,New_York,first cyclic city after target excluding source and target,f11b278d4d4786ba879a3c1fd50707423d27df4d6be7f681f74b4606e41f2795
San_Francisco,New_York,Oakland,first cyclic city after target excluding source and target,f11b278d4d4786ba879a3c1fd50707423d27df4d6be7f681f74b4606e41f2795
San_Francisco,Oakland,Oklahoma_City,first cyclic city after target excluding source and target,f11b278d4d4786ba879a3c1fd50707423d27df4d6be7f681f74b4606e41f2795
San_Francisco,Oklahoma_City,Omaha,first cyclic city after target excluding source and target,f11b278d4d4786ba879a3c1fd50707423d27df4d6be7f681f74b4606e41f2795
San_Francisco,Omaha,Philadelphia,first cyclic city after target excluding source and target,f11b278d4d4786ba879a3c1fd50707423d27df4d6be7f681f74b4606e41f2795
San_Francisco,Philadelphia,Phoenix,first cyclic city after target excluding source and target,f11b278d4d4786ba879a3c1fd50707423d27df4d6be7f681f74b4606e41f2795
San_Francisco,Phoenix,Portland,first cyclic city after target excluding source and target,f11b278d4d4786ba879a3c1fd50707423d27df4d6be7f681f74b4606e41f2795
San_Francisco,Portland,Raleigh,first cyclic city after target excluding source and target,f11b278d4d4786ba879a3c1fd50707423d27df4d6be7f681f74b4606e41f2795
San_Francisco,Raleigh,Sacramento,first cyclic city after target excluding source and target,f11b278d4d4786ba879a3c1fd50707423d27df4d6be7f681f74b4606e41f2795
San_Francisco,Sacramento,San_Antonio,first cyclic city after target excluding source and target,f11b278d4d4786ba879a3c1fd50707423d27df4d6be7f681f74b4606e41f2795
San_Francisco,San_Antonio,San_Diego,first cyclic city after target excluding source and target,f11b278d4d4786ba879a3c1fd50707423d27df4d6be7f681f74b4606e41f2795
San_Francisco,San_Diego,San_Jose,first cyclic city after target excluding source and target,f11b278d4d4786ba879a3c1fd50707423d27df4d6be7f681f74b4606e41f2795
San_Francisco,San_Jose,Seattle,first cyclic city after target excluding source and target,f11b278d4d4786ba879a3c1fd50707423d27df4d6be7f681f74b4606e41f2795
San_Francisco,Seattle,Tampa,first cyclic city after target excluding source and target,f11b278d4d4786ba879a3c1fd50707423d27df4d6be7f681f74b4606e41f2795
San_Francisco,Tampa,Tucson,first cyclic city after target excluding source and target,f11b278d4d4786ba879a3c1fd50707423d27df4d6be7f681f74b4606e41f2795
San_Francisco,Tucson,Tulsa,first cyclic city after target excluding source and target,f11b278d4d4786ba879a3c1fd50707423d27df4d6be7f681f74b4606e41f2795
San_Francisco,Tulsa,Virginia_Beach,first cyclic city after target excluding source and target,f11b278d4d4786ba879a3c1fd50707423d27df4d6be7f681f74b4606e41f2795
San_Francisco,Virginia_Beach,Washington_DC,first cyclic city after target excluding source and target,f11b278d4d4786ba879a3c1fd50707423d27df4d6be7f681f74b4606e41f2795
San_Francisco,Washington_DC,Wichita,first cyclic city after target excluding source and target,f11b278d4d4786ba879a3c1fd50707423d27df4d6be7f681f74b4606e41f2795
San_Francisco,Wichita,Albuquerque,first cyclic city after target excluding source and target,f11b278d4d4786ba879a3c1fd50707423d27df4d6be7f681f74b4606e41f2795
San_Jose,Albuquerque,Arlington,first cyclic city after target excluding source and target,f11b278d4d4786ba879a3c1fd50707423d27df4d6be7f681f74b4606e41f2795
San_Jose,Arlington,Atlanta,first cyclic city after target excluding source and target,f11b278d4d4786ba879a3c1fd50707423d27df4d6be7f681f74b4606e41f2795
San_Jose,Atlanta,Austin,first cyclic city after target excluding source and target,f11b278d4d4786ba879a3c1fd50707423d27df4d6be7f681f74b4606e41f2795
San_Jose,Austin,Baltimore,first cyclic city after target excluding source and target,f11b278d4d4786ba879a3c1fd50707423d27df4d6be7f681f74b4606e41f2795
San_Jose,Baltimore,Boston,first cyclic city after target excluding source and target,f11b278d4d4786ba879a3c1fd50707423d27df4d6be7f681f74b4606e41f2795
San_Jose,Boston,Charlotte,first cyclic city after target excluding source and target,f11b278d4d4786ba879a3c1fd50707423d27df4d6be7f681f74b4606e41f2795
San_Jose,Charlotte,Chicago,first cyclic city after target excluding source and target,f11b278d4d4786ba879a3c1fd50707423d27df4d6be7f681f74b4606e41f2795
San_Jose,Chicago,Colorado_Springs,first cyclic city after target excluding source and target,f11b278d4d4786ba879a3c1fd50707423d27df4d6be7f681f74b4606e41f2795
San_Jose,Colorado_Springs,Columbus,first cyclic city after target excluding source and target,f11b278d4d4786ba879a3c1fd50707423d27df4d6be7f681f74b4606e41f2795
San_Jose,Columbus,Dallas,first cyclic city after target excluding source and target,f11b278d4d4786ba879a3c1fd50707423d27df4d6be7f681f74b4606e41f2795
San_Jose,Dallas,Denver,first cyclic city after target excluding source and target,f11b278d4d4786ba879a3c1fd50707423d27df4d6be7f681f74b4606e41f2795
San_Jose,Denver,Detroit,first cyclic city after target excluding source and target,f11b278d4d4786ba879a3c1fd50707423d27df4d6be7f681f74b4606e41f2795
San_Jose,Detroit,El_Paso,first cyclic city after target excluding source and target,f11b278d4d4786ba879a3c1fd50707423d27df4d6be7f681f74b4606e41f2795
San_Jose,El_Paso,Fort_Worth,first cyclic city after target excluding source and target,f11b278d4d4786ba879a3c1fd50707423d27df4d6be7f681f74b4606e41f2795
San_Jose,Fort_Worth,Fresno,first cyclic city after target excluding source and target,f11b278d4d4786ba879a3c1fd50707423d27df4d6be7f681f74b4606e41f2795
San_Jose,Fresno,Houston,first cyclic city after target excluding source and target,f11b278d4d4786ba879a3c1fd50707423d27df4d6be7f681f74b4606e41f2795
San_Jose,Houston,Indianapolis,first cyclic city after target excluding source and target,f11b278d4d4786ba879a3c1fd50707423d27df4d6be7f681f74b4606e41f2795
San_Jose,Indianapolis,Jacksonville,first cyclic city after target excluding source and target,f11b278d4d4786ba879a3c1fd50707423d27df4d6be7f681f74b4606e41f2795
San_Jose,Jacksonville,Kansas_City,first cyclic city after target excluding source and target,f11b278d4d4786ba879a3c1fd50707423d27df4d6be7f681f74b4606e41f2795
San_Jose,Kansas_City,Las_Vegas,first cyclic city after target excluding source and target,f11b278d4d4786ba879a3c1fd50707423d27df4d6be7f681f74b4606e41f2795
San_Jose,Las_Vegas,Long_Beach,first cyclic city after target excluding source and target,f11b278d4d4786ba879a3c1fd50707423d27df4d6be7f681f74b4606e41f2795
San_Jose,Long_Beach,Los_Angeles,first cyclic city after target excluding source and target,f11b278d4d4786ba879a3c1fd50707423d27df4d6be7f681f74b4606e41f2795
San_Jose,Los_Angeles,Louisville,first cyclic city after target excluding source and target,f11b278d4d4786ba879a3c1fd50707423d27df4d6be7f681f74b4606e41f2795
San_Jose,Louisville,Memphis,first cyclic city after target excluding source and target,f11b278d4d4786ba879a3c1fd50707423d27df4d6be7f681f74b4606e41f2795
San_Jose,Memphis,Mesa,first cyclic city after target excluding source and target,f11b278d4d4786ba879a3c1fd50707423d27df4d6be7f681f74b4606e41f2795
San_Jose,Mesa,Miami,first cyclic city after target excluding source and target,f11b278d4d4786ba879a3c1fd50707423d27df4d6be7f681f74b4606e41f2795
San_Jose,Miami,Milwaukee,first cyclic city after target excluding source and target,f11b278d4d4786ba879a3c1fd50707423d27df4d6be7f681f74b4606e41f2795
San_Jose,Milwaukee,Minneapolis,first cyclic city after target excluding source and target,f11b278d4d4786ba879a3c1fd50707423d27df4d6be7f681f74b4606e41f2795
San_Jose,Minneapolis,Nashville,first cyclic city after target excluding source and target,f11b278d4d4786ba879a3c1fd50707423d27df4d6be7f681f74b4606e41f2795
San_Jose,Nashville,New_York,first cyclic city after target excluding source and target,f11b278d4d4786ba879a3c1fd50707423d27df4d6be7f681f74b4606e41f2795
San_Jose,New_York,Oakland,first cyclic city after target excluding source and target,f11b278d4d4786ba879a3c1fd50707423d27df4d6be7f681f74b4606e41f2795
San_Jose,Oakland,Oklahoma_City,first cyclic city after target excluding source and target,f11b278d4d4786ba879a3c1fd50707423d27df4d6be7f681f74b4606e41f2795
San_Jose,Oklahoma_City,Omaha,first cyclic city after target excluding source and target,f11b278d4d4786ba879a3c1fd50707423d27df4d6be7f681f74b4606e41f2795
San_Jose,Omaha,Philadelphia,first cyclic city after target excluding source and target,f11b278d4d4786ba879a3c1fd50707423d27df4d6be7f681f74b4606e41f2795
San_Jose,Philadelphia,Phoenix,first cyclic city after target excluding source and target,f11b278d4d4786ba879a3c1fd50707423d27df4d6be7f681f74b4606e41f2795
San_Jose,Phoenix,Portland,first cyclic city after target excluding source and target,f11b278d4d4786ba879a3c1fd50707423d27df4d6be7f681f74b4606e41f2795
San_Jose,Portland,Raleigh,first cyclic city after target excluding source and target,f11b278d4d4786ba879a3c1fd50707423d27df4d6be7f681f74b4606e41f2795
San_Jose,Raleigh,Sacramento,first cyclic city after target excluding source and target,f11b278d4d4786ba879a3c1fd50707423d27df4d6be7f681f74b4606e41f2795
San_Jose,Sacramento,San_Antonio,first cyclic city after target excluding source and target,f11b278d4d4786ba879a3c1fd50707423d27df4d6be7f681f74b4606e41f2795
San_Jose,San_Antonio,San_Diego,first cyclic city after target excluding source and target,f11b278d4d4786ba879a3c1fd50707423d27df4d6be7f681f74b4606e41f2795
San_Jose,San_Diego,San_Francisco,first cyclic city after target excluding source and target,f11b278d4d4786ba879a3c1fd50707423d27df4d6be7f681f74b4606e41f2795
San_Jose,San_Francisco,Seattle,first cyclic city after target excluding source and target,f11b278d4d4786ba879a3c1fd50707423d27df4d6be7f681f74b4606e41f2795
San_Jose,Seattle,Tampa,first cyclic city after target excluding source and target,f11b278d4d4786ba879a3c1fd50707423d27df4d6be7f681f74b4606e41f2795
San_Jose,Tampa,Tucson,first cyclic city after target excluding source and target,f11b278d4d4786ba879a3c1fd50707423d27df4d6be7f681f74b4606e41f2795
San_Jose,Tucson,Tulsa,first cyclic city after target excluding source and target,f11b278d4d4786ba879a3c1fd50707423d27df4d6be7f681f74b4606e41f2795
San_Jose,Tulsa,Virginia_Beach,first cyclic city after target excluding source and target,f11b278d4d4786ba879a3c1fd50707423d27df4d6be7f681f74b4606e41f2795
San_Jose,Virginia_Beach,Washington_DC,first cyclic city after target excluding source and target,f11b278d4d4786ba879a3c1fd50707423d27df4d6be7f681f74b4606e41f2795
San_Jose,Washington_DC,Wichita,first cyclic city after target excluding source and target,f11b278d4d4786ba879a3c1fd50707423d27df4d6be7f681f74b4606e41f2795
San_Jose,Wichita,Albuquerque,first cyclic city after target excluding source and target,f11b278d4d4786ba879a3c1fd50707423d27df4d6be7f681f74b4606e41f2795
Seattle,Albuquerque,Arlington,first cyclic city after target excluding source and target,f11b278d4d4786ba879a3c1fd50707423d27df4d6be7f681f74b4606e41f2795
Seattle,Arlington,Atlanta,first cyclic city after target excluding source and target,f11b278d4d4786ba879a3c1fd50707423d27df4d6be7f681f74b4606e41f2795
Seattle,Atlanta,Austin,first cyclic city after target excluding source and target,f11b278d4d4786ba879a3c1fd50707423d27df4d6be7f681f74b4606e41f2795
Seattle,Austin,Baltimore,first cyclic city after target excluding source and target,f11b278d4d4786ba879a3c1fd50707423d27df4d6be7f681f74b4606e41f2795
Seattle,Baltimore,Boston,first cyclic city after target excluding source and target,f11b278d4d4786ba879a3c1fd50707423d27df4d6be7f681f74b4606e41f2795
Seattle,Boston,Charlotte,first cyclic city after target excluding source and target,f11b278d4d4786ba879a3c1fd50707423d27df4d6be7f681f74b4606e41f2795
Seattle,Charlotte,Chicago,first cyclic city after target excluding source and target,f11b278d4d4786ba879a3c1fd50707423d27df4d6be7f681f74b4606e41f2795
Seattle,Chicago,Colorado_Springs,first cyclic city after target excluding source and target,f11b278d4d4786ba879a3c1fd50707423d27df4d6be7f681f74b4606e41f2795
Seattle,Colorado_Springs,Columbus,first cyclic city after target excluding source and target,f11b278d4d4786ba879a3c1fd50707423d27df4d6be7f681f74b4606e41f2795
Seattle,Columbus,Dallas,first cyclic city after target excluding source and target,f11b278d4d4786ba879a3c1fd50707423d27df4d6be7f681f74b4606e41f2795
Seattle,Dallas,Denver,first cyclic city after target excluding source and target,f11b278d4d4786ba879a3c1fd50707423d27df4d6be7f681f74b4606e41f2795
Seattle,Denver,Detroit,first cyclic city after target excluding source and target,f11b278d4d4786ba879a3c1fd50707423d27df4d6be7f681f74b4606e41f2795
Seattle,Detroit,El_Paso,first cyclic city after target excluding source and target,f11b278d4d4786ba879a3c1fd50707423d27df4d6be7f681f74b4606e41f2795
Seattle,El_Paso,Fort_Worth,first cyclic city after target excluding source and target,f11b278d4d4786ba879a3c1fd50707423d27df4d6be7f681f74b4606e41f2795
Seattle,Fort_Worth,Fresno,first cyclic city after target excluding source and target,f11b278d4d4786ba879a3c1fd50707423d27df4d6be7f681f74b4606e41f2795
Seattle,Fresno,Houston,first cyclic city after target excluding source and target,f11b278d4d4786ba879a3c1fd50707423d27df4d6be7f681f74b4606e41f2795
Seattle,Houston,Indianapolis,first cyclic city after target excluding source and target,f11b278d4d4786ba879a3c1fd50707423d27df4d6be7f681f74b4606e41f2795
Seattle,Indianapolis,Jacksonville,first cyclic city after target excluding source and target,f11b278d4d4786ba879a3c1fd50707423d27df4d6be7f681f74b4606e41f2795
Seattle,Jacksonville,Kansas_City,first cyclic city after target excluding source and target,f11b278d4d4786ba879a3c1fd50707423d27df4d6be7f681f74b4606e41f2795
Seattle,Kansas_City,Las_Vegas,first cyclic city after target excluding source and target,f11b278d4d4786ba879a3c1fd50707423d27df4d6be7f681f74b4606e41f2795
Seattle,Las_Vegas,Long_Beach,first cyclic city after target excluding source and target,f11b278d4d4786ba879a3c1fd50707423d27df4d6be7f681f74b4606e41f2795
Seattle,Long_Beach,Los_Angeles,first cyclic city after target excluding source and target,f11b278d4d4786ba879a3c1fd50707423d27df4d6be7f681f74b4606e41f2795
Seattle,Los_Angeles,Louisville,first cyclic city after target excluding source and target,f11b278d4d4786ba879a3c1fd50707423d27df4d6be7f681f74b4606e41f2795
Seattle,Louisville,Memphis,first cyclic city after target excluding source and target,f11b278d4d4786ba879a3c1fd50707423d27df4d6be7f681f74b4606e41f2795
Seattle,Memphis,Mesa,first cyclic city after target excluding source and target,f11b278d4d4786ba879a3c1fd50707423d27df4d6be7f681f74b4606e41f2795
Seattle,Mesa,Miami,first cyclic city after target excluding source and target,f11b278d4d4786ba879a3c1fd50707423d27df4d6be7f681f74b4606e41f2795
Seattle,Miami,Milwaukee,first cyclic city after target excluding source and target,f11b278d4d4786ba879a3c1fd50707423d27df4d6be7f681f74b4606e41f2795
Seattle,Milwaukee,Minneapolis,first cyclic city after target excluding source and target,f11b278d4d4786ba879a3c1fd50707423d27df4d6be7f681f74b4606e41f2795
Seattle,Minneapolis,Nashville,first cyclic city after target excluding source and target,f11b278d4d4786ba879a3c1fd50707423d27df4d6be7f681f74b4606e41f2795
Seattle,Nashville,New_York,first cyclic city after target excluding source and target,f11b278d4d4786ba879a3c1fd50707423d27df4d6be7f681f74b4606e41f2795
Seattle,New_York,Oakland,first cyclic city after target excluding source and target,f11b278d4d4786ba879a3c1fd50707423d27df4d6be7f681f74b4606e41f2795
Seattle,Oakland,Oklahoma_City,first cyclic city after target excluding source and target,f11b278d4d4786ba879a3c1fd50707423d27df4d6be7f681f74b4606e41f2795
Seattle,Oklahoma_City,Omaha,first cyclic city after target excluding source and target,f11b278d4d4786ba879a3c1fd50707423d27df4d6be7f681f74b4606e41f2795
Seattle,Omaha,Philadelphia,first cyclic city after target excluding source and target,f11b278d4d4786ba879a3c1fd50707423d27df4d6be7f681f74b4606e41f2795
Seattle,Philadelphia,Phoenix,first cyclic city after target excluding source and target,f11b278d4d4786ba879a3c1fd50707423d27df4d6be7f681f74b4606e41f2795
Seattle,Phoenix,Portland,first cyclic city after target excluding source and target,f11b278d4d4786ba879a3c1fd50707423d27df4d6be7f681f74b4606e41f2795
Seattle,Portland,Raleigh,first cyclic city after target excluding source and target,f11b278d4d4786ba879a3c1fd50707423d27df4d6be7f681f74b4606e41f2795
Seattle,Raleigh,Sacramento,first cyclic city after target excluding source and target,f11b278d4d4786ba879a3c1fd50707423d27df4d6be7f681f74b4606e41f2795
Seattle,Sacramento,San_Antonio,first cyclic city after target excluding source and target,f11b278d4d4786ba879a3c1fd50707423d27df4d6be7f681f74b4606e41f2795
Seattle,San_Antonio,San_Diego,first cyclic city after target excluding source and target,f11b278d4d4786ba879a3c1fd50707423d27df4d6be7f681f74b4606e41f2795
Seattle,San_Diego,San_Francisco,first cyclic city after target excluding source and target,f11b278d4d4786ba879a3c1fd50707423d27df4d6be7f681f74b4606e41f2795
Seattle,San_Francisco,San_Jose,first cyclic city after target excluding source and target,f11b278d4d4786ba879a3c1fd50707423d27df4d6be7f681f74b4606e41f2795
Seattle,San_Jose,Tampa,first cyclic city after target excluding source and target,f11b278d4d4786ba879a3c1fd50707423d27df4d6be7f681f74b4606e41f2795
Seattle,Tampa,Tucson,first cyclic city after target excluding source and target,f11b278d4d4786ba879a3c1fd50707423d27df4d6be7f681f74b4606e41f2795
Seattle,Tucson,Tulsa,first cyclic city after target excluding source and target,f11b278d4d4786ba879a3c1fd50707423d27df4d6be7f681f74b4606e41f2795
Seattle,Tulsa,Virginia_Beach,first cyclic city after target excluding source and target,f11b278d4d4786ba879a3c1fd50707423d27df4d6be7f681f74b4606e41f2795
Seattle,Virginia_Beach,Washington_DC,first cyclic city after target excluding source and target,f11b278d4d4786ba879a3c1fd50707423d27df4d6be7f681f74b4606e41f2795
Seattle,Washington_DC,Wichita,first cyclic city after target excluding source and target,f11b278d4d4786ba879a3c1fd50707423d27df4d6be7f681f74b4606e41f2795
Seattle,Wichita,Albuquerque,first cyclic city after target excluding source and target,f11b278d4d4786ba879a3c1fd50707423d27df4d6be7f681f74b4606e41f2795
Tampa,Albuquerque,Arlington,first cyclic city after target excluding source and target,f11b278d4d4786ba879a3c1fd50707423d27df4d6be7f681f74b4606e41f2795
Tampa,Arlington,Atlanta,first cyclic city after target excluding source and target,f11b278d4d4786ba879a3c1fd50707423d27df4d6be7f681f74b4606e41f2795
Tampa,Atlanta,Austin,first cyclic city after target excluding source and target,f11b278d4d4786ba879a3c1fd50707423d27df4d6be7f681f74b4606e41f2795
Tampa,Austin,Baltimore,first cyclic city after target excluding source and target,f11b278d4d4786ba879a3c1fd50707423d27df4d6be7f681f74b4606e41f2795
Tampa,Baltimore,Boston,first cyclic city after target excluding source and target,f11b278d4d4786ba879a3c1fd50707423d27df4d6be7f681f74b4606e41f2795
Tampa,Boston,Charlotte,first cyclic city after target excluding source and target,f11b278d4d4786ba879a3c1fd50707423d27df4d6be7f681f74b4606e41f2795
Tampa,Charlotte,Chicago,first cyclic city after target excluding source and target,f11b278d4d4786ba879a3c1fd50707423d27df4d6be7f681f74b4606e41f2795
Tampa,Chicago,Colorado_Springs,first cyclic city after target excluding source and target,f11b278d4d4786ba879a3c1fd50707423d27df4d6be7f681f74b4606e41f2795
Tampa,Colorado_Springs,Columbus,first cyclic city after target excluding source and target,f11b278d4d4786ba879a3c1fd50707423d27df4d6be7f681f74b4606e41f2795
Tampa,Columbus,Dallas,first cyclic city after target excluding source and target,f11b278d4d4786ba879a3c1fd50707423d27df4d6be7f681f74b4606e41f2795
Tampa,Dallas,Denver,first cyclic city after target excluding source and target,f11b278d4d4786ba879a3c1fd50707423d27df4d6be7f681f74b4606e41f2795
Tampa,Denver,Detroit,first cyclic city after target excluding source and target,f11b278d4d4786ba879a3c1fd50707423d27df4d6be7f681f74b4606e41f2795
Tampa,Detroit,El_Paso,first cyclic city after target excluding source and target,f11b278d4d4786ba879a3c1fd50707423d27df4d6be7f681f74b4606e41f2795
Tampa,El_Paso,Fort_Worth,first cyclic city after target excluding source and target,f11b278d4d4786ba879a3c1fd50707423d27df4d6be7f681f74b4606e41f2795
Tampa,Fort_Worth,Fresno,first cyclic city after target excluding source and target,f11b278d4d4786ba879a3c1fd50707423d27df4d6be7f681f74b4606e41f2795
Tampa,Fresno,Houston,first cyclic city after target excluding source and target,f11b278d4d4786ba879a3c1fd50707423d27df4d6be7f681f74b4606e41f2795
Tampa,Houston,Indianapolis,first cyclic city after target excluding source and target,f11b278d4d4786ba879a3c1fd50707423d27df4d6be7f681f74b4606e41f2795
Tampa,Indianapolis,Jacksonville,first cyclic city after target excluding source and target,f11b278d4d4786ba879a3c1fd50707423d27df4d6be7f681f74b4606e41f2795
Tampa,Jacksonville,Kansas_City,first cyclic city after target excluding source and target,f11b278d4d4786ba879a3c1fd50707423d27df4d6be7f681f74b4606e41f2795
Tampa,Kansas_City,Las_Vegas,first cyclic city after target excluding source and target,f11b278d4d4786ba879a3c1fd50707423d27df4d6be7f681f74b4606e41f2795
Tampa,Las_Vegas,Long_Beach,first cyclic city after target excluding source and target,f11b278d4d4786ba879a3c1fd50707423d27df4d6be7f681f74b4606e41f2795
Tampa,Long_Beach,Los_Angeles,first cyclic city after target excluding source and target,f11b278d4d4786ba879a3c1fd50707423d27df4d6be7f681f74b4606e41f2795
Tampa,Los_Angeles,Louisville,first cyclic city after target excluding source and target,f11b278d4d4786ba879a3c1fd50707423d27df4d6be7f681f74b4606e41f2795
Tampa,Louisville,Memphis,first cyclic city after target excluding source and target,f11b278d4d4786ba879a3c1fd50707423d27df4d6be7f681f74b4606e41f2795
Tampa,Memphis,Mesa,first cyclic city after target excluding source and target,f11b278d4d4786ba879a3c1fd50707423d27df4d6be7f681f74b4606e41f2795
Tampa,Mesa,Miami,first cyclic city after target excluding source and target,f11b278d4d4786ba879a3c1fd50707423d27df4d6be7f681f74b4606e41f2795
Tampa,Miami,Milwaukee,first cyclic city after target excluding source and target,f11b278d4d4786ba879a3c1fd50707423d27df4d6be7f681f74b4606e41f2795
Tampa,Milwaukee,Minneapolis,first cyclic city after target excluding source and target,f11b278d4d4786ba879a3c1fd50707423d27df4d6be7f681f74b4606e41f2795
Tampa,Minneapolis,Nashville,first cyclic city after target excluding source and target,f11b278d4d4786ba879a3c1fd50707423d27df4d6be7f681f74b4606e41f2795
Tampa,Nashville,New_York,first cyclic city after target excluding source and target,f11b278d4d4786ba879a3c1fd50707423d27df4d6be7f681f74b4606e41f2795
Tampa,New_York,Oakland,first cyclic city after target excluding source and target,f11b278d4d4786ba879a3c1fd50707423d27df4d6be7f681f74b4606e41f2795
Tampa,Oakland,Oklahoma_City,first cyclic city after target excluding source and target,f11b278d4d4786ba879a3c1fd50707423d27df4d6be7f681f74b4606e41f2795
Tampa,Oklahoma_City,Omaha,first cyclic city after target excluding source and target,f11b278d4d4786ba879a3c1fd50707423d27df4d6be7f681f74b4606e41f2795
Tampa,Omaha,Philadelphia,first cyclic city after target excluding source and target,f11b278d4d4786ba879a3c1fd50707423d27df4d6be7f681f74b4606e41f2795
Tampa,Philadelphia,Phoenix,first cyclic city after target excluding source and target,f11b278d4d4786ba879a3c1fd50707423d27df4d6be7f681f74b4606e41f2795
Tampa,Phoenix,Portland,first cyclic city after target excluding source and target,f11b278d4d4786ba879a3c1fd50707423d27df4d6be7f681f74b4606e41f2795
Tampa,Portland,Raleigh,first cyclic city after target excluding source and target,f11b278d4d4786ba879a3c1fd50707423d27df4d6be7f681f74b4606e41f2795
Tampa,Raleigh,Sacramento,first cyclic city after target excluding source and target,f11b278d4d4786ba879a3c1fd50707423d27df4d6be7f681f74b4606e41f2795
Tampa,Sacramento,San_Antonio,first cyclic city after target excluding source and target,f11b278d4d4786ba879a3c1fd50707423d27df4d6be7f681f74b4606e41f2795
Tampa,San_Antonio,San_Diego,first cyclic city after target excluding source and target,f11b278d4d4786ba879a3c1fd50707423d27df4d6be7f681f74b4606e41f2795
Tampa,San_Diego,San_Francisco,first cyclic city after target excluding source and target,f11b278d4d4786ba879a3c1fd50707423d27df4d6be7f681f74b4606e41f2795
Tampa,San_Francisco,San_Jose,first cyclic city after target excluding source and target,f11b278d4d4786ba879a3c1fd50707423d27df4d6be7f681f74b4606e41f2795
Tampa,San_Jose,Seattle,first cyclic city after target excluding source and target,f11b278d4d4786ba879a3c1fd50707423d27df4d6be7f681f74b4606e41f2795
Tampa,Seattle,Tucson,first cyclic city after target excluding source and target,f11b278d4d4786ba879a3c1fd50707423d27df4d6be7f681f74b4606e41f2795
Tampa,Tucson,Tulsa,first cyclic city after target excluding source and target,f11b278d4d4786ba879a3c1fd50707423d27df4d6be7f681f74b4606e41f2795
Tampa,Tulsa,Virginia_Beach,first cyclic city after target excluding source and target,f11b278d4d4786ba879a3c1fd50707423d27df4d6be7f681f74b4606e41f2795
Tampa,Virginia_Beach,Washington_DC,first cyclic city after target excluding source and target,f11b278d4d4786ba879a3c1fd50707423d27df4d6be7f681f74b4606e41f2795
Tampa,Washington_DC,Wichita,first cyclic city after target excluding source and target,f11b278d4d4786ba879a3c1fd50707423d27df4d6be7f681f74b4606e41f2795
Tampa,Wichita,Albuquerque,first cyclic city after target excluding source and target,f11b278d4d4786ba879a3c1fd50707423d27df4d6be7f681f74b4606e41f2795
Tucson,Albuquerque,Arlington,first cyclic city after target excluding source and target,f11b278d4d4786ba879a3c1fd50707423d27df4d6be7f681f74b4606e41f2795
Tucson,Arlington,Atlanta,first cyclic city after target excluding source and target,f11b278d4d4786ba879a3c1fd50707423d27df4d6be7f681f74b4606e41f2795
Tucson,Atlanta,Austin,first cyclic city after target excluding source and target,f11b278d4d4786ba879a3c1fd50707423d27df4d6be7f681f74b4606e41f2795
Tucson,Austin,Baltimore,first cyclic city after target excluding source and target,f11b278d4d4786ba879a3c1fd50707423d27df4d6be7f681f74b4606e41f2795
Tucson,Baltimore,Boston,first cyclic city after target excluding source and target,f11b278d4d4786ba879a3c1fd50707423d27df4d6be7f681f74b4606e41f2795
Tucson,Boston,Charlotte,first cyclic city after target excluding source and target,f11b278d4d4786ba879a3c1fd50707423d27df4d6be7f681f74b4606e41f2795
Tucson,Charlotte,Chicago,first cyclic city after target excluding source and target,f11b278d4d4786ba879a3c1fd50707423d27df4d6be7f681f74b4606e41f2795
Tucson,Chicago,Colorado_Springs,first cyclic city after target excluding source and target,f11b278d4d4786ba879a3c1fd50707423d27df4d6be7f681f74b4606e41f2795
Tucson,Colorado_Springs,Columbus,first cyclic city after target excluding source and target,f11b278d4d4786ba879a3c1fd50707423d27df4d6be7f681f74b4606e41f2795
Tucson,Columbus,Dallas,first cyclic city after target excluding source and target,f11b278d4d4786ba879a3c1fd50707423d27df4d6be7f681f74b4606e41f2795
Tucson,Dallas,Denver,first cyclic city after target excluding source and target,f11b278d4d4786ba879a3c1fd50707423d27df4d6be7f681f74b4606e41f2795
Tucson,Denver,Detroit,first cyclic city after target excluding source and target,f11b278d4d4786ba879a3c1fd50707423d27df4d6be7f681f74b4606e41f2795
Tucson,Detroit,El_Paso,first cyclic city after target excluding source and target,f11b278d4d4786ba879a3c1fd50707423d27df4d6be7f681f74b4606e41f2795
Tucson,El_Paso,Fort_Worth,first cyclic city after target excluding source and target,f11b278d4d4786ba879a3c1fd50707423d27df4d6be7f681f74b4606e41f2795
Tucson,Fort_Worth,Fresno,first cyclic city after target excluding source and target,f11b278d4d4786ba879a3c1fd50707423d27df4d6be7f681f74b4606e41f2795
Tucson,Fresno,Houston,first cyclic city after target excluding source and target,f11b278d4d4786ba879a3c1fd50707423d27df4d6be7f681f74b4606e41f2795
Tucson,Houston,Indianapolis,first cyclic city after target excluding source and target,f11b278d4d4786ba879a3c1fd50707423d27df4d6be7f681f74b4606e41f2795
Tucson,Indianapolis,Jacksonville,first cyclic city after target excluding source and target,f11b278d4d4786ba879a3c1fd50707423d27df4d6be7f681f74b4606e41f2795
Tucson,Jacksonville,Kansas_City,first cyclic city after target excluding source and target,f11b278d4d4786ba879a3c1fd50707423d27df4d6be7f681f74b4606e41f2795
Tucson,Kansas_City,Las_Vegas,first cyclic city after target excluding source and target,f11b278d4d4786ba879a3c1fd50707423d27df4d6be7f681f74b4606e41f2795
Tucson,Las_Vegas,Long_Beach,first cyclic city after target excluding source and target,f11b278d4d4786ba879a3c1fd50707423d27df4d6be7f681f74b4606e41f2795
Tucson,Long_Beach,Los_Angeles,first cyclic city after target excluding source and target,f11b278d4d4786ba879a3c1fd50707423d27df4d6be7f681f74b4606e41f2795
Tucson,Los_Angeles,Louisville,first cyclic city after target excluding source and target,f11b278d4d4786ba879a3c1fd50707423d27df4d6be7f681f74b4606e41f2795
Tucson,Louisville,Memphis,first cyclic city after target excluding source and target,f11b278d4d4786ba879a3c1fd50707423d27df4d6be7f681f74b4606e41f2795
Tucson,Memphis,Mesa,first cyclic city after target excluding source and target,f11b278d4d4786ba879a3c1fd50707423d27df4d6be7f681f74b4606e41f2795
Tucson,Mesa,Miami,first cyclic city after target excluding source and target,f11b278d4d4786ba879a3c1fd50707423d27df4d6be7f681f74b4606e41f2795
Tucson,Miami,Milwaukee,first cyclic city after target excluding source and target,f11b278d4d4786ba879a3c1fd50707423d27df4d6be7f681f74b4606e41f2795
Tucson,Milwaukee,Minneapolis,first cyclic city after target excluding source and target,f11b278d4d4786ba879a3c1fd50707423d27df4d6be7f681f74b4606e41f2795
Tucson,Minneapolis,Nashville,first cyclic city after target excluding source and target,f11b278d4d4786ba879a3c1fd50707423d27df4d6be7f681f74b4606e41f2795
Tucson,Nashville,New_York,first cyclic city after target excluding source and target,f11b278d4d4786ba879a3c1fd50707423d27df4d6be7f681f74b4606e41f2795
Tucson,New_York,Oakland,first cyclic city after target excluding source and target,f11b278d4d4786ba879a3c1fd50707423d27df4d6be7f681f74b4606e41f2795
Tucson,Oakland,Oklahoma_City,first cyclic city after target excluding source and target,f11b278d4d4786ba879a3c1fd50707423d27df4d6be7f681f74b4606e41f2795
Tucson,Oklahoma_City,Omaha,first cyclic city after target excluding source and target,f11b278d4d4786ba879a3c1fd50707423d27df4d6be7f681f74b4606e41f2795
Tucson,Omaha,Philadelphia,first cyclic city after target excluding source and target,f11b278d4d4786ba879a3c1fd50707423d27df4d6be7f681f74b4606e41f2795
Tucson,Philadelphia,Phoenix,first cyclic city after target excluding source and target,f11b278d4d4786ba879a3c1fd50707423d27df4d6be7f681f74b4606e41f2795
Tucson,Phoenix,Portland,first cyclic city after target excluding source and target,f11b278d4d4786ba879a3c1fd50707423d27df4d6be7f681f74b4606e41f2795
Tucson,Portland,Raleigh,first cyclic city after target excluding source and target,f11b278d4d4786ba879a3c1fd50707423d27df4d6be7f681f74b4606e41f2795
Tucson,Raleigh,Sacramento,first cyclic city after target excluding source and target,f11b278d4d4786ba879a3c1fd50707423d27df4d6be7f681f74b4606e41f2795
Tucson,Sacramento,San_Antonio,first cyclic city after target excluding source and target,f11b278d4d4786ba879a3c1fd50707423d27df4d6be7f681f74b4606e41f2795
Tucson,San_Antonio,San_Diego,first cyclic city after target excluding source and target,f11b278d4d4786ba879a3c1fd50707423d27df4d6be7f681f74b4606e41f2795
Tucson,San_Diego,San_Francisco,first cyclic city after target excluding source and target,f11b278d4d4786ba879a3c1fd50707423d27df4d6be7f681f74b4606e41f2795
Tucson,San_Francisco,San_Jose,first cyclic city after target excluding source and target,f11b278d4d4786ba879a3c1fd50707423d27df4d6be7f681f74b4606e41f2795
Tucson,San_Jose,Seattle,first cyclic city after target excluding source and target,f11b278d4d4786ba879a3c1fd50707423d27df4d6be7f681f74b4606e41f2795
Tucson,Seattle,Tampa,first cyclic city after target excluding source and target,f11b278d4d4786ba879a3c1fd50707423d27df4d6be7f681f74b4606e41f2795
Tucson,Tampa,Tulsa,first cyclic city after target excluding source and target,f11b278d4d4786ba879a3c1fd50707423d27df4d6be7f681f74b4606e41f2795
Tucson,Tulsa,Virginia_Beach,first cyclic city after target excluding source and target,f11b278d4d4786ba879a3c1fd50707423d27df4d6be7f681f74b4606e41f2795
Tucson,Virginia_Beach,Washington_DC,first cyclic city after target excluding source and target,f11b278d4d4786ba879a3c1fd50707423d27df4d6be7f681f74b4606e41f2795
Tucson,Washington_DC,Wichita,first cyclic city after target excluding source and target,f11b278d4d4786ba879a3c1fd50707423d27df4d6be7f681f74b4606e41f2795
Tucson,Wichita,Albuquerque,first cyclic city after target excluding source and target,f11b278d4d4786ba879a3c1fd50707423d27df4d6be7f681f74b4606e41f2795
Tulsa,Albuquerque,Arlington,first cyclic city after target excluding source and target,f11b278d4d4786ba879a3c1fd50707423d27df4d6be7f681f74b4606e41f2795
Tulsa,Arlington,Atlanta,first cyclic city after target excluding source and target,f11b278d4d4786ba879a3c1fd50707423d27df4d6be7f681f74b4606e41f2795
Tulsa,Atlanta,Austin,first cyclic city after target excluding source and target,f11b278d4d4786ba879a3c1fd50707423d27df4d6be7f681f74b4606e41f2795
Tulsa,Austin,Baltimore,first cyclic city after target excluding source and target,f11b278d4d4786ba879a3c1fd50707423d27df4d6be7f681f74b4606e41f2795
Tulsa,Baltimore,Boston,first cyclic city after target excluding source and target,f11b278d4d4786ba879a3c1fd50707423d27df4d6be7f681f74b4606e41f2795
Tulsa,Boston,Charlotte,first cyclic city after target excluding source and target,f11b278d4d4786ba879a3c1fd50707423d27df4d6be7f681f74b4606e41f2795
Tulsa,Charlotte,Chicago,first cyclic city after target excluding source and target,f11b278d4d4786ba879a3c1fd50707423d27df4d6be7f681f74b4606e41f2795
Tulsa,Chicago,Colorado_Springs,first cyclic city after target excluding source and target,f11b278d4d4786ba879a3c1fd50707423d27df4d6be7f681f74b4606e41f2795
Tulsa,Colorado_Springs,Columbus,first cyclic city after target excluding source and target,f11b278d4d4786ba879a3c1fd50707423d27df4d6be7f681f74b4606e41f2795
Tulsa,Columbus,Dallas,first cyclic city after target excluding source and target,f11b278d4d4786ba879a3c1fd50707423d27df4d6be7f681f74b4606e41f2795
Tulsa,Dallas,Denver,first cyclic city after target excluding source and target,f11b278d4d4786ba879a3c1fd50707423d27df4d6be7f681f74b4606e41f2795
Tulsa,Denver,Detroit,first cyclic city after target excluding source and target,f11b278d4d4786ba879a3c1fd50707423d27df4d6be7f681f74b4606e41f2795
Tulsa,Detroit,El_Paso,first cyclic city after target excluding source and target,f11b278d4d4786ba879a3c1fd50707423d27df4d6be7f681f74b4606e41f2795
Tulsa,El_Paso,Fort_Worth,first cyclic city after target excluding source and target,f11b278d4d4786ba879a3c1fd50707423d27df4d6be7f681f74b4606e41f2795
Tulsa,Fort_Worth,Fresno,first cyclic city after target excluding source and target,f11b278d4d4786ba879a3c1fd50707423d27df4d6be7f681f74b4606e41f2795
Tulsa,Fresno,Houston,first cyclic city after target excluding source and target,f11b278d4d4786ba879a3c1fd50707423d27df4d6be7f681f74b4606e41f2795
Tulsa,Houston,Indianapolis,first cyclic city after target excluding source and target,f11b278d4d4786ba879a3c1fd50707423d27df4d6be7f681f74b4606e41f2795
Tulsa,Indianapolis,Jacksonville,first cyclic city after target excluding source and target,f11b278d4d4786ba879a3c1fd50707423d27df4d6be7f681f74b4606e41f2795
Tulsa,Jacksonville,Kansas_City,first cyclic city after target excluding source and target,f11b278d4d4786ba879a3c1fd50707423d27df4d6be7f681f74b4606e41f2795
Tulsa,Kansas_City,Las_Vegas,first cyclic city after target excluding source and target,f11b278d4d4786ba879a3c1fd50707423d27df4d6be7f681f74b4606e41f2795
Tulsa,Las_Vegas,Long_Beach,first cyclic city after target excluding source and target,f11b278d4d4786ba879a3c1fd50707423d27df4d6be7f681f74b4606e41f2795
Tulsa,Long_Beach,Los_Angeles,first cyclic city after target excluding source and target,f11b278d4d4786ba879a3c1fd50707423d27df4d6be7f681f74b4606e41f2795
Tulsa,Los_Angeles,Louisville,first cyclic city after target excluding source and target,f11b278d4d4786ba879a3c1fd50707423d27df4d6be7f681f74b4606e41f2795
Tulsa,Louisville,Memphis,first cyclic city after target excluding source and target,f11b278d4d4786ba879a3c1fd50707423d27df4d6be7f681f74b4606e41f2795
Tulsa,Memphis,Mesa,first cyclic city after target excluding source and target,f11b278d4d4786ba879a3c1fd50707423d27df4d6be7f681f74b4606e41f2795
Tulsa,Mesa,Miami,first cyclic city after target excluding source and target,f11b278d4d4786ba879a3c1fd50707423d27df4d6be7f681f74b4606e41f2795
Tulsa,Miami,Milwaukee,first cyclic city after target excluding source and target,f11b278d4d4786ba879a3c1fd50707423d27df4d6be7f681f74b4606e41f2795
Tulsa,Milwaukee,Minneapolis,first cyclic city after target excluding source and target,f11b278d4d4786ba879a3c1fd50707423d27df4d6be7f681f74b4606e41f2795
Tulsa,Minneapolis,Nashville,first cyclic city after target excluding source and target,f11b278d4d4786ba879a3c1fd50707423d27df4d6be7f681f74b4606e41f2795
Tulsa,Nashville,New_York,first cyclic city after target excluding source and target,f11b278d4d4786ba879a3c1fd50707423d27df4d6be7f681f74b4606e41f2795
Tulsa,New_York,Oakland,first cyclic city after target excluding source and target,f11b278d4d4786ba879a3c1fd50707423d27df4d6be7f681f74b4606e41f2795
Tulsa,Oakland,Oklahoma_City,first cyclic city after target excluding source and target,f11b278d4d4786ba879a3c1fd50707423d27df4d6be7f681f74b4606e41f2795
Tulsa,Oklahoma_City,Omaha,first cyclic city after target excluding source and target,f11b278d4d4786ba879a3c1fd50707423d27df4d6be7f681f74b4606e41f2795
Tulsa,Omaha,Philadelphia,first cyclic city after target excluding source and target,f11b278d4d4786ba879a3c1fd50707423d27df4d6be7f681f74b4606e41f2795
Tulsa,Philadelphia,Phoenix,first cyclic city after target excluding source and target,f11b278d4d4786ba879a3c1fd50707423d27df4d6be7f681f74b4606e41f2795
Tulsa,Phoenix,Portland,first cyclic city after target excluding source and target,f11b278d4d4786ba879a3c1fd50707423d27df4d6be7f681f74b4606e41f2795
Tulsa,Portland,Raleigh,first cyclic city after target excluding source and target,f11b278d4d4786ba879a3c1fd50707423d27df4d6be7f681f74b4606e41f2795
Tulsa,Raleigh,Sacramento,first cyclic city after target excluding source and target,f11b278d4d4786ba879a3c1fd50707423d27df4d6be7f681f74b4606e41f2795
Tulsa,Sacramento,San_Antonio,first cyclic city after target excluding source and target,f11b278d4d4786ba879a3c1fd50707423d27df4d6be7f681f74b4606e41f2795
Tulsa,San_Antonio,San_Diego,first cyclic city after target excluding source and target,f11b278d4d4786ba879a3c1fd50707423d27df4d6be7f681f74b4606e41f2795
Tulsa,San_Diego,San_Francisco,first cyclic city after target excluding source and target,f11b278d4d4786ba879a3c1fd50707423d27df4d6be7f681f74b4606e41f2795
Tulsa,San_Francisco,San_Jose,first cyclic city after target excluding source and target,f11b278d4d4786ba879a3c1fd50707423d27df4d6be7f681f74b4606e41f2795
Tulsa,San_Jose,Seattle,first cyclic city after target excluding source and target,f11b278d4d4786ba879a3c1fd50707423d27df4d6be7f681f74b4606e41f2795
Tulsa,Seattle,Tampa,first cyclic city after target excluding source and target,f11b278d4d4786ba879a3c1fd50707423d27df4d6be7f681f74b4606e41f2795
Tulsa,Tampa,Tucson,first cyclic city after target excluding source and target,f11b278d4d4786ba879a3c1fd50707423d27df4d6be7f681f74b4606e41f2795
Tulsa,Tucson,Virginia_Beach,first cyclic city after target excluding source and target,f11b278d4d4786ba879a3c1fd50707423d27df4d6be7f681f74b4606e41f2795
Tulsa,Virginia_Beach,Washington_DC,first cyclic city after target excluding source and target,f11b278d4d4786ba879a3c1fd50707423d27df4d6be7f681f74b4606e41f2795
Tulsa,Washington_DC,Wichita,first cyclic city after target excluding source and target,f11b278d4d4786ba879a3c1fd50707423d27df4d6be7f681f74b4606e41f2795
Tulsa,Wichita,Albuquerque,first cyclic city after target excluding source and target,f11b278d4d4786ba879a3c1fd50707423d27df4d6be7f681f74b4606e41f2795
Virginia_Beach,Albuquerque,Arlington,first cyclic city after target excluding source and target,f11b278d4d4786ba879a3c1fd50707423d27df4d6be7f681f74b4606e41f2795
Virginia_Beach,Arlington,Atlanta,first cyclic city after target excluding source and target,f11b278d4d4786ba879a3c1fd50707423d27df4d6be7f681f74b4606e41f2795
Virginia_Beach,Atlanta,Austin,first cyclic city after target excluding source and target,f11b278d4d4786ba879a3c1fd50707423d27df4d6be7f681f74b4606e41f2795
Virginia_Beach,Austin,Baltimore,first cyclic city after target excluding source and target,f11b278d4d4786ba879a3c1fd50707423d27df4d6be7f681f74b4606e41f2795
Virginia_Beach,Baltimore,Boston,first cyclic city after target excluding source and target,f11b278d4d4786ba879a3c1fd50707423d27df4d6be7f681f74b4606e41f2795
Virginia_Beach,Boston,Charlotte,first cyclic city after target excluding source and target,f11b278d4d4786ba879a3c1fd50707423d27df4d6be7f681f74b4606e41f2795
Virginia_Beach,Charlotte,Chicago,first cyclic city after target excluding source and target,f11b278d4d4786ba879a3c1fd50707423d27df4d6be7f681f74b4606e41f2795
Virginia_Beach,Chicago,Colorado_Springs,first cyclic city after target excluding source and target,f11b278d4d4786ba879a3c1fd50707423d27df4d6be7f681f74b4606e41f2795
Virginia_Beach,Colorado_Springs,Columbus,first cyclic city after target excluding source and target,f11b278d4d4786ba879a3c1fd50707423d27df4d6be7f681f74b4606e41f2795
Virginia_Beach,Columbus,Dallas,first cyclic city after target excluding source and target,f11b278d4d4786ba879a3c1fd50707423d27df4d6be7f681f74b4606e41f2795
Virginia_Beach,Dallas,Denver,first cyclic city after target excluding source and target,f11b278d4d4786ba879a3c1fd50707423d27df4d6be7f681f74b4606e41f2795
Virginia_Beach,Denver,Detroit,first cyclic city after target excluding source and target,f11b278d4d4786ba879a3c1fd50707423d27df4d6be7f681f74b4606e41f2795
Virginia_Beach,Detroit,El_Paso,first cyclic city after target excluding source and target,f11b278d4d4786ba879a3c1fd50707423d27df4d6be7f681f74b4606e41f2795
Virginia_Beach,El_Paso,Fort_Worth,first cyclic city after target excluding source and target,f11b278d4d4786ba879a3c1fd50707423d27df4d6be7f681f74b4606e41f2795
Virginia_Beach,Fort_Worth,Fresno,first cyclic city after target excluding source and target,f11b278d4d4786ba879a3c1fd50707423d27df4d6be7f681f74b4606e41f2795
Virginia_Beach,Fresno,Houston,first cyclic city after target excluding source and target,f11b278d4d4786ba879a3c1fd50707423d27df4d6be7f681f74b4606e41f2795
Virginia_Beach,Houston,Indianapolis,first cyclic city after target excluding source and target,f11b278d4d4786ba879a3c1fd50707423d27df4d6be7f681f74b4606e41f2795
Virginia_Beach,Indianapolis,Jacksonville,first cyclic city after target excluding source and target,f11b278d4d4786ba879a3c1fd50707423d27df4d6be7f681f74b4606e41f2795
Virginia_Beach,Jacksonville,Kansas_City,first cyclic city after target excluding source and target,f11b278d4d4786ba879a3c1fd50707423d27df4d6be7f681f74b4606e41f2795
Virginia_Beach,Kansas_City,Las_Vegas,first cyclic city after target excluding source and target,f11b278d4d4786ba879a3c1fd50707423d27df4d6be7f681f74b4606e41f2795
Virginia_Beach,Las_Vegas,Long_Beach,first cyclic city after target excluding source and target,f11b278d4d4786ba879a3c1fd50707423d27df4d6be7f681f74b4606e41f2795
Virginia_Beach,Long_Beach,Los_Angeles,first cyclic city after target excluding source and target,f11b278d4d4786ba879a3c1fd50707423d27df4d6be7f681f74b4606e41f2795
Virginia_Beach,Los_Angeles,Louisville,first cyclic city after target excluding source and target,f11b278d4d4786ba879a3c1fd50707423d27df4d6be7f681f74b4606e41f2795
Virginia_Beach,Louisville,Memphis,first cyclic city after target excluding source and target,f11b278d4d4786ba879a3c1fd50707423d27df4d6be7f681f74b4606e41f2795
Virginia_Beach,Memphis,Mesa,first cyclic city after target excluding source and target,f11b278d4d4786ba879a3c1fd50707423d27df4d6be7f681f74b4606e41f2795
Virginia_Beach,Mesa,Miami,first cyclic city after target excluding source and target,f11b278d4d4786ba879a3c1fd50707423d27df4d6be7f681f74b4606e41f2795
Virginia_Beach,Miami,Milwaukee,first cyclic city after target excluding source and target,f11b278d4d4786ba879a3c1fd50707423d27df4d6be7f681f74b4606e41f2795
Virginia_Beach,Milwaukee,Minneapolis,first cyclic city after target excluding source and target,f11b278d4d4786ba879a3c1fd50707423d27df4d6be7f681f74b4606e41f2795
Virginia_Beach,Minneapolis,Nashville,first cyclic city after target excluding source and target,f11b278d4d4786ba879a3c1fd50707423d27df4d6be7f681f74b4606e41f2795
Virginia_Beach,Nashville,New_York,first cyclic city after target excluding source and target,f11b278d4d4786ba879a3c1fd50707423d27df4d6be7f681f74b4606e41f2795
Virginia_Beach,New_York,Oakland,first cyclic city after target excluding source and target,f11b278d4d4786ba879a3c1fd50707423d27df4d6be7f681f74b4606e41f2795
Virginia_Beach,Oakland,Oklahoma_City,first cyclic city after target excluding source and target,f11b278d4d4786ba879a3c1fd50707423d27df4d6be7f681f74b4606e41f2795
Virginia_Beach,Oklahoma_City,Omaha,first cyclic city after target excluding source and target,f11b278d4d4786ba879a3c1fd50707423d27df4d6be7f681f74b4606e41f2795
Virginia_Beach,Omaha,Philadelphia,first cyclic city after target excluding source and target,f11b278d4d4786ba879a3c1fd50707423d27df4d6be7f681f74b4606e41f2795
Virginia_Beach,Philadelphia,Phoenix,first cyclic city after target excluding source and target,f11b278d4d4786ba879a3c1fd50707423d27df4d6be7f681f74b4606e41f2795
Virginia_Beach,Phoenix,Portland,first cyclic city after target excluding source and target,f11b278d4d4786ba879a3c1fd50707423d27df4d6be7f681f74b4606e41f2795
Virginia_Beach,Portland,Raleigh,first cyclic city after target excluding source and target,f11b278d4d4786ba879a3c1fd50707423d27df4d6be7f681f74b4606e41f2795
Virginia_Beach,Raleigh,Sacramento,first cyclic city after target excluding source and target,f11b278d4d4786ba879a3c1fd50707423d27df4d6be7f681f74b4606e41f2795
Virginia_Beach,Sacramento,San_Antonio,first cyclic city after target excluding source and target,f11b278d4d4786ba879a3c1fd50707423d27df4d6be7f681f74b4606e41f2795
Virginia_Beach,San_Antonio,San_Diego,first cyclic city after target excluding source and target,f11b278d4d4786ba879a3c1fd50707423d27df4d6be7f681f74b4606e41f2795
Virginia_Beach,San_Diego,San_Francisco,first cyclic city after target excluding source and target,f11b278d4d4786ba879a3c1fd50707423d27df4d6be7f681f74b4606e41f2795
Virginia_Beach,San_Francisco,San_Jose,first cyclic city after target excluding source and target,f11b278d4d4786ba879a3c1fd50707423d27df4d6be7f681f74b4606e41f2795
Virginia_Beach,San_Jose,Seattle,first cyclic city after target excluding source and target,f11b278d4d4786ba879a3c1fd50707423d27df4d6be7f681f74b4606e41f2795
Virginia_Beach,Seattle,Tampa,first cyclic city after target excluding source and target,f11b278d4d4786ba879a3c1fd50707423d27df4d6be7f681f74b4606e41f2795
Virginia_Beach,Tampa,Tucson,first cyclic city after target excluding source and target,f11b278d4d4786ba879a3c1fd50707423d27df4d6be7f681f74b4606e41f2795
Virginia_Beach,Tucson,Tulsa,first cyclic city after target excluding source and target,f11b278d4d4786ba879a3c1fd50707423d27df4d6be7f681f74b4606e41f2795
Virginia_Beach,Tulsa,Washington_DC,first cyclic city after target excluding source and target,f11b278d4d4786ba879a3c1fd50707423d27df4d6be7f681f74b4606e41f2795
Virginia_Beach,Washington_DC,Wichita,first cyclic city after target excluding source and target,f11b278d4d4786ba879a3c1fd50707423d27df4d6be7f681f74b4606e41f2795
Virginia_Beach,Wichita,Albuquerque,first cyclic city after target excluding source and target,f11b278d4d4786ba879a3c1fd50707423d27df4d6be7f681f74b4606e41f2795
Washington_DC,Albuquerque,Arlington,first cyclic city after target excluding source and target,f11b278d4d4786ba879a3c1fd50707423d27df4d6be7f681f74b4606e41f2795
Washington_DC,Arlington,Atlanta,first cyclic city after target excluding source and target,f11b278d4d4786ba879a3c1fd50707423d27df4d6be7f681f74b4606e41f2795
Washington_DC,Atlanta,Austin,first cyclic city after target excluding source and target,f11b278d4d4786ba879a3c1fd50707423d27df4d6be7f681f74b4606e41f2795
Washington_DC,Austin,Baltimore,first cyclic city after target excluding source and target,f11b278d4d4786ba879a3c1fd50707423d27df4d6be7f681f74b4606e41f2795
Washington_DC,Baltimore,Boston,first cyclic city after target excluding source and target,f11b278d4d4786ba879a3c1fd50707423d27df4d6be7f681f74b4606e41f2795
Washington_DC,Boston,Charlotte,first cyclic city after target excluding source and target,f11b278d4d4786ba879a3c1fd50707423d27df4d6be7f681f74b4606e41f2795
Washington_DC,Charlotte,Chicago,first cyclic city after target excluding source and target,f11b278d4d4786ba879a3c1fd50707423d27df4d6be7f681f74b4606e41f2795
Washington_DC,Chicago,Colorado_Springs,first cyclic city after target excluding source and target,f11b278d4d4786ba879a3c1fd50707423d27df4d6be7f681f74b4606e41f2795
Washington_DC,Colorado_Springs,Columbus,first cyclic city after target excluding source and target,f11b278d4d4786ba879a3c1fd50707423d27df4d6be7f681f74b4606e41f2795
Washington_DC,Columbus,Dallas,first cyclic city after target excluding source and target,f11b278d4d4786ba879a3c1fd50707423d27df4d6be7f681f74b4606e41f2795
Washington_DC,Dallas,Denver,first cyclic city after target excluding source and target,f11b278d4d4786ba879a3c1fd50707423d27df4d6be7f681f74b4606e41f2795
Washington_DC,Denver,Detroit,first cyclic city after target excluding source and target,f11b278d4d4786ba879a3c1fd50707423d27df4d6be7f681f74b4606e41f2795
Washington_DC,Detroit,El_Paso,first cyclic city after target excluding source and target,f11b278d4d4786ba879a3c1fd50707423d27df4d6be7f681f74b4606e41f2795
Washington_DC,El_Paso,Fort_Worth,first cyclic city after target excluding source and target,f11b278d4d4786ba879a3c1fd50707423d27df4d6be7f681f74b4606e41f2795
Washington_DC,Fort_Worth,Fresno,first cyclic city after target excluding source and target,f11b278d4d4786ba879a3c1fd50707423d27df4d6be7f681f74b4606e41f2795
Washington_DC,Fresno,Houston,first cyclic city after target excluding source and target,f11b278d4d4786ba879a3c1fd50707423d27df4d6be7f681f74b4606e41f2795
Washington_DC,Houston,Indianapolis,first cyclic city after target excluding source and target,f11b278d4d4786ba879a3c1fd50707423d27df4d6be7f681f74b4606e41f2795
Washington_DC,Indianapolis,Jacksonville,first cyclic city after target excluding source and target,f11b278d4d4786ba879a3c1fd50707423d27df4d6be7f681f74b4606e41f2795
Washington_DC,Jacksonville,Kansas_City,first cyclic city after target excluding source and target,f11b278d4d4786ba879a3c1fd50707423d27df4d6be7f681f74b4606e41f2795
Washington_DC,Kansas_City,Las_Vegas,first cyclic city after target excluding source and target,f11b278d4d4786ba879a3c1fd50707423d27df4d6be7f681f74b4606e41f2795
Washington_DC,Las_Vegas,Long_Beach,first cyclic city after target excluding source and target,f11b278d4d4786ba879a3c1fd50707423d27df4d6be7f681f74b4606e41f2795
Washington_DC,Long_Beach,Los_Angeles,first cyclic city after target excluding source and target,f11b278d4d4786ba879a3c1fd50707423d27df4d6be7f681f74b4606e41f2795
Washington_DC,Los_Angeles,Louisville,first cyclic city after target excluding source and target,f11b278d4d4786ba879a3c1fd50707423d27df4d6be7f681f74b4606e41f2795
Washington_DC,Louisville,Memphis,first cyclic city after target excluding source and target,f11b278d4d4786ba879a3c1fd50707423d27df4d6be7f681f74b4606e41f2795
Washington_DC,Memphis,Mesa,first cyclic city after target excluding source and target,f11b278d4d4786ba879a3c1fd50707423d27df4d6be7f681f74b4606e41f2795
Washington_DC,Mesa,Miami,first cyclic city after target excluding source and target,f11b278d4d4786ba879a3c1fd50707423d27df4d6be7f681f74b4606e41f2795
Washington_DC,Miami,Milwaukee,first cyclic city after target excluding source and target,f11b278d4d4786ba879a3c1fd50707423d27df4d6be7f681f74b4606e41f2795
Washington_DC,Milwaukee,Minneapolis,first cyclic city after target excluding source and target,f11b278d4d4786ba879a3c1fd50707423d27df4d6be7f681f74b4606e41f2795
Washington_DC,Minneapolis,Nashville,first cyclic city after target excluding source and target,f11b278d4d4786ba879a3c1fd50707423d27df4d6be7f681f74b4606e41f2795
Washington_DC,Nashville,New_York,first cyclic city after target excluding source and target,f11b278d4d4786ba879a3c1fd50707423d27df4d6be7f681f74b4606e41f2795
Washington_DC,New_York,Oakland,first cyclic city after target excluding source and target,f11b278d4d4786ba879a3c1fd50707423d27df4d6be7f681f74b4606e41f2795
Washington_DC,Oakland,Oklahoma_City,first cyclic city after target excluding source and target,f11b278d4d4786ba879a3c1fd50707423d27df4d6be7f681f74b4606e41f2795
Washington_DC,Oklahoma_City,Omaha,first cyclic city after target excluding source and target,f11b278d4d4786ba879a3c1fd50707423d27df4d6be7f681f74b4606e41f2795
Washington_DC,Omaha,Philadelphia,first cyclic city after target excluding source and target,f11b278d4d4786ba879a3c1fd50707423d27df4d6be7f681f74b4606e41f2795
Washington_DC,Philadelphia,Phoenix,first cyclic city after target excluding source and target,f11b278d4d4786ba879a3c1fd50707423d27df4d6be7f681f74b4606e41f2795
Washington_DC,Phoenix,Portland,first cyclic city after target excluding source and target,f11b278d4d4786ba879a3c1fd50707423d27df4d6be7f681f74b4606e41f2795
Washington_DC,Portland,Raleigh,first cyclic city after target excluding source and target,f11b278d4d4786ba879a3c1fd50707423d27df4d6be7f681f74b4606e41f2795
Washington_DC,Raleigh,Sacramento,first cyclic city after target excluding source and target,f11b278d4d4786ba879a3c1fd50707423d27df4d6be7f681f74b4606e41f2795
Washington_DC,Sacramento,San_Antonio,first cyclic city after target excluding source and target,f11b278d4d4786ba879a3c1fd50707423d27df4d6be7f681f74b4606e41f2795
Washington_DC,San_Antonio,San_Diego,first cyclic city after target excluding source and target,f11b278d4d4786ba879a3c1fd50707423d27df4d6be7f681f74b4606e41f2795
Washington_DC,San_Diego,San_Francisco,first cyclic city after target excluding source and target,f11b278d4d4786ba879a3c1fd50707423d27df4d6be7f681f74b4606e41f2795
Washington_DC,San_Francisco,San_Jose,first cyclic city after target excluding source and target,f11b278d4d4786ba879a3c1fd50707423d27df4d6be7f681f74b4606e41f2795
Washington_DC,San_Jose,Seattle,first cyclic city after target excluding source and target,f11b278d4d4786ba879a3c1fd50707423d27df4d6be7f681f74b4606e41f2795
Washington_DC,Seattle,Tampa,first cyclic city after target excluding source and target,f11b278d4d4786ba879a3c1fd50707423d27df4d6be7f681f74b4606e41f2795
Washington_DC,Tampa,Tucson,first cyclic city after target excluding source and target,f11b278d4d4786ba879a3c1fd50707423d27df4d6be7f681f74b4606e41f2795
Washington_DC,Tucson,Tulsa,first cyclic city after target excluding source and target,f11b278d4d4786ba879a3c1fd50707423d27df4d6be7f681f74b4606e41f2795
Washington_DC,Tulsa,Virginia_Beach,first cyclic city after target excluding source and target,f11b278d4d4786ba879a3c1fd50707423d27df4d6be7f681f74b4606e41f2795
Washington_DC,Virginia_Beach,Wichita,first cyclic city after target excluding source and target,f11b278d4d4786ba879a3c1fd50707423d27df4d6be7f681f74b4606e41f2795
Washington_DC,Wichita,Albuquerque,first cyclic city after target excluding source and target,f11b278d4d4786ba879a3c1fd50707423d27df4d6be7f681f74b4606e41f2795
Wichita,Albuquerque,Arlington,first cyclic city after target excluding source and target,f11b278d4d4786ba879a3c1fd50707423d27df4d6be7f681f74b4606e41f2795
Wichita,Arlington,Atlanta,first cyclic city after target excluding source and target,f11b278d4d4786ba879a3c1fd50707423d27df4d6be7f681f74b4606e41f2795
Wichita,Atlanta,Austin,first cyclic city after target excluding source and target,f11b278d4d4786ba879a3c1fd50707423d27df4d6be7f681f74b4606e41f2795
Wichita,Austin,Baltimore,first cyclic city after target excluding source and target,f11b278d4d4786ba879a3c1fd50707423d27df4d6be7f681f74b4606e41f2795
Wichita,Baltimore,Boston,first cyclic city after target excluding source and target,f11b278d4d4786ba879a3c1fd50707423d27df4d6be7f681f74b4606e41f2795
Wichita,Boston,Charlotte,first cyclic city after target excluding source and target,f11b278d4d4786ba879a3c1fd50707423d27df4d6be7f681f74b4606e41f2795
Wichita,Charlotte,Chicago,first cyclic city after target excluding source and target,f11b278d4d4786ba879a3c1fd50707423d27df4d6be7f681f74b4606e41f2795
Wichita,Chicago,Colorado_Springs,first cyclic city after target excluding source and target,f11b278d4d4786ba879a3c1fd50707423d27df4d6be7f681f74b4606e41f2795
Wichita,Colorado_Springs,Columbus,first cyclic city after target excluding source and target,f11b278d4d4786ba879a3c1fd50707423d27df4d6be7f681f74b4606e41f2795
Wichita,Columbus,Dallas,first cyclic city after target excluding source and target,f11b278d4d4786ba879a3c1fd50707423d27df4d6be7f681f74b4606e41f2795
Wichita,Dallas,Denver,first cyclic city after target excluding source and target,f11b278d4d4786ba879a3c1fd50707423d27df4d6be7f681f74b4606e41f2795
Wichita,Denver,Detroit,first cyclic city after target excluding source and target,f11b278d4d4786ba879a3c1fd50707423d27df4d6be7f681f74b4606e41f2795
Wichita,Detroit,El_Paso,first cyclic city after target excluding source and target,f11b278d4d4786ba879a3c1fd50707423d27df4d6be7f681f74b4606e41f2795
Wichita,El_Paso,Fort_Worth,first cyclic city after target excluding source and target,f11b278d4d4786ba879a3c1fd50707423d27df4d6be7f681f74b4606e41f2795
Wichita,Fort_Worth,Fresno,first cyclic city after target excluding source and target,f11b278d4d4786ba879a3c1fd50707423d27df4d6be7f681f74b4606e41f2795
Wichita,Fresno,Houston,first cyclic city after target excluding source and target,f11b278d4d4786ba879a3c1fd50707423d27df4d6be7f681f74b4606e41f2795
Wichita,Houston,Indianapolis,first cyclic city after target excluding source and target,f11b278d4d4786ba879a3c1fd50707423d27df4d6be7f681f74b4606e41f2795
Wichita,Indianapolis,Jacksonville,first cyclic city after target excluding source and target,f11b278d4d4786ba879a3c1fd50707423d27df4d6be7f681f74b4606e41f2795
Wichita,Jacksonville,Kansas_City,first cyclic city after target excluding source and target,f11b278d4d4786ba879a3c1fd50707423d27df4d6be7f681f74b4606e41f2795
Wichita,Kansas_City,Las_Vegas,first cyclic city after target excluding source and target,f11b278d4d4786ba879a3c1fd50707423d27df4d6be7f681f74b4606e41f2795
Wichita,Las_Vegas,Long_Beach,first cyclic city after target excluding source and target,f11b278d4d4786ba879a3c1fd50707423d27df4d6be7f681f74b4606e41f2795
Wichita,Long_Beach,Los_Angeles,first cyclic city after target excluding source and target,f11b278d4d4786ba879a3c1fd50707423d27df4d6be7f681f74b4606e41f2795
Wichita,Los_Angeles,Louisville,first cyclic city after target excluding source and target,f11b278d4d4786ba879a3c1fd50707423d27df4d6be7f681f74b4606e41f2795
Wichita,Louisville,Memphis,first cyclic city after target excluding source and target,f11b278d4d4786ba879a3c1fd50707423d27df4d6be7f681f74b4606e41f2795
Wichita,Memphis,Mesa,first cyclic city after target excluding source and target,f11b278d4d4786ba879a3c1fd50707423d27df4d6be7f681f74b4606e41f2795
Wichita,Mesa,Miami,first cyclic city after target excluding source and target,f11b278d4d4786ba879a3c1fd50707423d27df4d6be7f681f74b4606e41f2795
Wichita,Miami,Milwaukee,first cyclic city after target excluding source and target,f11b278d4d4786ba879a3c1fd50707423d27df4d6be7f681f74b4606e41f2795
Wichita,Milwaukee,Minneapolis,first cyclic city after target excluding source and target,f11b278d4d4786ba879a3c1fd50707423d27df4d6be7f681f74b4606e41f2795
Wichita,Minneapolis,Nashville,first cyclic city after target excluding source and target,f11b278d4d4786ba879a3c1fd50707423d27df4d6be7f681f74b4606e41f2795
Wichita,Nashville,New_York,first cyclic city after target excluding source and target,f11b278d4d4786ba879a3c1fd50707423d27df4d6be7f681f74b4606e41f2795
Wichita,New_York,Oakland,first cyclic city after target excluding source and target,f11b278d4d4786ba879a3c1fd50707423d27df4d6be7f681f74b4606e41f2795
Wichita,Oakland,Oklahoma_City,first cyclic city after target excluding source and target,f11b278d4d4786ba879a3c1fd50707423d27df4d6be7f681f74b4606e41f2795
Wichita,Oklahoma_City,Omaha,first cyclic city after target excluding source and target,f11b278d4d4786ba879a3c1fd50707423d27df4d6be7f681f74b4606e41f2795
Wichita,Omaha,Philadelphia,first cyclic city after target excluding source and target,f11b278d4d4786ba879a3c1fd50707423d27df4d6be7f681f74b4606e41f2795
Wichita,Philadelphia,Phoenix,first cyclic city after target excluding source and target,f11b278d4d4786ba879a3c1fd50707423d27df4d6be7f681f74b4606e41f2795
Wichita,Phoenix,Portland,first cyclic city after target excluding source and target,f11b278d4d4786ba879a3c1fd50707423d27df4d6be7f681f74b4606e41f2795
Wichita,Portland,Raleigh,first cyclic city after target excluding source and target,f11b278d4d4786ba879a3c1fd50707423d27df4d6be7f681f74b4606e41f2795
Wichita,Raleigh,Sacramento,first cyclic city after target excluding source and target,f11b278d4d4786ba879a3c1fd50707423d27df4d6be7f681f74b4606e41f2795
Wichita,Sacramento,San_Antonio,first cyclic city after target excluding source and target,f11b278d4d4786ba879a3c1fd50707423d27df4d6be7f681f74b4606e41f2795
Wichita,San_Antonio,San_Diego,first cyclic city after target excluding source and target,f11b278d4d4786ba879a3c1fd50707423d27df4d6be7f681f74b4606e41f2795
Wichita,San_Diego,San_Francisco,first cyclic city after target excluding source and target,f11b278d4d4786ba879a3c1fd50707423d27df4d6be7f681f74b4606e41f2795
Wichita,San_Francisco,San_Jose,first cyclic city after target excluding source and target,f11b278d4d4786ba879a3c1fd50707423d27df4d6be7f681f74b4606e41f2795
Wichita,San_Jose,Seattle,first cyclic city after target excluding source and target,f11b278d4d4786ba879a3c1fd50707423d27df4d6be7f681f74b4606e41f2795
Wichita,Seattle,Tampa,first cyclic city after target excluding source and target,f11b278d4d4786ba879a3c1fd50707423d27df4d6be7f681f74b4606e41f2795
Wichita,Tampa,Tucson,first cyclic city after target excluding source and target,f11b278d4d4786ba879a3c1fd50707423d27df4d6be7f681f74b4606e41f2795
Wichita,Tucson,Tulsa,first cyclic city after target excluding source and target,f11b278d4d4786ba879a3c1fd50707423d27df4d6be7f681f74b4606e41f2795
Wichita,Tulsa,Virginia_Beach,first cyclic city after target excluding source and target,f11b278d4d4786ba879a3c1fd50707423d27df4d6be7f681f74b4606e41f2795
Wichita,Virginia_Beach,Washington_DC,first cyclic city after target excluding source and target,f11b278d4d4786ba879a3c1fd50707423d27df4d6be7f681f74b4606e41f2795
Wichita,Washington_DC,Albuquerque,first cyclic city after target excluding source and target,f11b278d4d4786ba879a3c1fd50707423d27df4d6be7f681f74b4606e41f2795
